-- MySQL dump 10.13  Distrib 5.7.20, for Win64 (x86_64)
--
-- Host: localhost    Database: ruoyi
-- ------------------------------------------------------
-- Server version	5.7.20

/*!40101 SET @OLD_CHARACTER_SET_CLIENT=@@CHARACTER_SET_CLIENT */;
/*!40101 SET @OLD_CHARACTER_SET_RESULTS=@@CHARACTER_SET_RESULTS */;
/*!40101 SET @OLD_COLLATION_CONNECTION=@@COLLATION_CONNECTION */;
/*!40101 SET NAMES utf8 */;
/*!40103 SET @OLD_TIME_ZONE=@@TIME_ZONE */;
/*!40103 SET TIME_ZONE='+00:00' */;
/*!40014 SET @OLD_UNIQUE_CHECKS=@@UNIQUE_CHECKS, UNIQUE_CHECKS=0 */;
/*!40014 SET @OLD_FOREIGN_KEY_CHECKS=@@FOREIGN_KEY_CHECKS, FOREIGN_KEY_CHECKS=0 */;
/*!40101 SET @OLD_SQL_MODE=@@SQL_MODE, SQL_MODE='NO_AUTO_VALUE_ON_ZERO' */;
/*!40111 SET @OLD_SQL_NOTES=@@SQL_NOTES, SQL_NOTES=0 */;

--
-- Table structure for table `districts`
--

DROP TABLE IF EXISTS `districts`;
/*!40101 SET @saved_cs_client     = @@character_set_client */;
/*!40101 SET character_set_client = utf8 */;
CREATE TABLE `districts` (
  `id` int(6) unsigned NOT NULL COMMENT '编号',
  `pid` int(6) NOT NULL DEFAULT '0' COMMENT '上级编号',
  `deep` tinyint(1) NOT NULL DEFAULT '0' COMMENT '层级',
  `name` varchar(32) NOT NULL DEFAULT '' COMMENT '名称',
  `pinyin` varchar(64) DEFAULT NULL COMMENT '拼音',
  `pinyin_shor` varchar(64) DEFAULT '' COMMENT '拼音缩写',
  `ext_name` varchar(64) DEFAULT '' COMMENT '扩展名',
  `create_time` datetime DEFAULT NULL COMMENT '创建时间',
  `update_time` datetime DEFAULT NULL COMMENT '更新时间',
  `operator` varchar(32) DEFAULT '' COMMENT '操作人',
  PRIMARY KEY (`id`)
) ENGINE=InnoDB DEFAULT CHARSET=utf8mb4 COMMENT='地区';
/*!40101 SET character_set_client = @saved_cs_client */;

--
-- Dumping data for table `districts`
--

LOCK TABLES `districts` WRITE;
/*!40000 ALTER TABLE `districts` DISABLE KEYS */;
INSERT INTO `districts` VALUES (11,0,0,'北京','bei jing','bej','北京市','2018-12-19 14:26:58','2018-12-19 15:02:37','admin'),(12,0,0,'天津','tian jin','tij','天津市','2018-12-19 14:26:58','2018-12-19 14:26:58','admin'),(13,0,0,'河北','he bei','heb','河北省','2018-12-19 14:26:58','2018-12-19 14:26:58','admin'),(14,0,0,'山西','shan xi','shx','山西省','2018-12-19 14:26:58','2018-12-19 14:26:58','admin'),(15,0,0,'内蒙古','nei meng gu','nemg','内蒙古自治区','2018-12-19 14:26:58','2018-12-19 14:26:58','admin'),(21,0,0,'辽宁','liao ning','lin','辽宁省','2018-12-19 14:26:58','2018-12-19 14:26:58','admin'),(22,0,0,'吉林','ji lin','jil','吉林省','2018-12-19 14:26:58','2018-12-19 14:26:58','admin'),(23,0,0,'黑龙江','hei long jiang','helj','黑龙江省','2018-12-19 14:26:58','2018-12-19 14:26:58','admin'),(31,0,0,'上海','shang hai','shh','上海市','2018-12-19 14:26:58','2018-12-19 14:26:58','admin'),(32,0,0,'江苏','jiang su','jis','江苏省','2018-12-19 14:26:58','2018-12-19 14:26:58','admin'),(33,0,0,'浙江','zhe jiang','zhj','浙江省','2018-12-19 14:26:58','2018-12-19 14:26:58','admin'),(34,0,0,'安徽','an hui','anh','安徽省','2018-12-19 14:26:58','2018-12-19 14:26:58','admin'),(35,0,0,'福建','fu jian','fuj','福建省','2018-12-19 14:26:58','2018-12-19 14:26:58','admin'),(36,0,0,'江西','jiang xi','jix','江西省','2018-12-19 14:26:58','2018-12-19 14:26:58','admin'),(37,0,0,'山东','shan dong','shd','山东省','2018-12-19 14:26:58','2018-12-19 14:26:58','admin'),(41,0,0,'河南','he nan','hen','河南省','2018-12-19 14:26:58','2018-12-19 14:26:58','admin'),(42,0,0,'湖北','hu bei','hub','湖北省','2018-12-19 14:26:58','2018-12-19 14:26:58','admin'),(43,0,0,'湖南','hu nan','hun','湖南省','2018-12-19 14:26:58','2018-12-19 14:26:58','admin'),(44,0,0,'广东','guang dong','gud','广东省','2018-12-19 14:26:58','2018-12-19 14:26:58','admin'),(45,0,0,'广西','guang xi','gux','广西壮族自治区','2018-12-19 14:26:58','2018-12-19 14:26:58','admin'),(46,0,0,'海南','hai nan','han','海南省','2018-12-19 14:26:58','2018-12-19 14:26:58','admin'),(50,0,0,'重庆','chong qing','chq','重庆市','2018-12-19 14:26:58','2018-12-19 14:26:58','admin'),(51,0,0,'四川','si chuan','sic','四川省','2018-12-19 14:26:58','2018-12-19 14:26:58','admin'),(52,0,0,'贵州','gui zhou','guz','贵州省','2018-12-19 14:26:58','2018-12-19 14:26:58','admin'),(53,0,0,'云南','yun nan','yun','云南省','2018-12-19 14:26:58','2018-12-19 14:26:58','admin'),(54,0,0,'西藏','xi zang','xiz','西藏自治区','2018-12-19 14:26:58','2018-12-19 14:26:58','admin'),(61,0,0,'陕西','shan xi','shx','陕西省','2018-12-19 14:26:58','2018-12-19 14:26:58','admin'),(62,0,0,'甘肃','gan su','gas','甘肃省','2018-12-19 14:26:58','2018-12-19 14:26:58','admin'),(63,0,0,'青海','qing hai','qih','青海省','2018-12-19 14:26:58','2018-12-19 14:26:58','admin'),(64,0,0,'宁夏','ning xia','nix','宁夏回族自治区','2018-12-19 14:26:58','2018-12-19 14:26:58','admin'),(65,0,0,'新疆','xin jiang','xij','新疆维吾尔自治区','2018-12-19 14:26:58','2018-12-19 14:26:58','admin'),(90,0,0,'港澳台','~0','~0','','2018-12-19 14:26:58','2018-12-19 14:26:58','admin'),(91,0,0,'海外','~1','~1','','2018-12-19 14:26:58','2018-12-19 14:26:58','admin'),(1101,11,1,'北京','bei jing','bej','市辖区','2018-12-19 14:26:58','2018-12-19 15:06:10','admin'),(1201,12,1,'天津','tian jin','tij','市辖区','2018-12-19 14:26:58','2018-12-19 14:26:58','admin'),(1301,13,1,'石家庄','shi jia zhuang','shjz','石家庄市','2018-12-19 14:26:58','2018-12-19 14:26:58','admin'),(1302,13,1,'唐山','tang shan','tas','唐山市','2018-12-19 14:26:58','2018-12-19 14:26:58','admin'),(1303,13,1,'秦皇岛','qin huang dao','qihd','秦皇岛市','2018-12-19 14:26:58','2018-12-19 14:26:58','admin'),(1304,13,1,'邯郸','han dan','had','邯郸市','2018-12-19 14:26:58','2018-12-19 14:26:58','admin'),(1305,13,1,'邢台','xing tai','xit','邢台市','2018-12-19 14:26:58','2018-12-19 14:26:58','admin'),(1306,13,1,'保定','bao ding','bad','保定市','2018-12-19 14:26:58','2018-12-19 14:26:58','admin'),(1307,13,1,'张家口','zhang jia kou','zhjk','张家口市','2018-12-19 14:26:58','2018-12-19 14:26:58','admin'),(1308,13,1,'承德','cheng de','chd','承德市','2018-12-19 14:26:58','2018-12-19 14:26:58','admin'),(1309,13,1,'沧州','cang zhou','caz','沧州市','2018-12-19 14:26:58','2018-12-19 14:26:58','admin'),(1310,13,1,'廊坊','lang fang','laf','廊坊市','2018-12-19 14:26:58','2018-12-19 14:26:58','admin'),(1311,13,1,'衡水','heng shui','hes','衡水市','2018-12-19 14:26:58','2018-12-19 14:26:58','admin'),(1401,14,1,'太原','tai yuan','tay','太原市','2018-12-19 14:26:58','2018-12-19 14:26:58','admin'),(1402,14,1,'大同','da tong','dat','大同市','2018-12-19 14:26:58','2018-12-19 14:26:58','admin'),(1403,14,1,'阳泉','yang quan','yaq','阳泉市','2018-12-19 14:26:58','2018-12-19 14:26:58','admin'),(1404,14,1,'长治','chang zhi','chz','长治市','2018-12-19 14:26:58','2018-12-19 14:26:58','admin'),(1405,14,1,'晋城','jin cheng','jic','晋城市','2018-12-19 14:26:58','2018-12-19 14:26:58','admin'),(1406,14,1,'朔州','shuo zhou','shz','朔州市','2018-12-19 14:26:58','2018-12-19 14:26:58','admin'),(1407,14,1,'晋中','jin zhong','jiz','晋中市','2018-12-19 14:26:58','2018-12-19 14:26:58','admin'),(1408,14,1,'运城','yun cheng','yuc','运城市','2018-12-19 14:26:58','2018-12-19 14:26:58','admin'),(1409,14,1,'忻州','xin zhou','xiz','忻州市','2018-12-19 14:26:58','2018-12-19 14:26:58','admin'),(1410,14,1,'临汾','lin fen','lif','临汾市','2018-12-19 14:26:58','2018-12-19 14:26:58','admin'),(1411,14,1,'吕梁','lv liang','lvl','吕梁市','2018-12-19 14:26:58','2018-12-19 14:26:58','admin'),(1501,15,1,'呼和浩特','hu he hao te','huhh','呼和浩特市','2018-12-19 14:26:58','2018-12-19 14:26:58','admin'),(1502,15,1,'包头','bao tou','bat','包头市','2018-12-19 14:26:58','2018-12-19 14:26:58','admin'),(1503,15,1,'乌海','wu hai','wuh','乌海市','2018-12-19 14:26:58','2018-12-19 14:26:58','admin'),(1504,15,1,'赤峰','chi feng','chf','赤峰市','2018-12-19 14:26:58','2018-12-19 14:26:58','admin'),(1505,15,1,'通辽','tong liao','tol','通辽市','2018-12-19 14:26:58','2018-12-19 14:26:58','admin'),(1506,15,1,'鄂尔多斯','e er duo si','eed','鄂尔多斯市','2018-12-19 14:26:58','2018-12-19 14:26:58','admin'),(1507,15,1,'呼伦贝尔','hu lun bei er','hulb','呼伦贝尔市','2018-12-19 14:26:58','2018-12-19 14:26:58','admin'),(1508,15,1,'巴彦淖尔','ba yan nao er','bayn','巴彦淖尔市','2018-12-19 14:26:58','2018-12-19 14:26:58','admin'),(1509,15,1,'乌兰察布','wu lan cha bu','wulc','乌兰察布市','2018-12-19 14:26:58','2018-12-19 14:26:58','admin'),(1522,15,1,'兴安盟','xing an meng','xiam','兴安盟','2018-12-19 14:26:58','2018-12-19 14:26:58','admin'),(1525,15,1,'锡林郭勒盟','xi lin guo le meng','xilg','锡林郭勒盟','2018-12-19 14:26:58','2018-12-19 14:26:58','admin'),(1529,15,1,'阿拉善盟','a la shan meng','als','阿拉善盟','2018-12-19 14:26:58','2018-12-19 14:26:58','admin'),(2101,21,1,'沈阳','shen yang','shy','沈阳市','2018-12-19 14:26:58','2018-12-19 14:26:58','admin'),(2102,21,1,'大连','da lian','dal','大连市','2018-12-19 14:26:58','2018-12-19 14:26:58','admin'),(2103,21,1,'鞍山','an shan','ans','鞍山市','2018-12-19 14:26:58','2018-12-19 14:26:58','admin'),(2104,21,1,'抚顺','fu shun','fus','抚顺市','2018-12-19 14:26:58','2018-12-19 14:26:58','admin'),(2105,21,1,'本溪','ben xi','bex','本溪市','2018-12-19 14:26:58','2018-12-19 14:26:58','admin'),(2106,21,1,'丹东','dan dong','dad','丹东市','2018-12-19 14:26:58','2018-12-19 14:26:58','admin'),(2107,21,1,'锦州','jin zhou','jiz','锦州市','2018-12-19 14:26:58','2018-12-19 14:26:58','admin'),(2108,21,1,'营口','ying kou','yik','营口市','2018-12-19 14:26:58','2018-12-19 14:26:58','admin'),(2109,21,1,'阜新','fu xin','fux','阜新市','2018-12-19 14:26:58','2018-12-19 14:26:58','admin'),(2110,21,1,'辽阳','liao yang','liy','辽阳市','2018-12-19 14:26:58','2018-12-19 14:26:58','admin'),(2111,21,1,'盘锦','pan jin','paj','盘锦市','2018-12-19 14:26:58','2018-12-19 14:26:58','admin'),(2112,21,1,'铁岭','tie ling','til','铁岭市','2018-12-19 14:26:58','2018-12-19 14:26:58','admin'),(2113,21,1,'朝阳','chao yang','chy','朝阳市','2018-12-19 14:26:58','2018-12-19 14:26:58','admin'),(2114,21,1,'葫芦岛','hu lu dao','huld','葫芦岛市','2018-12-19 14:26:58','2018-12-19 14:26:58','admin'),(2201,22,1,'长春','chang chun','chc','长春市','2018-12-19 14:26:58','2018-12-19 14:26:58','admin'),(2202,22,1,'吉林','ji lin','jil','吉林市','2018-12-19 14:26:58','2018-12-19 14:26:58','admin'),(2203,22,1,'四平','si ping','sip','四平市','2018-12-19 14:26:58','2018-12-19 14:26:58','admin'),(2204,22,1,'辽源','liao yuan','liy','辽源市','2018-12-19 14:26:58','2018-12-19 14:26:58','admin'),(2205,22,1,'通化','tong hua','toh','通化市','2018-12-19 14:26:58','2018-12-19 14:26:58','admin'),(2206,22,1,'白山','bai shan','bas','白山市','2018-12-19 14:26:58','2018-12-19 14:26:58','admin'),(2207,22,1,'松原','song yuan','soy','松原市','2018-12-19 14:26:58','2018-12-19 14:26:58','admin'),(2208,22,1,'白城','bai cheng','bac','白城市','2018-12-19 14:26:58','2018-12-19 14:26:58','admin'),(2224,22,1,'延边朝鲜族自治州','yan bian chao xian zu zi zhi zhou','yabc','延边朝鲜族自治州','2018-12-19 14:26:58','2018-12-19 14:26:58','admin'),(2301,23,1,'哈尔滨','ha er bin','haeb','哈尔滨市','2018-12-19 14:26:58','2018-12-19 14:26:58','admin'),(2302,23,1,'齐齐哈尔','qi qi ha er','qiqh','齐齐哈尔市','2018-12-19 14:26:58','2018-12-19 14:26:58','admin'),(2303,23,1,'鸡西','ji xi','jix','鸡西市','2018-12-19 14:26:58','2018-12-19 14:26:58','admin'),(2304,23,1,'鹤岗','he gang','heg','鹤岗市','2018-12-19 14:26:58','2018-12-19 14:26:58','admin'),(2305,23,1,'双鸭山','shuang ya shan','shys','双鸭山市','2018-12-19 14:26:58','2018-12-19 14:26:58','admin'),(2306,23,1,'大庆','da qing','daq','大庆市','2018-12-19 14:26:58','2018-12-19 14:26:58','admin'),(2307,23,1,'伊春','yi chun','yic','伊春市','2018-12-19 14:26:58','2018-12-19 14:26:58','admin'),(2308,23,1,'佳木斯','jia mu si','jims','佳木斯市','2018-12-19 14:26:58','2018-12-19 14:26:58','admin'),(2309,23,1,'七台河','qi tai he','qith','七台河市','2018-12-19 14:26:58','2018-12-19 14:26:58','admin'),(2310,23,1,'牡丹江','mu dan jiang','mudj','牡丹江市','2018-12-19 14:26:58','2018-12-19 14:26:58','admin'),(2311,23,1,'黑河','hei he','heh','黑河市','2018-12-19 14:26:58','2018-12-19 14:26:58','admin'),(2312,23,1,'绥化','sui hua','suh','绥化市','2018-12-19 14:26:58','2018-12-19 14:26:58','admin'),(2327,23,1,'大兴安岭地区','da xing an ling di qu','daxa','大兴安岭地区','2018-12-19 14:26:58','2018-12-19 14:26:58','admin'),(3101,31,1,'上海','shang hai','shh','市辖区','2018-12-19 14:26:58','2018-12-19 14:26:58','admin'),(3201,32,1,'南京','nan jing','naj','南京市','2018-12-19 14:26:58','2018-12-19 14:26:58','admin'),(3202,32,1,'无锡','wu xi','wux','无锡市','2018-12-19 14:26:58','2018-12-19 14:26:58','admin'),(3203,32,1,'徐州','xu zhou','xuz','徐州市','2018-12-19 14:26:58','2018-12-19 14:26:58','admin'),(3204,32,1,'常州','chang zhou','chz','常州市','2018-12-19 14:26:58','2018-12-19 14:26:58','admin'),(3205,32,1,'苏州','su zhou','suz','苏州市','2018-12-19 14:26:58','2018-12-19 14:26:58','admin'),(3206,32,1,'南通','nan tong','nat','南通市','2018-12-19 14:26:58','2018-12-19 14:26:58','admin'),(3207,32,1,'连云港','lian yun gang','liyg','连云港市','2018-12-19 14:26:58','2018-12-19 14:26:58','admin'),(3208,32,1,'淮安','huai an','hua','淮安市','2018-12-19 14:26:58','2018-12-19 14:26:58','admin'),(3209,32,1,'盐城','yan cheng','yac','盐城市','2018-12-19 14:26:58','2018-12-19 14:26:58','admin'),(3210,32,1,'扬州','yang zhou','yaz','扬州市','2018-12-19 14:26:58','2018-12-19 14:26:58','admin'),(3211,32,1,'镇江','zhen jiang','zhj','镇江市','2018-12-19 14:26:58','2018-12-19 14:26:58','admin'),(3212,32,1,'泰州','tai zhou','taz','泰州市','2018-12-19 14:26:58','2018-12-19 14:26:58','admin'),(3213,32,1,'宿迁','su qian','suq','宿迁市','2018-12-19 14:26:58','2018-12-19 14:26:58','admin'),(3301,33,1,'杭州','hang zhou','haz','杭州市','2018-12-19 14:26:58','2018-12-19 14:26:58','admin'),(3302,33,1,'宁波','ning bo','nib','宁波市','2018-12-19 14:26:58','2018-12-19 14:26:58','admin'),(3303,33,1,'温州','wen zhou','wez','温州市','2018-12-19 14:26:58','2018-12-19 14:26:58','admin'),(3304,33,1,'嘉兴','jia xing','jix','嘉兴市','2018-12-19 14:26:58','2018-12-19 14:26:58','admin'),(3305,33,1,'湖州','hu zhou','huz','湖州市','2018-12-19 14:26:58','2018-12-19 14:26:58','admin'),(3306,33,1,'绍兴','shao xing','shx','绍兴市','2018-12-19 14:26:58','2018-12-19 14:26:58','admin'),(3307,33,1,'金华','jin hua','jih','金华市','2018-12-19 14:26:58','2018-12-19 14:26:58','admin'),(3308,33,1,'衢州','qu zhou','quz','衢州市','2018-12-19 14:26:58','2018-12-19 14:26:58','admin'),(3309,33,1,'舟山','zhou shan','zhs','舟山市','2018-12-19 14:26:58','2018-12-19 14:26:58','admin'),(3310,33,1,'台州','tai zhou','taz','台州市','2018-12-19 14:26:58','2018-12-19 14:26:58','admin'),(3311,33,1,'丽水','li shui','lis','丽水市','2018-12-19 14:26:58','2018-12-19 14:26:58','admin'),(3401,34,1,'合肥','he fei','hef','合肥市','2018-12-19 14:26:58','2018-12-19 14:26:58','admin'),(3402,34,1,'芜湖','wu hu','wuh','芜湖市','2018-12-19 14:26:58','2018-12-19 14:26:58','admin'),(3403,34,1,'蚌埠','beng bu','beb','蚌埠市','2018-12-19 14:26:58','2018-12-19 14:26:58','admin'),(3404,34,1,'淮南','huai nan','hun','淮南市','2018-12-19 14:26:58','2018-12-19 14:26:58','admin'),(3405,34,1,'马鞍山','ma an shan','maas','马鞍山市','2018-12-19 14:26:58','2018-12-19 14:26:58','admin'),(3406,34,1,'淮北','huai bei','hub','淮北市','2018-12-19 14:26:58','2018-12-19 14:26:58','admin'),(3407,34,1,'铜陵','tong ling','tol','铜陵市','2018-12-19 14:26:58','2018-12-19 14:26:58','admin'),(3408,34,1,'安庆','an qing','anq','安庆市','2018-12-19 14:26:58','2018-12-19 14:26:58','admin'),(3410,34,1,'黄山','huang shan','hus','黄山市','2018-12-19 14:26:58','2018-12-19 14:26:58','admin'),(3411,34,1,'滁州','chu zhou','chz','滁州市','2018-12-19 14:26:58','2018-12-19 14:26:58','admin'),(3412,34,1,'阜阳','fu yang','fuy','阜阳市','2018-12-19 14:26:58','2018-12-19 14:26:58','admin'),(3413,34,1,'宿州','su zhou','suz','宿州市','2018-12-19 14:26:58','2018-12-19 14:26:58','admin'),(3415,34,1,'六安','lu an','lua','六安市','2018-12-19 14:26:58','2018-12-19 14:26:58','admin'),(3416,34,1,'亳州','bo zhou','boz','亳州市','2018-12-19 14:26:58','2018-12-19 14:26:58','admin'),(3417,34,1,'池州','chi zhou','chz','池州市','2018-12-19 14:26:58','2018-12-19 14:26:58','admin'),(3418,34,1,'宣城','xuan cheng','xuc','宣城市','2018-12-19 14:26:58','2018-12-19 14:26:58','admin'),(3501,35,1,'福州','fu zhou','fuz','福州市','2018-12-19 14:26:58','2018-12-19 14:26:58','admin'),(3502,35,1,'厦门','xia men','xim','厦门市','2018-12-19 14:26:58','2018-12-19 14:26:58','admin'),(3503,35,1,'莆田','pu tian','put','莆田市','2018-12-19 14:26:58','2018-12-19 14:26:58','admin'),(3504,35,1,'三明','san ming','sam','三明市','2018-12-19 14:26:58','2018-12-19 14:26:58','admin'),(3505,35,1,'泉州','quan zhou','quz','泉州市','2018-12-19 14:26:58','2018-12-19 14:26:58','admin'),(3506,35,1,'漳州','zhang zhou','zhz','漳州市','2018-12-19 14:26:58','2018-12-19 14:26:58','admin'),(3507,35,1,'南平','nan ping','nap','南平市','2018-12-19 14:26:58','2018-12-19 14:26:58','admin'),(3508,35,1,'龙岩','long yan','loy','龙岩市','2018-12-19 14:26:58','2018-12-19 14:26:58','admin'),(3509,35,1,'宁德','ning de','nid','宁德市','2018-12-19 14:26:58','2018-12-19 14:26:58','admin'),(3601,36,1,'南昌','nan chang','nac','南昌市','2018-12-19 14:26:58','2018-12-19 14:26:58','admin'),(3602,36,1,'景德镇','jing de zhen','jidz','景德镇市','2018-12-19 14:26:58','2018-12-19 14:26:58','admin'),(3603,36,1,'萍乡','ping xiang','pix','萍乡市','2018-12-19 14:26:58','2018-12-19 14:26:58','admin'),(3604,36,1,'九江','jiu jiang','jij','九江市','2018-12-19 14:26:58','2018-12-19 14:26:58','admin'),(3605,36,1,'新余','xin yu','xiy','新余市','2018-12-19 14:26:58','2018-12-19 14:26:58','admin'),(3606,36,1,'鹰潭','ying tan','yit','鹰潭市','2018-12-19 14:26:58','2018-12-19 14:26:58','admin'),(3607,36,1,'赣州','gan zhou','gaz','赣州市','2018-12-19 14:26:58','2018-12-19 14:26:58','admin'),(3608,36,1,'吉安','ji an','jia','吉安市','2018-12-19 14:26:58','2018-12-19 14:26:58','admin'),(3609,36,1,'宜春','yi chun','yic','宜春市','2018-12-19 14:26:58','2018-12-19 14:26:58','admin'),(3610,36,1,'抚州','fu zhou','fuz','抚州市','2018-12-19 14:26:58','2018-12-19 14:26:58','admin'),(3611,36,1,'上饶','shang rao','shr','上饶市','2018-12-19 14:26:58','2018-12-19 14:26:58','admin'),(3701,37,1,'济南','ji nan','jin','济南市','2018-12-19 14:26:58','2018-12-19 14:26:58','admin'),(3702,37,1,'青岛','qing dao','qid','青岛市','2018-12-19 14:26:58','2018-12-19 14:26:58','admin'),(3703,37,1,'淄博','zi bo','zib','淄博市','2018-12-19 14:26:58','2018-12-19 14:26:58','admin'),(3704,37,1,'枣庄','zao zhuang','zaz','枣庄市','2018-12-19 14:26:58','2018-12-19 14:26:58','admin'),(3705,37,1,'东营','dong ying','doy','东营市','2018-12-19 14:26:58','2018-12-19 14:26:58','admin'),(3706,37,1,'烟台','yan tai','yat','烟台市','2018-12-19 14:26:58','2018-12-19 14:26:58','admin'),(3707,37,1,'潍坊','wei fang','wef','潍坊市','2018-12-19 14:26:58','2018-12-19 14:26:58','admin'),(3708,37,1,'济宁','ji ning','jin','济宁市','2018-12-19 14:26:58','2018-12-19 14:26:58','admin'),(3709,37,1,'泰安','tai an','taa','泰安市','2018-12-19 14:26:58','2018-12-19 14:26:58','admin'),(3710,37,1,'威海','wei hai','weh','威海市','2018-12-19 14:26:58','2018-12-19 14:26:58','admin'),(3711,37,1,'日照','ri zhao','riz','日照市','2018-12-19 14:26:58','2018-12-19 14:26:58','admin'),(3712,37,1,'莱芜','lai wu','law','莱芜市','2018-12-19 14:26:58','2018-12-19 14:26:58','admin'),(3713,37,1,'临沂','lin yi','liy','临沂市','2018-12-19 14:26:58','2018-12-19 14:26:58','admin'),(3714,37,1,'德州','de zhou','dez','德州市','2018-12-19 14:26:58','2018-12-19 14:26:58','admin'),(3715,37,1,'聊城','liao cheng','lic','聊城市','2018-12-19 14:26:58','2018-12-19 14:26:58','admin'),(3716,37,1,'滨州','bin zhou','biz','滨州市','2018-12-19 14:26:58','2018-12-19 14:26:58','admin'),(3717,37,1,'菏泽','he ze','hez','菏泽市','2018-12-19 14:26:58','2018-12-19 14:26:58','admin'),(4101,41,1,'郑州','zheng zhou','zhz','郑州市','2018-12-19 14:26:58','2018-12-19 14:26:58','admin'),(4102,41,1,'开封','kai feng','kaf','开封市','2018-12-19 14:26:58','2018-12-19 14:26:58','admin'),(4103,41,1,'洛阳','luo yang','luy','洛阳市','2018-12-19 14:26:58','2018-12-19 14:26:58','admin'),(4104,41,1,'平顶山','ping ding shan','pids','平顶山市','2018-12-19 14:26:58','2018-12-19 14:26:58','admin'),(4105,41,1,'安阳','an yang','any','安阳市','2018-12-19 14:26:58','2018-12-19 14:26:58','admin'),(4106,41,1,'鹤壁','he bi','heb','鹤壁市','2018-12-19 14:26:58','2018-12-19 14:26:58','admin'),(4107,41,1,'新乡','xin xiang','xix','新乡市','2018-12-19 14:26:58','2018-12-19 14:26:58','admin'),(4108,41,1,'焦作','jiao zuo','jiz','焦作市','2018-12-19 14:26:58','2018-12-19 14:26:58','admin'),(4109,41,1,'濮阳','pu yang','puy','濮阳市','2018-12-19 14:26:58','2018-12-19 14:26:58','admin'),(4110,41,1,'许昌','xu chang','xuc','许昌市','2018-12-19 14:26:58','2018-12-19 14:26:58','admin'),(4111,41,1,'漯河','luo he','luh','漯河市','2018-12-19 14:26:58','2018-12-19 14:26:58','admin'),(4112,41,1,'三门峡','san men xia','samx','三门峡市','2018-12-19 14:26:58','2018-12-19 14:26:58','admin'),(4113,41,1,'南阳','nan yang','nay','南阳市','2018-12-19 14:26:58','2018-12-19 14:26:58','admin'),(4114,41,1,'商丘','shang qiu','shq','商丘市','2018-12-19 14:26:58','2018-12-19 14:26:58','admin'),(4115,41,1,'信阳','xin yang','xiy','信阳市','2018-12-19 14:26:58','2018-12-19 14:26:58','admin'),(4116,41,1,'周口','zhou kou','zhk','周口市','2018-12-19 14:26:58','2018-12-19 14:26:58','admin'),(4117,41,1,'驻马店','zhu ma dian','zhmd','驻马店市','2018-12-19 14:26:58','2018-12-19 14:26:58','admin'),(4190,41,1,'直辖市','zhi xia shi','zhxs','省直辖县级行政区划','2018-12-19 14:26:58','2018-12-19 14:26:58','admin'),(4201,42,1,'武汉','wu han','wuh','武汉市','2018-12-19 14:26:58','2018-12-19 14:26:58','admin'),(4202,42,1,'黄石','huang shi','hus','黄石市','2018-12-19 14:26:58','2018-12-19 14:26:58','admin'),(4203,42,1,'十堰','shi yan','shy','十堰市','2018-12-19 14:26:58','2018-12-19 14:26:58','admin'),(4205,42,1,'宜昌','yi chang','yic','宜昌市','2018-12-19 14:26:58','2018-12-19 14:26:58','admin'),(4206,42,1,'襄阳','xiang yang','xiy','襄阳市','2018-12-19 14:26:58','2018-12-19 14:26:58','admin'),(4207,42,1,'鄂州','e zhou','ez','鄂州市','2018-12-19 14:26:58','2018-12-19 14:26:58','admin'),(4208,42,1,'荆门','jing men','jim','荆门市','2018-12-19 14:26:58','2018-12-19 14:26:58','admin'),(4209,42,1,'孝感','xiao gan','xig','孝感市','2018-12-19 14:26:58','2018-12-19 14:26:58','admin'),(4210,42,1,'荆州','jing zhou','jiz','荆州市','2018-12-19 14:26:58','2018-12-19 14:26:58','admin'),(4211,42,1,'黄冈','huang gang','hug','黄冈市','2018-12-19 14:26:58','2018-12-19 14:26:58','admin'),(4212,42,1,'咸宁','xian ning','xin','咸宁市','2018-12-19 14:26:58','2018-12-19 14:26:58','admin'),(4213,42,1,'随州','sui zhou','suz','随州市','2018-12-19 14:26:58','2018-12-19 14:26:58','admin'),(4228,42,1,'恩施土家族苗族自治州','en shi tu jia zu miao zu zi zhi zhou','enst','恩施土家族苗族自治州','2018-12-19 14:26:58','2018-12-19 14:26:58','admin'),(4290,42,1,'直辖市','zhi xia shi','zhxs','省直辖县级行政区划','2018-12-19 14:26:58','2018-12-19 14:26:58','admin'),(4301,43,1,'长沙','chang sha','chs','长沙市','2018-12-19 14:26:58','2018-12-19 14:26:58','admin'),(4302,43,1,'株洲','zhu zhou','zhz','株洲市','2018-12-19 14:26:58','2018-12-19 14:26:58','admin'),(4303,43,1,'湘潭','xiang tan','xit','湘潭市','2018-12-19 14:26:58','2018-12-19 14:26:58','admin'),(4304,43,1,'衡阳','heng yang','hey','衡阳市','2018-12-19 14:26:58','2018-12-19 14:26:58','admin'),(4305,43,1,'邵阳','shao yang','shy','邵阳市','2018-12-19 14:26:58','2018-12-19 14:26:58','admin'),(4306,43,1,'岳阳','yue yang','yuy','岳阳市','2018-12-19 14:26:58','2018-12-19 14:26:58','admin'),(4307,43,1,'常德','chang de','chd','常德市','2018-12-19 14:26:58','2018-12-19 14:26:58','admin'),(4308,43,1,'张家界','zhang jia jie','zhjj','张家界市','2018-12-19 14:26:58','2018-12-19 14:26:58','admin'),(4309,43,1,'益阳','yi yang','yiy','益阳市','2018-12-19 14:26:58','2018-12-19 14:26:58','admin'),(4310,43,1,'郴州','chen zhou','chz','郴州市','2018-12-19 14:26:58','2018-12-19 14:26:58','admin'),(4311,43,1,'永州','yong zhou','yoz','永州市','2018-12-19 14:26:58','2018-12-19 14:26:58','admin'),(4312,43,1,'怀化','huai hua','huh','怀化市','2018-12-19 14:26:58','2018-12-19 14:26:58','admin'),(4313,43,1,'娄底','lou di','lod','娄底市','2018-12-19 14:26:58','2018-12-19 14:26:58','admin'),(4331,43,1,'湘西土家族苗族自治州','xiang xi tu jia zu miao zu zi zhi zhou','xixt','湘西土家族苗族自治州','2018-12-19 14:26:58','2018-12-19 14:26:58','admin'),(4401,44,1,'广州','guang zhou','guz','广州市','2018-12-19 14:26:58','2018-12-19 14:26:58','admin'),(4402,44,1,'韶关','shao guan','shg','韶关市','2018-12-19 14:26:58','2018-12-19 14:26:58','admin'),(4403,44,1,'深圳','shen zhen','shz','深圳市','2018-12-19 14:26:58','2018-12-19 14:26:58','admin'),(4404,44,1,'珠海','zhu hai','zhh','珠海市','2018-12-19 14:26:58','2018-12-19 14:26:58','admin'),(4405,44,1,'汕头','shan tou','sht','汕头市','2018-12-19 14:26:58','2018-12-19 14:26:58','admin'),(4406,44,1,'佛山','fo shan','fos','佛山市','2018-12-19 14:26:58','2018-12-19 14:26:58','admin'),(4407,44,1,'江门','jiang men','jim','江门市','2018-12-19 14:26:58','2018-12-19 14:26:58','admin'),(4408,44,1,'湛江','zhan jiang','zhj','湛江市','2018-12-19 14:26:58','2018-12-19 14:26:58','admin'),(4409,44,1,'茂名','mao ming','mam','茂名市','2018-12-19 14:26:58','2018-12-19 14:26:58','admin'),(4412,44,1,'肇庆','zhao qing','zhq','肇庆市','2018-12-19 14:26:58','2018-12-19 14:26:58','admin'),(4413,44,1,'惠州','hui zhou','huz','惠州市','2018-12-19 14:26:58','2018-12-19 14:26:58','admin'),(4414,44,1,'梅州','mei zhou','mez','梅州市','2018-12-19 14:26:58','2018-12-19 14:26:58','admin'),(4415,44,1,'汕尾','shan wei','shw','汕尾市','2018-12-19 14:26:58','2018-12-19 14:26:58','admin'),(4416,44,1,'河源','he yuan','hey','河源市','2018-12-19 14:26:58','2018-12-19 14:26:58','admin'),(4417,44,1,'阳江','yang jiang','yaj','阳江市','2018-12-19 14:26:58','2018-12-19 14:26:58','admin'),(4418,44,1,'清远','qing yuan','qiy','清远市','2018-12-19 14:26:58','2018-12-19 14:26:58','admin'),(4419,44,1,'东莞','dong guan','dog','东莞市','2018-12-19 14:26:58','2018-12-19 14:26:58','admin'),(4420,44,1,'中山','zhong shan','zhs','中山市','2018-12-19 14:26:58','2018-12-19 14:26:58','admin'),(4451,44,1,'潮州','chao zhou','chz','潮州市','2018-12-19 14:26:58','2018-12-19 14:26:58','admin'),(4452,44,1,'揭阳','jie yang','jiy','揭阳市','2018-12-19 14:26:58','2018-12-19 14:26:58','admin'),(4453,44,1,'云浮','yun fu','yuf','云浮市','2018-12-19 14:26:58','2018-12-19 14:26:58','admin'),(4501,45,1,'南宁','nan ning','nan','南宁市','2018-12-19 14:26:58','2018-12-19 14:26:58','admin'),(4502,45,1,'柳州','liu zhou','liz','柳州市','2018-12-19 14:26:58','2018-12-19 14:26:58','admin'),(4503,45,1,'桂林','gui lin','gul','桂林市','2018-12-19 14:26:58','2018-12-19 14:26:58','admin'),(4504,45,1,'梧州','wu zhou','wuz','梧州市','2018-12-19 14:26:58','2018-12-19 14:26:58','admin'),(4505,45,1,'北海','bei hai','beh','北海市','2018-12-19 14:26:58','2018-12-19 14:26:58','admin'),(4506,45,1,'防城港','fang cheng gang','facg','防城港市','2018-12-19 14:26:58','2018-12-19 14:26:58','admin'),(4507,45,1,'钦州','qin zhou','qiz','钦州市','2018-12-19 14:26:58','2018-12-19 14:26:58','admin'),(4508,45,1,'贵港','gui gang','gug','贵港市','2018-12-19 14:26:58','2018-12-19 14:26:58','admin'),(4509,45,1,'玉林','yu lin','yul','玉林市','2018-12-19 14:26:58','2018-12-19 14:26:58','admin'),(4510,45,1,'百色','bai se','bas','百色市','2018-12-19 14:26:58','2018-12-19 14:26:58','admin'),(4511,45,1,'贺州','he zhou','hez','贺州市','2018-12-19 14:26:58','2018-12-19 14:26:58','admin'),(4512,45,1,'河池','he chi','hec','河池市','2018-12-19 14:26:58','2018-12-19 14:26:58','admin'),(4513,45,1,'来宾','lai bin','lab','来宾市','2018-12-19 14:26:58','2018-12-19 14:26:58','admin'),(4514,45,1,'崇左','chong zuo','chz','崇左市','2018-12-19 14:26:58','2018-12-19 14:26:58','admin'),(4601,46,1,'海口','hai kou','hak','海口市','2018-12-19 14:26:58','2018-12-19 14:26:58','admin'),(4602,46,1,'三亚','san ya','say','三亚市','2018-12-19 14:26:58','2018-12-19 14:26:58','admin'),(4603,46,1,'三沙','san sha','sas','三沙市','2018-12-19 14:26:58','2018-12-19 14:26:58','admin'),(4604,46,1,'儋州','dan zhou','daz','儋州市','2018-12-19 14:26:58','2018-12-19 14:26:58','admin'),(4690,46,1,'直辖市','zhi xia shi','zhxs','省直辖县级行政区划','2018-12-19 14:26:58','2018-12-19 14:26:58','admin'),(5001,50,1,'重庆','chong qing','chq','市辖区','2018-12-19 14:26:58','2018-12-19 14:26:58','admin'),(5002,50,1,'县','xian','xi','县','2018-12-19 14:26:58','2018-12-19 14:26:58','admin'),(5101,51,1,'成都','cheng du','chd','成都市','2018-12-19 14:26:58','2018-12-19 14:26:58','admin'),(5103,51,1,'自贡','zi gong','zig','自贡市','2018-12-19 14:26:58','2018-12-19 14:26:58','admin'),(5104,51,1,'攀枝花','pan zhi hua','pazh','攀枝花市','2018-12-19 14:26:58','2018-12-19 14:26:58','admin'),(5105,51,1,'泸州','lu zhou','luz','泸州市','2018-12-19 14:26:58','2018-12-19 14:26:58','admin'),(5106,51,1,'德阳','de yang','dey','德阳市','2018-12-19 14:26:58','2018-12-19 14:26:58','admin'),(5107,51,1,'绵阳','mian yang','miy','绵阳市','2018-12-19 14:26:58','2018-12-19 14:26:58','admin'),(5108,51,1,'广元','guang yuan','guy','广元市','2018-12-19 14:26:58','2018-12-19 14:26:58','admin'),(5109,51,1,'遂宁','sui ning','sun','遂宁市','2018-12-19 14:26:58','2018-12-19 14:26:58','admin'),(5110,51,1,'内江','nei jiang','nej','内江市','2018-12-19 14:26:58','2018-12-19 14:26:58','admin'),(5111,51,1,'乐山','le shan','les','乐山市','2018-12-19 14:26:58','2018-12-19 14:26:58','admin'),(5113,51,1,'南充','nan chong','nac','南充市','2018-12-19 14:26:58','2018-12-19 14:26:58','admin'),(5114,51,1,'眉山','mei shan','mes','眉山市','2018-12-19 14:26:58','2018-12-19 14:26:58','admin'),(5115,51,1,'宜宾','yi bin','yib','宜宾市','2018-12-19 14:26:58','2018-12-19 14:26:58','admin'),(5116,51,1,'广安','guang an','gua','广安市','2018-12-19 14:26:58','2018-12-19 14:26:58','admin'),(5117,51,1,'达州','da zhou','daz','达州市','2018-12-19 14:26:58','2018-12-19 14:26:58','admin'),(5118,51,1,'雅安','ya an','yaa','雅安市','2018-12-19 14:26:58','2018-12-19 14:26:58','admin'),(5119,51,1,'巴中','ba zhong','baz','巴中市','2018-12-19 14:26:58','2018-12-19 14:26:58','admin'),(5120,51,1,'资阳','zi yang','ziy','资阳市','2018-12-19 14:26:58','2018-12-19 14:26:58','admin'),(5132,51,1,'阿坝藏族羌族自治州','a ba zang zu qiang zu zi zhi zhou','abz','阿坝藏族羌族自治州','2018-12-19 14:26:58','2018-12-19 14:26:58','admin'),(5133,51,1,'甘孜藏族自治州','gan zi zang zu zi zhi zhou','gazz','甘孜藏族自治州','2018-12-19 14:26:58','2018-12-19 14:26:58','admin'),(5134,51,1,'凉山彝族自治州','liang shan yi zu zi zhi zhou','lisy','凉山彝族自治州','2018-12-19 14:26:58','2018-12-19 14:26:58','admin'),(5201,52,1,'贵阳','gui yang','guy','贵阳市','2018-12-19 14:26:58','2018-12-19 14:26:58','admin'),(5202,52,1,'六盘水','liu pan shui','lips','六盘水市','2018-12-19 14:26:58','2018-12-19 14:26:58','admin'),(5203,52,1,'遵义','zun yi','zuy','遵义市','2018-12-19 14:26:58','2018-12-19 14:26:58','admin'),(5204,52,1,'安顺','an shun','ans','安顺市','2018-12-19 14:26:58','2018-12-19 14:26:58','admin'),(5205,52,1,'毕节','bi jie','bij','毕节市','2018-12-19 14:26:58','2018-12-19 14:26:58','admin'),(5206,52,1,'铜仁','tong ren','tor','铜仁市','2018-12-19 14:26:58','2018-12-19 14:26:58','admin'),(5223,52,1,'黔西南布依族苗族自治州','qian xi nan bu yi zu miao zu zi zhi zhou','qixn','黔西南布依族苗族自治州','2018-12-19 14:26:58','2018-12-19 14:26:58','admin'),(5226,52,1,'黔东南苗族侗族自治州','qian dong nan miao zu dong zu zi zhi zhou','qidn','黔东南苗族侗族自治州','2018-12-19 14:26:58','2018-12-19 14:26:58','admin'),(5227,52,1,'黔南布依族苗族自治州','qian nan bu yi zu miao zu zi zhi zhou','qinb','黔南布依族苗族自治州','2018-12-19 14:26:58','2018-12-19 14:26:58','admin'),(5301,53,1,'昆明','kun ming','kum','昆明市','2018-12-19 14:26:58','2018-12-19 14:26:58','admin'),(5303,53,1,'曲靖','qu jing','quj','曲靖市','2018-12-19 14:26:58','2018-12-19 14:26:58','admin'),(5304,53,1,'玉溪','yu xi','yux','玉溪市','2018-12-19 14:26:58','2018-12-19 14:26:58','admin'),(5305,53,1,'保山','bao shan','bas','保山市','2018-12-19 14:26:58','2018-12-19 14:26:58','admin'),(5306,53,1,'昭通','zhao tong','zht','昭通市','2018-12-19 14:26:58','2018-12-19 14:26:58','admin'),(5307,53,1,'丽江','li jiang','lij','丽江市','2018-12-19 14:26:58','2018-12-19 14:26:58','admin'),(5308,53,1,'普洱','pu er','pue','普洱市','2018-12-19 14:26:58','2018-12-19 14:26:58','admin'),(5309,53,1,'临沧','lin cang','lic','临沧市','2018-12-19 14:26:58','2018-12-19 14:26:58','admin'),(5323,53,1,'楚雄彝族自治州','chu xiong yi zu zi zhi zhou','chxy','楚雄彝族自治州','2018-12-19 14:26:58','2018-12-19 14:26:58','admin'),(5325,53,1,'红河哈尼族彝族自治州','hong he ha ni zu yi zu zi zhi zhou','hohh','红河哈尼族彝族自治州','2018-12-19 14:26:58','2018-12-19 14:26:58','admin'),(5326,53,1,'文山壮族苗族自治州','wen shan zhuang zu miao zu zi zhi zhou','wesz','文山壮族苗族自治州','2018-12-19 14:26:58','2018-12-19 14:26:58','admin'),(5328,53,1,'西双版纳傣族自治州','xi shuang ban na dai zu zi zhi zhou','xisb','西双版纳傣族自治州','2018-12-19 14:26:58','2018-12-19 14:26:58','admin'),(5329,53,1,'大理白族自治州','da li bai zu zi zhi zhou','dalb','大理白族自治州','2018-12-19 14:26:58','2018-12-19 14:26:58','admin'),(5331,53,1,'德宏傣族景颇族自治州','de hong dai zu jing po zu zi zhi zhou','dehd','德宏傣族景颇族自治州','2018-12-19 14:26:58','2018-12-19 14:26:58','admin'),(5333,53,1,'怒江傈僳族自治州','nu jiang li su zu zi zhi zhou','nujl','怒江傈僳族自治州','2018-12-19 14:26:58','2018-12-19 14:26:58','admin'),(5334,53,1,'迪庆藏族自治州','di qing zang zu zi zhi zhou','diqz','迪庆藏族自治州','2018-12-19 14:26:58','2018-12-19 14:26:58','admin'),(5401,54,1,'拉萨','la sa','las','拉萨市','2018-12-19 14:26:58','2018-12-19 14:26:58','admin'),(5402,54,1,'日喀则','ri ka ze','rikz','日喀则市','2018-12-19 14:26:58','2018-12-19 14:26:58','admin'),(5403,54,1,'昌都','chang du','chd','昌都市','2018-12-19 14:26:58','2018-12-19 14:26:58','admin'),(5404,54,1,'林芝','lin zhi','liz','林芝市','2018-12-19 14:26:58','2018-12-19 14:26:58','admin'),(5405,54,1,'山南','shan nan','shn','山南市','2018-12-19 14:26:58','2018-12-19 14:26:58','admin'),(5424,54,1,'那曲地区','na qu di qu','naqd','那曲地区','2018-12-19 14:26:58','2018-12-19 14:26:58','admin'),(5425,54,1,'阿里地区','a li di qu','ald','阿里地区','2018-12-19 14:26:58','2018-12-19 14:26:58','admin'),(6101,61,1,'西安','xi an','xia','西安市','2018-12-19 14:26:58','2018-12-19 14:26:58','admin'),(6102,61,1,'铜川','tong chuan','toc','铜川市','2018-12-19 14:26:58','2018-12-19 14:26:58','admin'),(6103,61,1,'宝鸡','bao ji','baj','宝鸡市','2018-12-19 14:26:58','2018-12-19 14:26:58','admin'),(6104,61,1,'咸阳','xian yang','xiy','咸阳市','2018-12-19 14:26:58','2018-12-19 14:26:58','admin'),(6105,61,1,'渭南','wei nan','wen','渭南市','2018-12-19 14:26:58','2018-12-19 14:26:58','admin'),(6106,61,1,'延安','yan an','yaa','延安市','2018-12-19 14:26:58','2018-12-19 14:26:58','admin'),(6107,61,1,'汉中','han zhong','haz','汉中市','2018-12-19 14:26:58','2018-12-19 14:26:58','admin'),(6108,61,1,'榆林','yu lin','yul','榆林市','2018-12-19 14:26:58','2018-12-19 14:26:58','admin'),(6109,61,1,'安康','an kang','ank','安康市','2018-12-19 14:26:58','2018-12-19 14:26:58','admin'),(6110,61,1,'商洛','shang luo','shl','商洛市','2018-12-19 14:26:58','2018-12-19 14:26:58','admin'),(6201,62,1,'兰州','lan zhou','laz','兰州市','2018-12-19 14:26:58','2018-12-19 14:26:58','admin'),(6202,62,1,'嘉峪关','jia yu guan','jiyg','嘉峪关市','2018-12-19 14:26:58','2018-12-19 14:26:58','admin'),(6203,62,1,'金昌','jin chang','jic','金昌市','2018-12-19 14:26:58','2018-12-19 14:26:58','admin'),(6204,62,1,'白银','bai yin','bay','白银市','2018-12-19 14:26:58','2018-12-19 14:26:58','admin'),(6205,62,1,'天水','tian shui','tis','天水市','2018-12-19 14:26:58','2018-12-19 14:26:58','admin'),(6206,62,1,'武威','wu wei','wuw','武威市','2018-12-19 14:26:58','2018-12-19 14:26:58','admin'),(6207,62,1,'张掖','zhang ye','zhy','张掖市','2018-12-19 14:26:58','2018-12-19 14:26:58','admin'),(6208,62,1,'平凉','ping liang','pil','平凉市','2018-12-19 14:26:58','2018-12-19 14:26:58','admin'),(6209,62,1,'酒泉','jiu quan','jiq','酒泉市','2018-12-19 14:26:58','2018-12-19 14:26:58','admin'),(6210,62,1,'庆阳','qing yang','qiy','庆阳市','2018-12-19 14:26:58','2018-12-19 14:26:58','admin'),(6211,62,1,'定西','ding xi','dix','定西市','2018-12-19 14:26:58','2018-12-19 14:26:58','admin'),(6212,62,1,'陇南','long nan','lon','陇南市','2018-12-19 14:26:58','2018-12-19 14:26:58','admin'),(6229,62,1,'临夏回族自治州','lin xia hui zu zi zhi zhou','lixh','临夏回族自治州','2018-12-19 14:26:58','2018-12-19 14:26:58','admin'),(6230,62,1,'甘南藏族自治州','gan nan zang zu zi zhi zhou','ganz','甘南藏族自治州','2018-12-19 14:26:58','2018-12-19 14:26:58','admin'),(6301,63,1,'西宁','xi ning','xin','西宁市','2018-12-19 14:26:58','2018-12-19 14:26:58','admin'),(6302,63,1,'海东','hai dong','had','海东市','2018-12-19 14:26:58','2018-12-19 14:26:58','admin'),(6322,63,1,'海北藏族自治州','hai bei zang zu zi zhi zhou','habz','海北藏族自治州','2018-12-19 14:26:58','2018-12-19 14:26:58','admin'),(6323,63,1,'黄南藏族自治州','huang nan zang zu zi zhi zhou','hunz','黄南藏族自治州','2018-12-19 14:26:58','2018-12-19 14:26:58','admin'),(6325,63,1,'海南藏族自治州','hai nan zang zu zi zhi zhou','hanz','海南藏族自治州','2018-12-19 14:26:58','2018-12-19 14:26:58','admin'),(6326,63,1,'果洛藏族自治州','guo luo zang zu zi zhi zhou','gulz','果洛藏族自治州','2018-12-19 14:26:58','2018-12-19 14:26:58','admin'),(6327,63,1,'玉树藏族自治州','yu shu zang zu zi zhi zhou','yusz','玉树藏族自治州','2018-12-19 14:26:58','2018-12-19 14:26:58','admin'),(6328,63,1,'海西蒙古族藏族自治州','hai xi meng gu zu zang zu zi zhi zhou','haxm','海西蒙古族藏族自治州','2018-12-19 14:26:58','2018-12-19 14:26:58','admin'),(6401,64,1,'银川','yin chuan','yic','银川市','2018-12-19 14:26:58','2018-12-19 14:26:58','admin'),(6402,64,1,'石嘴山','shi zui shan','shzs','石嘴山市','2018-12-19 14:26:58','2018-12-19 14:26:58','admin'),(6403,64,1,'吴忠','wu zhong','wuz','吴忠市','2018-12-19 14:26:58','2018-12-19 14:26:58','admin'),(6404,64,1,'固原','gu yuan','guy','固原市','2018-12-19 14:26:58','2018-12-19 14:26:58','admin'),(6405,64,1,'中卫','zhong wei','zhw','中卫市','2018-12-19 14:26:58','2018-12-19 14:26:58','admin'),(6501,65,1,'乌鲁木齐','wu lu mu qi','wulm','乌鲁木齐市','2018-12-19 14:26:58','2018-12-19 14:26:58','admin'),(6502,65,1,'克拉玛依','ke la ma yi','kelm','克拉玛依市','2018-12-19 14:26:58','2018-12-19 14:26:58','admin'),(6504,65,1,'吐鲁番','tu lu fan','tulf','吐鲁番市','2018-12-19 14:26:58','2018-12-19 14:26:58','admin'),(6505,65,1,'哈密','ha mi','ham','哈密市','2018-12-19 14:26:58','2018-12-19 14:26:58','admin'),(6523,65,1,'昌吉回族自治州','chang ji hui zu zi zhi zhou','chjh','昌吉回族自治州','2018-12-19 14:26:58','2018-12-19 14:26:58','admin'),(6527,65,1,'博尔塔拉蒙古自治州','bo er ta la meng gu zi zhi zhou','boet','博尔塔拉蒙古自治州','2018-12-19 14:26:58','2018-12-19 14:26:58','admin'),(6528,65,1,'巴音郭楞蒙古自治州','ba yin guo leng meng gu zi zhi zhou','bayg','巴音郭楞蒙古自治州','2018-12-19 14:26:58','2018-12-19 14:26:58','admin'),(6529,65,1,'阿克苏地区','a ke su di qu','aks','阿克苏地区','2018-12-19 14:26:58','2018-12-19 14:26:58','admin'),(6530,65,1,'克孜勒苏柯尔克孜自治州','ke zi le su ke er ke zi zi zhi zhou','kezl','克孜勒苏柯尔克孜自治州','2018-12-19 14:26:58','2018-12-19 14:26:58','admin'),(6531,65,1,'喀什地区','ka shi di qu','kasd','喀什地区','2018-12-19 14:26:58','2018-12-19 14:26:58','admin'),(6532,65,1,'和田地区','he tian di qu','hetd','和田地区','2018-12-19 14:26:58','2018-12-19 14:26:58','admin'),(6540,65,1,'伊犁哈萨克自治州','yi li ha sa ke zi zhi zhou','yilh','伊犁哈萨克自治州','2018-12-19 14:26:58','2018-12-19 14:26:58','admin'),(6542,65,1,'塔城地区','ta cheng di qu','tacd','塔城地区','2018-12-19 14:26:58','2018-12-19 14:26:58','admin'),(6543,65,1,'阿勒泰地区','a le tai di qu','alt','阿勒泰地区','2018-12-19 14:26:58','2018-12-19 14:26:58','admin'),(6590,65,1,'直辖市','zhi xia shi','zhxs','自治区直辖县级行政区划','2018-12-19 14:26:58','2018-12-19 14:26:58','admin'),(9001,90,1,'香港','xiang gang','xig','','2018-12-19 14:26:58','2018-12-19 14:26:58','admin'),(9002,90,1,'澳门','ao men','aom','','2018-12-19 14:26:58','2018-12-19 14:26:58','admin'),(9003,90,1,'台湾','tai wan','taw','','2018-12-19 14:26:58','2018-12-19 14:26:58','admin'),(9101,91,1,'海外','hai wai','haw','','2018-12-19 14:26:58','2018-12-19 14:26:58','admin'),(110101,1101,2,'东城','dong cheng','doc','东城区','2018-12-19 14:26:58','2018-12-19 14:26:58','admin'),(110102,1101,2,'西城','xi cheng','xic','西城区','2018-12-19 14:26:58','2018-12-19 14:26:58','admin'),(110105,1101,2,'朝阳','chao yang','chy','朝阳区','2018-12-19 14:26:58','2018-12-19 14:26:58','admin'),(110106,1101,2,'丰台','feng tai','fet','丰台区','2018-12-19 14:26:58','2018-12-19 14:26:58','admin'),(110107,1101,2,'石景山','shi jing shan','shjs','石景山区','2018-12-19 14:26:58','2018-12-19 14:26:58','admin'),(110108,1101,2,'海淀','hai dian','had','海淀区','2018-12-19 14:26:58','2018-12-19 14:26:58','admin'),(110109,1101,2,'门头沟','men tou gou','metg','门头沟区','2018-12-19 14:26:58','2018-12-19 14:26:58','admin'),(110111,1101,2,'房山','fang shan','fas','房山区','2018-12-19 14:26:58','2018-12-19 14:26:58','admin'),(110112,1101,2,'通州','tong zhou','toz','通州区','2018-12-19 14:26:58','2018-12-19 14:26:58','admin'),(110113,1101,2,'顺义','shun yi','shy','顺义区','2018-12-19 14:26:58','2018-12-19 14:26:58','admin'),(110114,1101,2,'昌平','chang ping','chp','昌平区','2018-12-19 14:26:58','2018-12-19 14:26:58','admin'),(110115,1101,2,'大兴','da xing','dax','大兴区','2018-12-19 14:26:58','2018-12-19 14:26:58','admin'),(110116,1101,2,'怀柔','huai rou','hur','怀柔区','2018-12-19 14:26:58','2018-12-19 14:26:58','admin'),(110117,1101,2,'平谷','ping gu','pig','平谷区','2018-12-19 14:26:58','2018-12-19 14:26:58','admin'),(110118,1101,2,'密云','mi yun','miy','密云区','2018-12-19 14:26:58','2018-12-19 14:26:58','admin'),(110119,1101,2,'延庆','yan qing','yaq','延庆区','2018-12-19 14:26:58','2018-12-19 14:26:58','admin'),(120101,1201,2,'和平','he ping','hep','和平区','2018-12-19 14:26:58','2018-12-19 14:26:58','admin'),(120102,1201,2,'河东','he dong','hed','河东区','2018-12-19 14:26:58','2018-12-19 14:26:58','admin'),(120103,1201,2,'河西','he xi','hex','河西区','2018-12-19 14:26:58','2018-12-19 14:26:58','admin'),(120104,1201,2,'南开','nan kai','nak','南开区','2018-12-19 14:26:58','2018-12-19 14:26:58','admin'),(120105,1201,2,'河北','he bei','heb','河北区','2018-12-19 14:26:58','2018-12-19 14:26:58','admin'),(120106,1201,2,'红桥','hong qiao','hoq','红桥区','2018-12-19 14:26:58','2018-12-19 14:26:58','admin'),(120110,1201,2,'东丽','dong li','dol','东丽区','2018-12-19 14:26:58','2018-12-19 14:26:58','admin'),(120111,1201,2,'西青','xi qing','xiq','西青区','2018-12-19 14:26:58','2018-12-19 14:26:58','admin'),(120112,1201,2,'津南','jin nan','jin','津南区','2018-12-19 14:26:58','2018-12-19 14:26:58','admin'),(120113,1201,2,'北辰','bei chen','bec','北辰区','2018-12-19 14:26:58','2018-12-19 14:26:58','admin'),(120114,1201,2,'武清','wu qing','wuq','武清区','2018-12-19 14:26:58','2018-12-19 14:26:58','admin'),(120115,1201,2,'宝坻','bao di','bad','宝坻区','2018-12-19 14:26:58','2018-12-19 14:26:58','admin'),(120116,1201,2,'滨海新区','bin hai xin qu','bihx','滨海新区','2018-12-19 14:26:58','2018-12-19 14:26:58','admin'),(120117,1201,2,'宁河','ning he','nih','宁河区','2018-12-19 14:26:58','2018-12-19 14:26:58','admin'),(120118,1201,2,'静海','jing hai','jih','静海区','2018-12-19 14:26:58','2018-12-19 14:26:58','admin'),(120119,1201,2,'蓟州','ji zhou','jiz','蓟州区','2018-12-19 14:26:58','2018-12-19 14:26:58','admin'),(130102,1301,2,'长安','chang an','cha','长安区','2018-12-19 14:26:58','2018-12-19 14:26:58','admin'),(130104,1301,2,'桥西','qiao xi','qix','桥西区','2018-12-19 14:26:58','2018-12-19 14:26:58','admin'),(130105,1301,2,'新华','xin hua','xih','新华区','2018-12-19 14:26:58','2018-12-19 14:26:58','admin'),(130107,1301,2,'井陉矿区','jing xing kuang qu','jixk','井陉矿区','2018-12-19 14:26:58','2018-12-19 14:26:58','admin'),(130108,1301,2,'裕华','yu hua','yuh','裕华区','2018-12-19 14:26:58','2018-12-19 14:26:58','admin'),(130109,1301,2,'藁城','gao cheng','gac','藁城区','2018-12-19 14:26:58','2018-12-19 14:26:58','admin'),(130110,1301,2,'鹿泉','lu quan','luq','鹿泉区','2018-12-19 14:26:58','2018-12-19 14:26:58','admin'),(130111,1301,2,'栾城','luan cheng','luc','栾城区','2018-12-19 14:26:58','2018-12-19 14:26:58','admin'),(130121,1301,2,'井陉','jing xing','jix','井陉县','2018-12-19 14:26:58','2018-12-19 14:26:58','admin'),(130123,1301,2,'正定','zheng ding','zhd','正定县','2018-12-19 14:26:58','2018-12-19 14:26:58','admin'),(130125,1301,2,'行唐','xing tang','xit','行唐县','2018-12-19 14:26:58','2018-12-19 14:26:58','admin'),(130126,1301,2,'灵寿','ling shou','lis','灵寿县','2018-12-19 14:26:58','2018-12-19 14:26:58','admin'),(130127,1301,2,'高邑','gao yi','gay','高邑县','2018-12-19 14:26:58','2018-12-19 14:26:58','admin'),(130128,1301,2,'深泽','shen ze','shz','深泽县','2018-12-19 14:26:58','2018-12-19 14:26:58','admin'),(130129,1301,2,'赞皇','zan huang','zah','赞皇县','2018-12-19 14:26:58','2018-12-19 14:26:58','admin'),(130130,1301,2,'无极','wu ji','wuj','无极县','2018-12-19 14:26:58','2018-12-19 14:26:58','admin'),(130131,1301,2,'平山','ping shan','pis','平山县','2018-12-19 14:26:58','2018-12-19 14:26:58','admin'),(130132,1301,2,'元氏','yuan shi','yus','元氏县','2018-12-19 14:26:58','2018-12-19 14:26:58','admin'),(130133,1301,2,'赵县','zhao xian','zhx','赵县','2018-12-19 14:26:58','2018-12-19 14:26:58','admin'),(130171,1301,2,'石家庄高新技术产业开发区','shi jia zhuang gao xin ji shu chan ye kai fa qu','shjz','石家庄高新技术产业开发区','2018-12-19 14:26:58','2018-12-19 14:26:58','admin'),(130172,1301,2,'石家庄循环化工园','shi jia zhuang xun huan hua gong yuan','shjz','石家庄循环化工园区','2018-12-19 14:26:58','2018-12-19 14:26:58','admin'),(130181,1301,2,'辛集','xin ji','xij','辛集市','2018-12-19 14:26:58','2018-12-19 14:26:58','admin'),(130183,1301,2,'晋州','jin zhou','jiz','晋州市','2018-12-19 14:26:58','2018-12-19 14:26:58','admin'),(130184,1301,2,'新乐','xin le','xil','新乐市','2018-12-19 14:26:58','2018-12-19 14:26:58','admin'),(130202,1302,2,'路南','lu nan','lun','路南区','2018-12-19 14:26:58','2018-12-19 14:26:58','admin'),(130203,1302,2,'路北','lu bei','lub','路北区','2018-12-19 14:26:58','2018-12-19 14:26:58','admin'),(130204,1302,2,'古冶','gu ye','guy','古冶区','2018-12-19 14:26:58','2018-12-19 14:26:58','admin'),(130205,1302,2,'开平','kai ping','kap','开平区','2018-12-19 14:26:58','2018-12-19 14:26:58','admin'),(130207,1302,2,'丰南','feng nan','fen','丰南区','2018-12-19 14:26:58','2018-12-19 14:26:58','admin'),(130208,1302,2,'丰润','feng run','fer','丰润区','2018-12-19 14:26:58','2018-12-19 14:26:58','admin'),(130209,1302,2,'曹妃甸','cao fei dian','cafd','曹妃甸区','2018-12-19 14:26:58','2018-12-19 14:26:58','admin'),(130223,1302,2,'滦县','luan xian','lux','滦县','2018-12-19 14:26:58','2018-12-19 14:26:58','admin'),(130224,1302,2,'滦南','luan nan','lun','滦南县','2018-12-19 14:26:58','2018-12-19 14:26:58','admin'),(130225,1302,2,'乐亭','le ting','let','乐亭县','2018-12-19 14:26:58','2018-12-19 14:26:58','admin'),(130227,1302,2,'迁西','qian xi','qix','迁西县','2018-12-19 14:26:58','2018-12-19 14:26:58','admin'),(130229,1302,2,'玉田','yu tian','yut','玉田县','2018-12-19 14:26:58','2018-12-19 14:26:58','admin'),(130271,1302,2,'唐山市芦台经济技术开发区','tang shan shi lu tai jing ji ji shu kai fa qu','tass','唐山市芦台经济技术开发区','2018-12-19 14:26:58','2018-12-19 14:26:58','admin'),(130272,1302,2,'唐山市汉沽管理区','tang shan shi han gu guan li qu','tass','唐山市汉沽管理区','2018-12-19 14:26:58','2018-12-19 14:26:58','admin'),(130273,1302,2,'唐山高新技术产业开发区','tang shan gao xin ji shu chan ye kai fa qu','tasg','唐山高新技术产业开发区','2018-12-19 14:26:58','2018-12-19 14:26:58','admin'),(130274,1302,2,'河北唐山海港经济开发区','he bei tang shan hai gang jing ji kai fa qu','hebt','河北唐山海港经济开发区','2018-12-19 14:26:58','2018-12-19 14:26:58','admin'),(130281,1302,2,'遵化','zun hua','zuh','遵化市','2018-12-19 14:26:58','2018-12-19 14:26:58','admin'),(130283,1302,2,'迁安','qian an','qia','迁安市','2018-12-19 14:26:58','2018-12-19 14:26:58','admin'),(130302,1303,2,'海港','hai gang','hag','海港区','2018-12-19 14:26:58','2018-12-19 14:26:58','admin'),(130303,1303,2,'山海关','shan hai guan','shhg','山海关区','2018-12-19 14:26:58','2018-12-19 14:26:58','admin'),(130304,1303,2,'北戴河','bei dai he','bedh','北戴河区','2018-12-19 14:26:58','2018-12-19 14:26:58','admin'),(130306,1303,2,'抚宁','fu ning','fun','抚宁区','2018-12-19 14:26:58','2018-12-19 14:26:58','admin'),(130321,1303,2,'青龙满族自治县','qing long man zu zi zhi xian','qilm','青龙满族自治县','2018-12-19 14:26:58','2018-12-19 14:26:58','admin'),(130322,1303,2,'昌黎','chang li','chl','昌黎县','2018-12-19 14:26:58','2018-12-19 14:26:58','admin'),(130324,1303,2,'卢龙','lu long','lul','卢龙县','2018-12-19 14:26:58','2018-12-19 14:26:58','admin'),(130371,1303,2,'秦皇岛市经济技术开发区','qin huang dao shi jing ji ji shu kai fa qu','qihd','秦皇岛市经济技术开发区','2018-12-19 14:26:58','2018-12-19 14:26:58','admin'),(130372,1303,2,'北戴河新区','bei dai he xin qu','bedh','北戴河新区','2018-12-19 14:26:58','2018-12-19 14:26:58','admin'),(130402,1304,2,'邯山','han shan','has','邯山区','2018-12-19 14:26:58','2018-12-19 14:26:58','admin'),(130403,1304,2,'丛台','cong tai','cot','丛台区','2018-12-19 14:26:58','2018-12-19 14:26:58','admin'),(130404,1304,2,'复兴','fu xing','fux','复兴区','2018-12-19 14:26:58','2018-12-19 14:26:58','admin'),(130406,1304,2,'峰峰矿区','feng feng kuang qu','fefk','峰峰矿区','2018-12-19 14:26:58','2018-12-19 14:26:58','admin'),(130407,1304,2,'肥乡','fei xiang','fex','肥乡区','2018-12-19 14:26:58','2018-12-19 14:26:58','admin'),(130408,1304,2,'永年','yong nian','yon','永年区','2018-12-19 14:26:58','2018-12-19 14:26:58','admin'),(130423,1304,2,'临漳','lin zhang','liz','临漳县','2018-12-19 14:26:58','2018-12-19 14:26:58','admin'),(130424,1304,2,'成安','cheng an','cha','成安县','2018-12-19 14:26:58','2018-12-19 14:26:58','admin'),(130425,1304,2,'大名','da ming','dam','大名县','2018-12-19 14:26:58','2018-12-19 14:26:58','admin'),(130426,1304,2,'涉县','she xian','shx','涉县','2018-12-19 14:26:58','2018-12-19 14:26:58','admin'),(130427,1304,2,'磁县','ci xian','cix','磁县','2018-12-19 14:26:58','2018-12-19 14:26:58','admin'),(130430,1304,2,'邱县','qiu xian','qix','邱县','2018-12-19 14:26:58','2018-12-19 14:26:58','admin'),(130431,1304,2,'鸡泽','ji ze','jiz','鸡泽县','2018-12-19 14:26:58','2018-12-19 14:26:58','admin'),(130432,1304,2,'广平','guang ping','gup','广平县','2018-12-19 14:26:58','2018-12-19 14:26:58','admin'),(130433,1304,2,'馆陶','guan tao','gut','馆陶县','2018-12-19 14:26:58','2018-12-19 14:26:58','admin'),(130434,1304,2,'魏县','wei xian','wex','魏县','2018-12-19 14:26:58','2018-12-19 14:26:58','admin'),(130435,1304,2,'曲周','qu zhou','quz','曲周县','2018-12-19 14:26:58','2018-12-19 14:26:58','admin'),(130471,1304,2,'邯郸经济技术开发区','han dan jing ji ji shu kai fa qu','hadj','邯郸经济技术开发区','2018-12-19 14:26:58','2018-12-19 14:26:58','admin'),(130473,1304,2,'邯郸冀南新区','han dan ji nan xin qu','hadj','邯郸冀南新区','2018-12-19 14:26:58','2018-12-19 14:26:58','admin'),(130481,1304,2,'武安','wu an','wua','武安市','2018-12-19 14:26:58','2018-12-19 14:26:58','admin'),(130502,1305,2,'桥东','qiao dong','qid','桥东区','2018-12-19 14:26:58','2018-12-19 14:26:58','admin'),(130503,1305,2,'桥西','qiao xi','qix','桥西区','2018-12-19 14:26:58','2018-12-19 14:26:58','admin'),(130521,1305,2,'邢台','xing tai','xit','邢台县','2018-12-19 14:26:58','2018-12-19 14:26:58','admin'),(130522,1305,2,'临城','lin cheng','lic','临城县','2018-12-19 14:26:58','2018-12-19 14:26:58','admin'),(130523,1305,2,'内丘','nei qiu','neq','内丘县','2018-12-19 14:26:58','2018-12-19 14:26:58','admin'),(130524,1305,2,'柏乡','bai xiang','bax','柏乡县','2018-12-19 14:26:58','2018-12-19 14:26:58','admin'),(130525,1305,2,'隆尧','long yao','loy','隆尧县','2018-12-19 14:26:58','2018-12-19 14:26:58','admin'),(130526,1305,2,'任县','ren xian','rex','任县','2018-12-19 14:26:58','2018-12-19 14:26:58','admin'),(130527,1305,2,'南和','nan he','nah','南和县','2018-12-19 14:26:58','2018-12-19 14:26:58','admin'),(130528,1305,2,'宁晋','ning jin','nij','宁晋县','2018-12-19 14:26:58','2018-12-19 14:26:58','admin'),(130529,1305,2,'巨鹿','ju lu','jul','巨鹿县','2018-12-19 14:26:58','2018-12-19 14:26:58','admin'),(130530,1305,2,'新河','xin he','xih','新河县','2018-12-19 14:26:58','2018-12-19 14:26:58','admin'),(130531,1305,2,'广宗','guang zong','guz','广宗县','2018-12-19 14:26:58','2018-12-19 14:26:58','admin'),(130532,1305,2,'平乡','ping xiang','pix','平乡县','2018-12-19 14:26:58','2018-12-19 14:26:58','admin'),(130533,1305,2,'威县','wei xian','wex','威县','2018-12-19 14:26:58','2018-12-19 14:26:58','admin'),(130534,1305,2,'清河','qing he','qih','清河县','2018-12-19 14:26:58','2018-12-19 14:26:58','admin'),(130535,1305,2,'临西','lin xi','lix','临西县','2018-12-19 14:26:58','2018-12-19 14:26:58','admin'),(130571,1305,2,'河北邢台经济开发区','he bei xing tai jing ji kai fa qu','hebx','河北邢台经济开发区','2018-12-19 14:26:58','2018-12-19 14:26:58','admin'),(130581,1305,2,'南宫','nan gong','nag','南宫市','2018-12-19 14:26:58','2018-12-19 14:26:58','admin'),(130582,1305,2,'沙河','sha he','shh','沙河市','2018-12-19 14:26:58','2018-12-19 14:26:58','admin'),(130602,1306,2,'竞秀','jing xiu','jix','竞秀区','2018-12-19 14:26:58','2018-12-19 14:26:58','admin'),(130606,1306,2,'莲池','lian chi','lic','莲池区','2018-12-19 14:26:58','2018-12-19 14:26:58','admin'),(130607,1306,2,'满城','man cheng','mac','满城区','2018-12-19 14:26:58','2018-12-19 14:26:58','admin'),(130608,1306,2,'清苑','qing yuan','qiy','清苑区','2018-12-19 14:26:58','2018-12-19 14:26:58','admin'),(130609,1306,2,'徐水','xu shui','xus','徐水区','2018-12-19 14:26:58','2018-12-19 14:26:58','admin'),(130623,1306,2,'涞水','lai shui','las','涞水县','2018-12-19 14:26:58','2018-12-19 14:26:58','admin'),(130624,1306,2,'阜平','fu ping','fup','阜平县','2018-12-19 14:26:58','2018-12-19 14:26:58','admin'),(130626,1306,2,'定兴','ding xing','dix','定兴县','2018-12-19 14:26:58','2018-12-19 14:26:58','admin'),(130627,1306,2,'唐县','tang xian','tax','唐县','2018-12-19 14:26:58','2018-12-19 14:26:58','admin'),(130628,1306,2,'高阳','gao yang','gay','高阳县','2018-12-19 14:26:58','2018-12-19 14:26:58','admin'),(130629,1306,2,'容城','rong cheng','roc','容城县','2018-12-19 14:26:58','2018-12-19 14:26:58','admin'),(130630,1306,2,'涞源','lai yuan','lay','涞源县','2018-12-19 14:26:58','2018-12-19 14:26:58','admin'),(130631,1306,2,'望都','wang du','wad','望都县','2018-12-19 14:26:58','2018-12-19 14:26:58','admin'),(130632,1306,2,'安新','an xin','anx','安新县','2018-12-19 14:26:58','2018-12-19 14:26:58','admin'),(130633,1306,2,'易县','yi xian','yix','易县','2018-12-19 14:26:58','2018-12-19 14:26:58','admin'),(130634,1306,2,'曲阳','qu yang','quy','曲阳县','2018-12-19 14:26:58','2018-12-19 14:26:58','admin'),(130635,1306,2,'蠡县','li xian','lix','蠡县','2018-12-19 14:26:58','2018-12-19 14:26:58','admin'),(130636,1306,2,'顺平','shun ping','shp','顺平县','2018-12-19 14:26:58','2018-12-19 14:26:58','admin'),(130637,1306,2,'博野','bo ye','boy','博野县','2018-12-19 14:26:58','2018-12-19 14:26:58','admin'),(130638,1306,2,'雄县','xiong xian','xix','雄县','2018-12-19 14:26:58','2018-12-19 14:26:58','admin'),(130671,1306,2,'保定高新技术产业开发区','bao ding gao xin ji shu chan ye kai fa qu','badg','保定高新技术产业开发区','2018-12-19 14:26:58','2018-12-19 14:26:58','admin'),(130672,1306,2,'保定白沟新城','bao ding bai gou xin cheng','badb','保定白沟新城','2018-12-19 14:26:58','2018-12-19 14:26:58','admin'),(130681,1306,2,'涿州','zhuo zhou','zhz','涿州市','2018-12-19 14:26:58','2018-12-19 14:26:58','admin'),(130682,1306,2,'定州','ding zhou','diz','定州市','2018-12-19 14:26:58','2018-12-19 14:26:58','admin'),(130683,1306,2,'安国','an guo','ang','安国市','2018-12-19 14:26:58','2018-12-19 14:26:58','admin'),(130684,1306,2,'高碑店','gao bei dian','gabd','高碑店市','2018-12-19 14:26:58','2018-12-19 14:26:58','admin'),(130702,1307,2,'桥东','qiao dong','qid','桥东区','2018-12-19 14:26:58','2018-12-19 14:26:58','admin'),(130703,1307,2,'桥西','qiao xi','qix','桥西区','2018-12-19 14:26:58','2018-12-19 14:26:58','admin'),(130705,1307,2,'宣化','xuan hua','xuh','宣化区','2018-12-19 14:26:58','2018-12-19 14:26:58','admin'),(130706,1307,2,'下花园','xia hua yuan','xihy','下花园区','2018-12-19 14:26:58','2018-12-19 14:26:58','admin'),(130708,1307,2,'万全','wan quan','waq','万全区','2018-12-19 14:26:58','2018-12-19 14:26:58','admin'),(130709,1307,2,'崇礼','chong li','chl','崇礼区','2018-12-19 14:26:58','2018-12-19 14:26:58','admin'),(130722,1307,2,'张北','zhang bei','zhb','张北县','2018-12-19 14:26:58','2018-12-19 14:26:58','admin'),(130723,1307,2,'康保','kang bao','kab','康保县','2018-12-19 14:26:58','2018-12-19 14:26:58','admin'),(130724,1307,2,'沽源','gu yuan','guy','沽源县','2018-12-19 14:26:58','2018-12-19 14:26:58','admin'),(130725,1307,2,'尚义','shang yi','shy','尚义县','2018-12-19 14:26:58','2018-12-19 14:26:58','admin'),(130726,1307,2,'蔚县','yu xian','yux','蔚县','2018-12-19 14:26:58','2018-12-19 14:26:58','admin'),(130727,1307,2,'阳原','yang yuan','yay','阳原县','2018-12-19 14:26:58','2018-12-19 14:26:58','admin'),(130728,1307,2,'怀安','huai an','hua','怀安县','2018-12-19 14:26:58','2018-12-19 14:26:58','admin'),(130730,1307,2,'怀来','huai lai','hul','怀来县','2018-12-19 14:26:58','2018-12-19 14:26:58','admin'),(130731,1307,2,'涿鹿','zhuo lu','zhl','涿鹿县','2018-12-19 14:26:58','2018-12-19 14:26:58','admin'),(130732,1307,2,'赤城','chi cheng','chc','赤城县','2018-12-19 14:26:58','2018-12-19 14:26:58','admin'),(130771,1307,2,'张家口市高新技术产业开发区','zhang jia kou shi gao xin ji shu chan ye kai fa qu','zhjk','张家口市高新技术产业开发区','2018-12-19 14:26:58','2018-12-19 14:26:58','admin'),(130772,1307,2,'张家口市察北管理区','zhang jia kou shi cha bei guan li qu','zhjk','张家口市察北管理区','2018-12-19 14:26:58','2018-12-19 14:26:58','admin'),(130773,1307,2,'张家口市塞北管理区','zhang jia kou shi sai bei guan li qu','zhjk','张家口市塞北管理区','2018-12-19 14:26:58','2018-12-19 14:26:58','admin'),(130802,1308,2,'双桥','shuang qiao','shq','双桥区','2018-12-19 14:26:58','2018-12-19 14:26:58','admin'),(130803,1308,2,'双滦','shuang luan','shl','双滦区','2018-12-19 14:26:58','2018-12-19 14:26:58','admin'),(130804,1308,2,'鹰手营子矿区','ying shou ying zi kuang qu','yisy','鹰手营子矿区','2018-12-19 14:26:58','2018-12-19 14:26:58','admin'),(130821,1308,2,'承德','cheng de','chd','承德县','2018-12-19 14:26:58','2018-12-19 14:26:58','admin'),(130822,1308,2,'兴隆','xing long','xil','兴隆县','2018-12-19 14:26:58','2018-12-19 14:26:58','admin'),(130824,1308,2,'滦平','luan ping','lup','滦平县','2018-12-19 14:26:58','2018-12-19 14:26:58','admin'),(130825,1308,2,'隆化','long hua','loh','隆化县','2018-12-19 14:26:58','2018-12-19 14:26:58','admin'),(130826,1308,2,'丰宁满族自治县','feng ning man zu zi zhi xian','fenm','丰宁满族自治县','2018-12-19 14:26:58','2018-12-19 14:26:58','admin'),(130827,1308,2,'宽城满族自治县','kuan cheng man zu zi zhi xian','kucm','宽城满族自治县','2018-12-19 14:26:58','2018-12-19 14:26:58','admin'),(130828,1308,2,'围场满族蒙古族自治县','wei chang man zu meng gu zu zi zhi xian','wecm','围场满族蒙古族自治县','2018-12-19 14:26:58','2018-12-19 14:26:58','admin'),(130871,1308,2,'承德高新技术产业开发区','cheng de gao xin ji shu chan ye kai fa qu','chdg','承德高新技术产业开发区','2018-12-19 14:26:58','2018-12-19 14:26:58','admin'),(130881,1308,2,'平泉','ping quan','piq','平泉市','2018-12-19 14:26:58','2018-12-19 14:26:58','admin'),(130902,1309,2,'新华','xin hua','xih','新华区','2018-12-19 14:26:58','2018-12-19 14:26:58','admin'),(130903,1309,2,'运河','yun he','yuh','运河区','2018-12-19 14:26:58','2018-12-19 14:26:58','admin'),(130921,1309,2,'沧县','cang xian','cax','沧县','2018-12-19 14:26:58','2018-12-19 14:26:58','admin'),(130922,1309,2,'青县','qing xian','qix','青县','2018-12-19 14:26:58','2018-12-19 14:26:58','admin'),(130923,1309,2,'东光','dong guang','dog','东光县','2018-12-19 14:26:58','2018-12-19 14:26:58','admin'),(130924,1309,2,'海兴','hai xing','hax','海兴县','2018-12-19 14:26:58','2018-12-19 14:26:58','admin'),(130925,1309,2,'盐山','yan shan','yas','盐山县','2018-12-19 14:26:58','2018-12-19 14:26:58','admin'),(130926,1309,2,'肃宁','su ning','sun','肃宁县','2018-12-19 14:26:58','2018-12-19 14:26:58','admin'),(130927,1309,2,'南皮','nan pi','nap','南皮县','2018-12-19 14:26:58','2018-12-19 14:26:58','admin'),(130928,1309,2,'吴桥','wu qiao','wuq','吴桥县','2018-12-19 14:26:58','2018-12-19 14:26:58','admin'),(130929,1309,2,'献县','xian xian','xix','献县','2018-12-19 14:26:58','2018-12-19 14:26:58','admin'),(130930,1309,2,'孟村回族自治县','meng cun hui zu zi zhi xian','mech','孟村回族自治县','2018-12-19 14:26:58','2018-12-19 14:26:58','admin'),(130971,1309,2,'河北沧州经济开发区','he bei cang zhou jing ji kai fa qu','hebc','河北沧州经济开发区','2018-12-19 14:26:58','2018-12-19 14:26:58','admin'),(130972,1309,2,'沧州高新技术产业开发区','cang zhou gao xin ji shu chan ye kai fa qu','cazg','沧州高新技术产业开发区','2018-12-19 14:26:58','2018-12-19 14:26:58','admin'),(130973,1309,2,'沧州渤海新区','cang zhou bo hai xin qu','cazb','沧州渤海新区','2018-12-19 14:26:58','2018-12-19 14:26:58','admin'),(130981,1309,2,'泊头','bo tou','bot','泊头市','2018-12-19 14:26:58','2018-12-19 14:26:58','admin'),(130982,1309,2,'任丘','ren qiu','req','任丘市','2018-12-19 14:26:58','2018-12-19 14:26:58','admin'),(130983,1309,2,'黄骅','huang hua','huh','黄骅市','2018-12-19 14:26:58','2018-12-19 14:26:58','admin'),(130984,1309,2,'河间','he jian','hej','河间市','2018-12-19 14:26:58','2018-12-19 14:26:58','admin'),(131002,1310,2,'安次','an ci','anc','安次区','2018-12-19 14:26:58','2018-12-19 14:26:58','admin'),(131003,1310,2,'广阳','guang yang','guy','广阳区','2018-12-19 14:26:58','2018-12-19 14:26:58','admin'),(131022,1310,2,'固安','gu an','gua','固安县','2018-12-19 14:26:58','2018-12-19 14:26:58','admin'),(131023,1310,2,'永清','yong qing','yoq','永清县','2018-12-19 14:26:58','2018-12-19 14:26:58','admin'),(131024,1310,2,'香河','xiang he','xih','香河县','2018-12-19 14:26:58','2018-12-19 14:26:58','admin'),(131025,1310,2,'大城','da cheng','dac','大城县','2018-12-19 14:26:58','2018-12-19 14:26:58','admin'),(131026,1310,2,'文安','wen an','wea','文安县','2018-12-19 14:26:58','2018-12-19 14:26:58','admin'),(131028,1310,2,'大厂回族自治县','da chang hui zu zi zhi xian','dach','大厂回族自治县','2018-12-19 14:26:58','2018-12-19 14:26:58','admin'),(131071,1310,2,'廊坊经济技术开发区','lang fang jing ji ji shu kai fa qu','lafj','廊坊经济技术开发区','2018-12-19 14:26:58','2018-12-19 14:26:58','admin'),(131081,1310,2,'霸州','ba zhou','baz','霸州市','2018-12-19 14:26:58','2018-12-19 14:26:58','admin'),(131082,1310,2,'三河','san he','sah','三河市','2018-12-19 14:26:58','2018-12-19 14:26:58','admin'),(131102,1311,2,'桃城','tao cheng','tac','桃城区','2018-12-19 14:26:58','2018-12-19 14:26:58','admin'),(131103,1311,2,'冀州','ji zhou','jiz','冀州区','2018-12-19 14:26:58','2018-12-19 14:26:58','admin'),(131121,1311,2,'枣强','zao qiang','zaq','枣强县','2018-12-19 14:26:58','2018-12-19 14:26:58','admin'),(131122,1311,2,'武邑','wu yi','wuy','武邑县','2018-12-19 14:26:58','2018-12-19 14:26:58','admin'),(131123,1311,2,'武强','wu qiang','wuq','武强县','2018-12-19 14:26:58','2018-12-19 14:26:58','admin'),(131124,1311,2,'饶阳','rao yang','ray','饶阳县','2018-12-19 14:26:58','2018-12-19 14:26:58','admin'),(131125,1311,2,'安平','an ping','anp','安平县','2018-12-19 14:26:58','2018-12-19 14:26:58','admin'),(131126,1311,2,'故城','gu cheng','guc','故城县','2018-12-19 14:26:58','2018-12-19 14:26:58','admin'),(131127,1311,2,'景县','jing xian','jix','景县','2018-12-19 14:26:58','2018-12-19 14:26:58','admin'),(131128,1311,2,'阜城','fu cheng','fuc','阜城县','2018-12-19 14:26:58','2018-12-19 14:26:58','admin'),(131171,1311,2,'河北衡水经济开发区','he bei heng shui jing ji kai fa qu','hebh','河北衡水经济开发区','2018-12-19 14:26:58','2018-12-19 14:26:58','admin'),(131172,1311,2,'衡水滨湖新区','heng shui bin hu xin qu','hesb','衡水滨湖新区','2018-12-19 14:26:58','2018-12-19 14:26:58','admin'),(131182,1311,2,'深州','shen zhou','shz','深州市','2018-12-19 14:26:58','2018-12-19 14:26:58','admin'),(140105,1401,2,'小店','xiao dian','xid','小店区','2018-12-19 14:26:58','2018-12-19 14:26:58','admin'),(140106,1401,2,'迎泽','ying ze','yiz','迎泽区','2018-12-19 14:26:58','2018-12-19 14:26:58','admin'),(140107,1401,2,'杏花岭','xing hua ling','xihl','杏花岭区','2018-12-19 14:26:58','2018-12-19 14:26:58','admin'),(140108,1401,2,'尖草坪','jian cao ping','jicp','尖草坪区','2018-12-19 14:26:58','2018-12-19 14:26:58','admin'),(140109,1401,2,'万柏林','wan bai lin','wabl','万柏林区','2018-12-19 14:26:58','2018-12-19 14:26:58','admin'),(140110,1401,2,'晋源','jin yuan','jiy','晋源区','2018-12-19 14:26:58','2018-12-19 14:26:58','admin'),(140121,1401,2,'清徐','qing xu','qix','清徐县','2018-12-19 14:26:58','2018-12-19 14:26:58','admin'),(140122,1401,2,'阳曲','yang qu','yaq','阳曲县','2018-12-19 14:26:58','2018-12-19 14:26:58','admin'),(140123,1401,2,'娄烦','lou fan','lof','娄烦县','2018-12-19 14:26:58','2018-12-19 14:26:58','admin'),(140171,1401,2,'山西转型综合改革示范区','shan xi zhuan xing zong he gai ge shi fan qu','shxz','山西转型综合改革示范区','2018-12-19 14:26:58','2018-12-19 14:26:58','admin'),(140181,1401,2,'古交','gu jiao','guj','古交市','2018-12-19 14:26:58','2018-12-19 14:26:58','admin'),(140202,1402,2,'城区','cheng qu','chq','城区','2018-12-19 14:26:58','2018-12-19 14:26:58','admin'),(140203,1402,2,'矿区','kuang qu','kuq','矿区','2018-12-19 14:26:58','2018-12-19 14:26:58','admin'),(140211,1402,2,'南郊','nan jiao','naj','南郊区','2018-12-19 14:26:58','2018-12-19 14:26:58','admin'),(140212,1402,2,'新荣','xin rong','xir','新荣区','2018-12-19 14:26:58','2018-12-19 14:26:58','admin'),(140221,1402,2,'阳高','yang gao','yag','阳高县','2018-12-19 14:26:58','2018-12-19 14:26:58','admin'),(140222,1402,2,'天镇','tian zhen','tiz','天镇县','2018-12-19 14:26:58','2018-12-19 14:26:58','admin'),(140223,1402,2,'广灵','guang ling','gul','广灵县','2018-12-19 14:26:58','2018-12-19 14:26:58','admin'),(140224,1402,2,'灵丘','ling qiu','liq','灵丘县','2018-12-19 14:26:58','2018-12-19 14:26:58','admin'),(140225,1402,2,'浑源','hun yuan','huy','浑源县','2018-12-19 14:26:58','2018-12-19 14:26:58','admin'),(140226,1402,2,'左云','zuo yun','zuy','左云县','2018-12-19 14:26:58','2018-12-19 14:26:58','admin'),(140227,1402,2,'大同','da tong','dat','大同县','2018-12-19 14:26:58','2018-12-19 14:26:58','admin'),(140271,1402,2,'山西大同经济开发区','shan xi da tong jing ji kai fa qu','shxd','山西大同经济开发区','2018-12-19 14:26:58','2018-12-19 14:26:58','admin'),(140302,1403,2,'城区','cheng qu','chq','城区','2018-12-19 14:26:58','2018-12-19 14:26:58','admin'),(140303,1403,2,'矿区','kuang qu','kuq','矿区','2018-12-19 14:26:58','2018-12-19 14:26:58','admin'),(140311,1403,2,'郊区','jiao qu','jiq','郊区','2018-12-19 14:26:58','2018-12-19 14:26:58','admin'),(140321,1403,2,'平定','ping ding','pid','平定县','2018-12-19 14:26:58','2018-12-19 14:26:58','admin'),(140322,1403,2,'盂县','yu xian','yux','盂县','2018-12-19 14:26:58','2018-12-19 14:26:58','admin'),(140371,1403,2,'山西阳泉经济开发区','shan xi yang quan jing ji kai fa qu','shxy','山西阳泉经济开发区','2018-12-19 14:26:58','2018-12-19 14:26:58','admin'),(140402,1404,2,'城区','cheng qu','chq','城区','2018-12-19 14:26:58','2018-12-19 14:26:58','admin'),(140411,1404,2,'郊区','jiao qu','jiq','郊区','2018-12-19 14:26:58','2018-12-19 14:26:58','admin'),(140421,1404,2,'长治','chang zhi','chz','长治县','2018-12-19 14:26:58','2018-12-19 14:26:58','admin'),(140423,1404,2,'襄垣','xiang yuan','xiy','襄垣县','2018-12-19 14:26:58','2018-12-19 14:26:58','admin'),(140424,1404,2,'屯留','tun liu','tul','屯留县','2018-12-19 14:26:58','2018-12-19 14:26:58','admin'),(140425,1404,2,'平顺','ping shun','pis','平顺县','2018-12-19 14:26:58','2018-12-19 14:26:58','admin'),(140426,1404,2,'黎城','li cheng','lic','黎城县','2018-12-19 14:26:58','2018-12-19 14:26:58','admin'),(140427,1404,2,'壶关','hu guan','hug','壶关县','2018-12-19 14:26:58','2018-12-19 14:26:58','admin'),(140428,1404,2,'长子','zhang zi','zhz','长子县','2018-12-19 14:26:58','2018-12-19 14:26:58','admin'),(140429,1404,2,'武乡','wu xiang','wux','武乡县','2018-12-19 14:26:58','2018-12-19 14:26:58','admin'),(140430,1404,2,'沁县','qin xian','qix','沁县','2018-12-19 14:26:58','2018-12-19 14:26:58','admin'),(140431,1404,2,'沁源','qin yuan','qiy','沁源县','2018-12-19 14:26:58','2018-12-19 14:26:58','admin'),(140471,1404,2,'山西长治高新技术产业园','shan xi chang zhi gao xin ji shu chan ye yuan','shxc','山西长治高新技术产业园区','2018-12-19 14:26:58','2018-12-19 14:26:58','admin'),(140481,1404,2,'潞城','lu cheng','luc','潞城市','2018-12-19 14:26:58','2018-12-19 14:26:58','admin'),(140502,1405,2,'城区','cheng qu','chq','城区','2018-12-19 14:26:58','2018-12-19 14:26:58','admin'),(140521,1405,2,'沁水','qin shui','qis','沁水县','2018-12-19 14:26:58','2018-12-19 14:26:58','admin'),(140522,1405,2,'阳城','yang cheng','yac','阳城县','2018-12-19 14:26:58','2018-12-19 14:26:58','admin'),(140524,1405,2,'陵川','ling chuan','lic','陵川县','2018-12-19 14:26:58','2018-12-19 14:26:58','admin'),(140525,1405,2,'泽州','ze zhou','zez','泽州县','2018-12-19 14:26:58','2018-12-19 14:26:58','admin'),(140581,1405,2,'高平','gao ping','gap','高平市','2018-12-19 14:26:58','2018-12-19 14:26:58','admin'),(140602,1406,2,'朔城','shuo cheng','shc','朔城区','2018-12-19 14:26:58','2018-12-19 14:26:58','admin'),(140603,1406,2,'平鲁','ping lu','pil','平鲁区','2018-12-19 14:26:58','2018-12-19 14:26:58','admin'),(140621,1406,2,'山阴','shan yin','shy','山阴县','2018-12-19 14:26:58','2018-12-19 14:26:58','admin'),(140622,1406,2,'应县','ying xian','yix','应县','2018-12-19 14:26:58','2018-12-19 14:26:58','admin'),(140623,1406,2,'右玉','you yu','yoy','右玉县','2018-12-19 14:26:58','2018-12-19 14:26:58','admin'),(140624,1406,2,'怀仁','huai ren','hur','怀仁县','2018-12-19 14:26:58','2018-12-19 14:26:58','admin'),(140671,1406,2,'山西朔州经济开发区','shan xi shuo zhou jing ji kai fa qu','shxs','山西朔州经济开发区','2018-12-19 14:26:58','2018-12-19 14:26:58','admin'),(140702,1407,2,'榆次','yu ci','yuc','榆次区','2018-12-19 14:26:58','2018-12-19 14:26:58','admin'),(140721,1407,2,'榆社','yu she','yus','榆社县','2018-12-19 14:26:58','2018-12-19 14:26:58','admin'),(140722,1407,2,'左权','zuo quan','zuq','左权县','2018-12-19 14:26:58','2018-12-19 14:26:58','admin'),(140723,1407,2,'和顺','he shun','hes','和顺县','2018-12-19 14:26:58','2018-12-19 14:26:58','admin'),(140724,1407,2,'昔阳','xi yang','xiy','昔阳县','2018-12-19 14:26:58','2018-12-19 14:26:58','admin'),(140725,1407,2,'寿阳','shou yang','shy','寿阳县','2018-12-19 14:26:58','2018-12-19 14:26:58','admin'),(140726,1407,2,'太谷','tai gu','tag','太谷县','2018-12-19 14:26:58','2018-12-19 14:26:58','admin'),(140727,1407,2,'祁县','qi xian','qix','祁县','2018-12-19 14:26:58','2018-12-19 14:26:58','admin'),(140728,1407,2,'平遥','ping yao','piy','平遥县','2018-12-19 14:26:58','2018-12-19 14:26:58','admin'),(140729,1407,2,'灵石','ling shi','lis','灵石县','2018-12-19 14:26:58','2018-12-19 14:26:58','admin'),(140781,1407,2,'介休','jie xiu','jix','介休市','2018-12-19 14:26:58','2018-12-19 14:26:58','admin'),(140802,1408,2,'盐湖','yan hu','yah','盐湖区','2018-12-19 14:26:58','2018-12-19 14:26:58','admin'),(140821,1408,2,'临猗','lin yi','liy','临猗县','2018-12-19 14:26:58','2018-12-19 14:26:58','admin'),(140822,1408,2,'万荣','wan rong','war','万荣县','2018-12-19 14:26:58','2018-12-19 14:26:58','admin'),(140823,1408,2,'闻喜','wen xi','wex','闻喜县','2018-12-19 14:26:58','2018-12-19 14:26:58','admin'),(140824,1408,2,'稷山','ji shan','jis','稷山县','2018-12-19 14:26:58','2018-12-19 14:26:58','admin'),(140825,1408,2,'新绛','xin jiang','xij','新绛县','2018-12-19 14:26:58','2018-12-19 14:26:58','admin'),(140826,1408,2,'绛县','jiang xian','jix','绛县','2018-12-19 14:26:58','2018-12-19 14:26:58','admin'),(140827,1408,2,'垣曲','yuan qu','yuq','垣曲县','2018-12-19 14:26:58','2018-12-19 14:26:58','admin'),(140828,1408,2,'夏县','xia xian','xix','夏县','2018-12-19 14:26:58','2018-12-19 14:26:58','admin'),(140829,1408,2,'平陆','ping lu','pil','平陆县','2018-12-19 14:26:58','2018-12-19 14:26:58','admin'),(140830,1408,2,'芮城','rui cheng','ruc','芮城县','2018-12-19 14:26:58','2018-12-19 14:26:58','admin'),(140881,1408,2,'永济','yong ji','yoj','永济市','2018-12-19 14:26:58','2018-12-19 14:26:58','admin'),(140882,1408,2,'河津','he jin','hej','河津市','2018-12-19 14:26:58','2018-12-19 14:26:58','admin'),(140902,1409,2,'忻府','xin fu','xif','忻府区','2018-12-19 14:26:58','2018-12-19 14:26:58','admin'),(140921,1409,2,'定襄','ding xiang','dix','定襄县','2018-12-19 14:26:58','2018-12-19 14:26:58','admin'),(140922,1409,2,'五台','wu tai','wut','五台县','2018-12-19 14:26:58','2018-12-19 14:26:58','admin'),(140923,1409,2,'代县','dai xian','dax','代县','2018-12-19 14:26:58','2018-12-19 14:26:58','admin'),(140924,1409,2,'繁峙','fan shi','fas','繁峙县','2018-12-19 14:26:58','2018-12-19 14:26:58','admin'),(140925,1409,2,'宁武','ning wu','niw','宁武县','2018-12-19 14:26:58','2018-12-19 14:26:58','admin'),(140926,1409,2,'静乐','jing le','jil','静乐县','2018-12-19 14:26:58','2018-12-19 14:26:58','admin'),(140927,1409,2,'神池','shen chi','shc','神池县','2018-12-19 14:26:58','2018-12-19 14:26:58','admin'),(140928,1409,2,'五寨','wu zhai','wuz','五寨县','2018-12-19 14:26:58','2018-12-19 14:26:58','admin'),(140929,1409,2,'岢岚','ke lan','kel','岢岚县','2018-12-19 14:26:58','2018-12-19 14:26:58','admin'),(140930,1409,2,'河曲','he qu','heq','河曲县','2018-12-19 14:26:58','2018-12-19 14:26:58','admin'),(140931,1409,2,'保德','bao de','bad','保德县','2018-12-19 14:26:58','2018-12-19 14:26:58','admin'),(140932,1409,2,'偏关','pian guan','pig','偏关县','2018-12-19 14:26:58','2018-12-19 14:26:58','admin'),(140971,1409,2,'五台山风景名胜区','wu tai shan feng jing ming sheng qu','wuts','五台山风景名胜区','2018-12-19 14:26:58','2018-12-19 14:26:58','admin'),(140981,1409,2,'原平','yuan ping','yup','原平市','2018-12-19 14:26:58','2018-12-19 14:26:58','admin'),(141002,1410,2,'尧都','yao du','yad','尧都区','2018-12-19 14:26:58','2018-12-19 14:26:58','admin'),(141021,1410,2,'曲沃','qu wo','quw','曲沃县','2018-12-19 14:26:58','2018-12-19 14:26:58','admin'),(141022,1410,2,'翼城','yi cheng','yic','翼城县','2018-12-19 14:26:58','2018-12-19 14:26:58','admin'),(141023,1410,2,'襄汾','xiang fen','xif','襄汾县','2018-12-19 14:26:58','2018-12-19 14:26:58','admin'),(141024,1410,2,'洪洞','hong dong','hod','洪洞县','2018-12-19 14:26:58','2018-12-19 14:26:58','admin'),(141025,1410,2,'古县','gu xian','gux','古县','2018-12-19 14:26:58','2018-12-19 14:26:58','admin'),(141026,1410,2,'安泽','an ze','anz','安泽县','2018-12-19 14:26:58','2018-12-19 14:26:58','admin'),(141027,1410,2,'浮山','fu shan','fus','浮山县','2018-12-19 14:26:58','2018-12-19 14:26:58','admin'),(141028,1410,2,'吉县','ji xian','jix','吉县','2018-12-19 14:26:58','2018-12-19 14:26:58','admin'),(141029,1410,2,'乡宁','xiang ning','xin','乡宁县','2018-12-19 14:26:58','2018-12-19 14:26:58','admin'),(141030,1410,2,'大宁','da ning','dan','大宁县','2018-12-19 14:26:58','2018-12-19 14:26:58','admin'),(141031,1410,2,'隰县','xi xian','xix','隰县','2018-12-19 14:26:58','2018-12-19 14:26:58','admin'),(141032,1410,2,'永和','yong he','yoh','永和县','2018-12-19 14:26:58','2018-12-19 14:26:58','admin'),(141033,1410,2,'蒲县','pu xian','pux','蒲县','2018-12-19 14:26:58','2018-12-19 14:26:58','admin'),(141034,1410,2,'汾西','fen xi','fex','汾西县','2018-12-19 14:26:58','2018-12-19 14:26:58','admin'),(141081,1410,2,'侯马','hou ma','hom','侯马市','2018-12-19 14:26:58','2018-12-19 14:26:58','admin'),(141082,1410,2,'霍州','huo zhou','huz','霍州市','2018-12-19 14:26:58','2018-12-19 14:26:58','admin'),(141102,1411,2,'离石','li shi','lis','离石区','2018-12-19 14:26:58','2018-12-19 14:26:58','admin'),(141121,1411,2,'文水','wen shui','wes','文水县','2018-12-19 14:26:58','2018-12-19 14:26:58','admin'),(141122,1411,2,'交城','jiao cheng','jic','交城县','2018-12-19 14:26:58','2018-12-19 14:26:58','admin'),(141123,1411,2,'兴县','xing xian','xix','兴县','2018-12-19 14:26:58','2018-12-19 14:26:58','admin'),(141124,1411,2,'临县','lin xian','lix','临县','2018-12-19 14:26:58','2018-12-19 14:26:58','admin'),(141125,1411,2,'柳林','liu lin','lil','柳林县','2018-12-19 14:26:58','2018-12-19 14:26:58','admin'),(141126,1411,2,'石楼','shi lou','shl','石楼县','2018-12-19 14:26:58','2018-12-19 14:26:58','admin'),(141127,1411,2,'岚县','lan xian','lax','岚县','2018-12-19 14:26:58','2018-12-19 14:26:58','admin'),(141128,1411,2,'方山','fang shan','fas','方山县','2018-12-19 14:26:58','2018-12-19 14:26:58','admin'),(141129,1411,2,'中阳','zhong yang','zhy','中阳县','2018-12-19 14:26:58','2018-12-19 14:26:58','admin'),(141130,1411,2,'交口','jiao kou','jik','交口县','2018-12-19 14:26:58','2018-12-19 14:26:58','admin'),(141181,1411,2,'孝义','xiao yi','xiy','孝义市','2018-12-19 14:26:58','2018-12-19 14:26:58','admin'),(141182,1411,2,'汾阳','fen yang','fey','汾阳市','2018-12-19 14:26:58','2018-12-19 14:26:58','admin'),(150102,1501,2,'新城','xin cheng','xic','新城区','2018-12-19 14:26:58','2018-12-19 14:26:58','admin'),(150103,1501,2,'回民','hui min','hum','回民区','2018-12-19 14:26:58','2018-12-19 14:26:58','admin'),(150104,1501,2,'玉泉','yu quan','yuq','玉泉区','2018-12-19 14:26:58','2018-12-19 14:26:58','admin'),(150105,1501,2,'赛罕','sai han','sah','赛罕区','2018-12-19 14:26:58','2018-12-19 14:26:58','admin'),(150121,1501,2,'土默特左旗','tu mo te zuo qi','tumt','土默特左旗','2018-12-19 14:26:58','2018-12-19 14:26:58','admin'),(150122,1501,2,'托克托','tuo ke tuo','tukt','托克托县','2018-12-19 14:26:58','2018-12-19 14:26:58','admin'),(150123,1501,2,'和林格尔','he lin ge er','helg','和林格尔县','2018-12-19 14:26:58','2018-12-19 14:26:58','admin'),(150124,1501,2,'清水河','qing shui he','qish','清水河县','2018-12-19 14:26:58','2018-12-19 14:26:58','admin'),(150125,1501,2,'武川','wu chuan','wuc','武川县','2018-12-19 14:26:58','2018-12-19 14:26:58','admin'),(150171,1501,2,'呼和浩特金海工业园','hu he hao te jin hai gong ye yuan','huhh','呼和浩特金海工业园区','2018-12-19 14:26:58','2018-12-19 14:26:58','admin'),(150172,1501,2,'呼和浩特经济技术开发区','hu he hao te jing ji ji shu kai fa qu','huhh','呼和浩特经济技术开发区','2018-12-19 14:26:58','2018-12-19 14:26:58','admin'),(150202,1502,2,'东河','dong he','doh','东河区','2018-12-19 14:26:58','2018-12-19 14:26:58','admin'),(150203,1502,2,'昆都仑','kun du lun','kudl','昆都仑区','2018-12-19 14:26:58','2018-12-19 14:26:58','admin'),(150204,1502,2,'青山','qing shan','qis','青山区','2018-12-19 14:26:58','2018-12-19 14:26:58','admin'),(150205,1502,2,'石拐','shi guai','shg','石拐区','2018-12-19 14:26:58','2018-12-19 14:26:58','admin'),(150206,1502,2,'白云鄂博矿区','bai yun e bo kuang qu','baye','白云鄂博矿区','2018-12-19 14:26:58','2018-12-19 14:26:58','admin'),(150207,1502,2,'九原','jiu yuan','jiy','九原区','2018-12-19 14:26:58','2018-12-19 14:26:58','admin'),(150221,1502,2,'土默特右旗','tu mo te you qi','tumt','土默特右旗','2018-12-19 14:26:58','2018-12-19 14:26:58','admin'),(150222,1502,2,'固阳','gu yang','guy','固阳县','2018-12-19 14:26:58','2018-12-19 14:26:58','admin'),(150223,1502,2,'达尔罕茂明安联合旗','da er han mao ming an lian he qi','daeh','达尔罕茂明安联合旗','2018-12-19 14:26:58','2018-12-19 14:26:58','admin'),(150271,1502,2,'包头稀土高新技术产业开发区','bao tou xi tu gao xin ji shu chan ye kai fa qu','batx','包头稀土高新技术产业开发区','2018-12-19 14:26:58','2018-12-19 14:26:58','admin'),(150302,1503,2,'海勃湾','hai bo wan','habw','海勃湾区','2018-12-19 14:26:58','2018-12-19 14:26:58','admin'),(150303,1503,2,'海南','hai nan','han','海南区','2018-12-19 14:26:58','2018-12-19 14:26:58','admin'),(150304,1503,2,'乌达','wu da','wud','乌达区','2018-12-19 14:26:58','2018-12-19 14:26:58','admin'),(150402,1504,2,'红山','hong shan','hos','红山区','2018-12-19 14:26:58','2018-12-19 14:26:58','admin'),(150403,1504,2,'元宝山','yuan bao shan','yubs','元宝山区','2018-12-19 14:26:58','2018-12-19 14:26:58','admin'),(150404,1504,2,'松山','song shan','sos','松山区','2018-12-19 14:26:58','2018-12-19 14:26:58','admin'),(150421,1504,2,'阿鲁科尔沁旗','a lu ke er qin qi','alk','阿鲁科尔沁旗','2018-12-19 14:26:58','2018-12-19 14:26:58','admin'),(150422,1504,2,'巴林左旗','ba lin zuo qi','balz','巴林左旗','2018-12-19 14:26:58','2018-12-19 14:26:58','admin'),(150423,1504,2,'巴林右旗','ba lin you qi','baly','巴林右旗','2018-12-19 14:26:58','2018-12-19 14:26:58','admin'),(150424,1504,2,'林西','lin xi','lix','林西县','2018-12-19 14:26:58','2018-12-19 14:26:58','admin'),(150425,1504,2,'克什克腾旗','ke shi ke teng qi','kesk','克什克腾旗','2018-12-19 14:26:58','2018-12-19 14:26:58','admin'),(150426,1504,2,'翁牛特旗','weng niu te qi','went','翁牛特旗','2018-12-19 14:26:58','2018-12-19 14:26:58','admin'),(150428,1504,2,'喀喇沁旗','ka la qin qi','kalq','喀喇沁旗','2018-12-19 14:26:58','2018-12-19 14:26:58','admin'),(150429,1504,2,'宁城','ning cheng','nic','宁城县','2018-12-19 14:26:58','2018-12-19 14:26:58','admin'),(150430,1504,2,'敖汉旗','ao han qi','aohq','敖汉旗','2018-12-19 14:26:58','2018-12-19 14:26:58','admin'),(150502,1505,2,'科尔沁','ke er qin','keeq','科尔沁区','2018-12-19 14:26:58','2018-12-19 14:26:58','admin'),(150521,1505,2,'科尔沁左翼中旗','ke er qin zuo yi zhong qi','keeq','科尔沁左翼中旗','2018-12-19 14:26:58','2018-12-19 14:26:58','admin'),(150522,1505,2,'科尔沁左翼后旗','ke er qin zuo yi hou qi','keeq','科尔沁左翼后旗','2018-12-19 14:26:58','2018-12-19 14:26:58','admin'),(150523,1505,2,'开鲁','kai lu','kal','开鲁县','2018-12-19 14:26:58','2018-12-19 14:26:58','admin'),(150524,1505,2,'库伦旗','ku lun qi','kulq','库伦旗','2018-12-19 14:26:58','2018-12-19 14:26:58','admin'),(150525,1505,2,'奈曼旗','nai man qi','namq','奈曼旗','2018-12-19 14:26:58','2018-12-19 14:26:58','admin'),(150526,1505,2,'扎鲁特旗','zha lu te qi','zhlt','扎鲁特旗','2018-12-19 14:26:58','2018-12-19 14:26:58','admin'),(150571,1505,2,'通辽经济技术开发区','tong liao jing ji ji shu kai fa qu','tolj','通辽经济技术开发区','2018-12-19 14:26:58','2018-12-19 14:26:58','admin'),(150581,1505,2,'霍林郭勒','huo lin guo le','hulg','霍林郭勒市','2018-12-19 14:26:58','2018-12-19 14:26:58','admin'),(150602,1506,2,'东胜','dong sheng','dos','东胜区','2018-12-19 14:26:58','2018-12-19 14:26:58','admin'),(150603,1506,2,'康巴什','kang ba shi','kabs','康巴什区','2018-12-19 14:26:58','2018-12-19 14:26:58','admin'),(150621,1506,2,'达拉特旗','da la te qi','dalt','达拉特旗','2018-12-19 14:26:58','2018-12-19 14:26:58','admin'),(150622,1506,2,'准格尔旗','zhun ge er qi','zhge','准格尔旗','2018-12-19 14:26:58','2018-12-19 14:26:58','admin'),(150623,1506,2,'鄂托克前旗','e tuo ke qian qi','etk','鄂托克前旗','2018-12-19 14:26:58','2018-12-19 14:26:58','admin'),(150624,1506,2,'鄂托克旗','e tuo ke qi','etk','鄂托克旗','2018-12-19 14:26:58','2018-12-19 14:26:58','admin'),(150625,1506,2,'杭锦旗','hang jin qi','hajq','杭锦旗','2018-12-19 14:26:58','2018-12-19 14:26:58','admin'),(150626,1506,2,'乌审旗','wu shen qi','wusq','乌审旗','2018-12-19 14:26:58','2018-12-19 14:26:58','admin'),(150627,1506,2,'伊金霍洛旗','yi jin huo luo qi','yijh','伊金霍洛旗','2018-12-19 14:26:58','2018-12-19 14:26:58','admin'),(150702,1507,2,'海拉尔','hai la er','hale','海拉尔区','2018-12-19 14:26:58','2018-12-19 14:26:58','admin'),(150703,1507,2,'扎赉诺尔','zha lai nuo er','zhln','扎赉诺尔区','2018-12-19 14:26:58','2018-12-19 14:26:58','admin'),(150721,1507,2,'阿荣旗','a rong qi','arq','阿荣旗','2018-12-19 14:26:58','2018-12-19 14:26:58','admin'),(150722,1507,2,'莫力达瓦达斡尔族自治旗','mo li da wa da wo er zu zi zhi qi','mold','莫力达瓦达斡尔族自治旗','2018-12-19 14:26:58','2018-12-19 14:26:58','admin'),(150723,1507,2,'鄂伦春自治旗','e lun chun zi zhi qi','elc','鄂伦春自治旗','2018-12-19 14:26:58','2018-12-19 14:26:58','admin'),(150724,1507,2,'鄂温克族自治旗','e wen ke zu zi zhi qi','ewk','鄂温克族自治旗','2018-12-19 14:26:58','2018-12-19 14:26:58','admin'),(150725,1507,2,'陈巴尔虎旗','chen ba er hu qi','chbe','陈巴尔虎旗','2018-12-19 14:26:58','2018-12-19 14:26:58','admin'),(150726,1507,2,'新巴尔虎左旗','xin ba er hu zuo qi','xibe','新巴尔虎左旗','2018-12-19 14:26:58','2018-12-19 14:26:58','admin'),(150727,1507,2,'新巴尔虎右旗','xin ba er hu you qi','xibe','新巴尔虎右旗','2018-12-19 14:26:58','2018-12-19 14:26:58','admin'),(150781,1507,2,'满洲里','man zhou li','mazl','满洲里市','2018-12-19 14:26:58','2018-12-19 14:26:58','admin'),(150782,1507,2,'牙克石','ya ke shi','yaks','牙克石市','2018-12-19 14:26:58','2018-12-19 14:26:58','admin'),(150783,1507,2,'扎兰屯','zha lan tun','zhlt','扎兰屯市','2018-12-19 14:26:58','2018-12-19 14:26:58','admin'),(150784,1507,2,'额尔古纳','e er gu na','eeg','额尔古纳市','2018-12-19 14:26:58','2018-12-19 14:26:58','admin'),(150785,1507,2,'根河','gen he','geh','根河市','2018-12-19 14:26:58','2018-12-19 14:26:58','admin'),(150802,1508,2,'临河','lin he','lih','临河区','2018-12-19 14:26:58','2018-12-19 14:26:58','admin'),(150821,1508,2,'五原','wu yuan','wuy','五原县','2018-12-19 14:26:58','2018-12-19 14:26:58','admin'),(150822,1508,2,'磴口','deng kou','dek','磴口县','2018-12-19 14:26:58','2018-12-19 14:26:58','admin'),(150823,1508,2,'乌拉特前旗','wu la te qian qi','wult','乌拉特前旗','2018-12-19 14:26:58','2018-12-19 14:26:58','admin'),(150824,1508,2,'乌拉特中旗','wu la te zhong qi','wult','乌拉特中旗','2018-12-19 14:26:58','2018-12-19 14:26:58','admin'),(150825,1508,2,'乌拉特后旗','wu la te hou qi','wult','乌拉特后旗','2018-12-19 14:26:58','2018-12-19 14:26:58','admin'),(150826,1508,2,'杭锦后旗','hang jin hou qi','hajh','杭锦后旗','2018-12-19 14:26:58','2018-12-19 14:26:58','admin'),(150902,1509,2,'集宁','ji ning','jin','集宁区','2018-12-19 14:26:58','2018-12-19 14:26:58','admin'),(150921,1509,2,'卓资','zhuo zi','zhz','卓资县','2018-12-19 14:26:58','2018-12-19 14:26:58','admin'),(150922,1509,2,'化德','hua de','hud','化德县','2018-12-19 14:26:58','2018-12-19 14:26:58','admin'),(150923,1509,2,'商都','shang du','shd','商都县','2018-12-19 14:26:58','2018-12-19 14:26:58','admin'),(150924,1509,2,'兴和','xing he','xih','兴和县','2018-12-19 14:26:58','2018-12-19 14:26:58','admin'),(150925,1509,2,'凉城','liang cheng','lic','凉城县','2018-12-19 14:26:58','2018-12-19 14:26:58','admin'),(150926,1509,2,'察哈尔右翼前旗','cha ha er you yi qian qi','chhe','察哈尔右翼前旗','2018-12-19 14:26:58','2018-12-19 14:26:58','admin'),(150927,1509,2,'察哈尔右翼中旗','cha ha er you yi zhong qi','chhe','察哈尔右翼中旗','2018-12-19 14:26:58','2018-12-19 14:26:58','admin'),(150928,1509,2,'察哈尔右翼后旗','cha ha er you yi hou qi','chhe','察哈尔右翼后旗','2018-12-19 14:26:58','2018-12-19 14:26:58','admin'),(150929,1509,2,'四子王旗','si zi wang qi','sizw','四子王旗','2018-12-19 14:26:58','2018-12-19 14:26:58','admin'),(150981,1509,2,'丰镇','feng zhen','fez','丰镇市','2018-12-19 14:26:58','2018-12-19 14:26:58','admin'),(152201,1522,2,'乌兰浩特','wu lan hao te','wulh','乌兰浩特市','2018-12-19 14:26:58','2018-12-19 14:26:58','admin'),(152202,1522,2,'阿尔山','a er shan','aes','阿尔山市','2018-12-19 14:26:58','2018-12-19 14:26:58','admin'),(152221,1522,2,'科尔沁右翼前旗','ke er qin you yi qian qi','keeq','科尔沁右翼前旗','2018-12-19 14:26:58','2018-12-19 14:26:58','admin'),(152222,1522,2,'科尔沁右翼中旗','ke er qin you yi zhong qi','keeq','科尔沁右翼中旗','2018-12-19 14:26:58','2018-12-19 14:26:58','admin'),(152223,1522,2,'扎赉特旗','zha lai te qi','zhlt','扎赉特旗','2018-12-19 14:26:58','2018-12-19 14:26:58','admin'),(152224,1522,2,'突泉','tu quan','tuq','突泉县','2018-12-19 14:26:58','2018-12-19 14:26:58','admin'),(152501,1525,2,'二连浩特','er lian hao te','erlh','二连浩特市','2018-12-19 14:26:58','2018-12-19 14:26:58','admin'),(152502,1525,2,'锡林浩特','xi lin hao te','xilh','锡林浩特市','2018-12-19 14:26:58','2018-12-19 14:26:58','admin'),(152522,1525,2,'阿巴嘎旗','a ba ga qi','abg','阿巴嘎旗','2018-12-19 14:26:58','2018-12-19 14:26:58','admin'),(152523,1525,2,'苏尼特左旗','su ni te zuo qi','sunt','苏尼特左旗','2018-12-19 14:26:58','2018-12-19 14:26:58','admin'),(152524,1525,2,'苏尼特右旗','su ni te you qi','sunt','苏尼特右旗','2018-12-19 14:26:58','2018-12-19 14:26:58','admin'),(152525,1525,2,'东乌珠穆沁旗','dong wu zhu mu qin qi','dowz','东乌珠穆沁旗','2018-12-19 14:26:58','2018-12-19 14:26:58','admin'),(152526,1525,2,'西乌珠穆沁旗','xi wu zhu mu qin qi','xiwz','西乌珠穆沁旗','2018-12-19 14:26:58','2018-12-19 14:26:58','admin'),(152527,1525,2,'太仆寺旗','tai pu si qi','taps','太仆寺旗','2018-12-19 14:26:58','2018-12-19 14:26:58','admin'),(152528,1525,2,'镶黄旗','xiang huang qi','xihq','镶黄旗','2018-12-19 14:26:58','2018-12-19 14:26:58','admin'),(152529,1525,2,'正镶白旗','zheng xiang bai qi','zhxb','正镶白旗','2018-12-19 14:26:58','2018-12-19 14:26:58','admin'),(152530,1525,2,'正蓝旗','zheng lan qi','zhlq','正蓝旗','2018-12-19 14:26:58','2018-12-19 14:26:58','admin'),(152531,1525,2,'多伦','duo lun','dul','多伦县','2018-12-19 14:26:58','2018-12-19 14:26:58','admin'),(152571,1525,2,'乌拉盖','wu la gai','wulg','乌拉盖管委会','2018-12-19 14:26:58','2018-12-19 14:26:58','admin'),(152921,1529,2,'阿拉善左旗','a la shan zuo qi','als','阿拉善左旗','2018-12-19 14:26:58','2018-12-19 14:26:58','admin'),(152922,1529,2,'阿拉善右旗','a la shan you qi','als','阿拉善右旗','2018-12-19 14:26:58','2018-12-19 14:26:58','admin'),(152923,1529,2,'额济纳旗','e ji na qi','ejn','额济纳旗','2018-12-19 14:26:58','2018-12-19 14:26:58','admin'),(152971,1529,2,'内蒙古阿拉善经济开发区','nei meng gu a la shan jing ji kai fa qu','nemg','内蒙古阿拉善经济开发区','2018-12-19 14:26:58','2018-12-19 14:26:58','admin'),(210102,2101,2,'和平','he ping','hep','和平区','2018-12-19 14:26:58','2018-12-19 14:26:58','admin'),(210103,2101,2,'沈河','shen he','shh','沈河区','2018-12-19 14:26:58','2018-12-19 14:26:58','admin'),(210104,2101,2,'大东','da dong','dad','大东区','2018-12-19 14:26:58','2018-12-19 14:26:58','admin'),(210105,2101,2,'皇姑','huang gu','hug','皇姑区','2018-12-19 14:26:58','2018-12-19 14:26:58','admin'),(210106,2101,2,'铁西','tie xi','tix','铁西区','2018-12-19 14:26:58','2018-12-19 14:26:58','admin'),(210111,2101,2,'苏家屯','su jia tun','sujt','苏家屯区','2018-12-19 14:26:58','2018-12-19 14:26:58','admin'),(210112,2101,2,'浑南','hun nan','hun','浑南区','2018-12-19 14:26:58','2018-12-19 14:26:58','admin'),(210113,2101,2,'沈北新区','shen bei xin qu','shbx','沈北新区','2018-12-19 14:26:58','2018-12-19 14:26:58','admin'),(210114,2101,2,'于洪','yu hong','yuh','于洪区','2018-12-19 14:26:58','2018-12-19 14:26:58','admin'),(210115,2101,2,'辽中','liao zhong','liz','辽中区','2018-12-19 14:26:58','2018-12-19 14:26:58','admin'),(210123,2101,2,'康平','kang ping','kap','康平县','2018-12-19 14:26:58','2018-12-19 14:26:58','admin'),(210124,2101,2,'法库','fa ku','fak','法库县','2018-12-19 14:26:58','2018-12-19 14:26:58','admin'),(210181,2101,2,'新民','xin min','xim','新民市','2018-12-19 14:26:58','2018-12-19 14:26:58','admin'),(210202,2102,2,'中山','zhong shan','zhs','中山区','2018-12-19 14:26:58','2018-12-19 14:26:58','admin'),(210203,2102,2,'西岗','xi gang','xig','西岗区','2018-12-19 14:26:58','2018-12-19 14:26:58','admin'),(210204,2102,2,'沙河口','sha he kou','shhk','沙河口区','2018-12-19 14:26:58','2018-12-19 14:26:58','admin'),(210211,2102,2,'甘井子','gan jing zi','gajz','甘井子区','2018-12-19 14:26:58','2018-12-19 14:26:58','admin'),(210212,2102,2,'旅顺口','lv shun kou','lvsk','旅顺口区','2018-12-19 14:26:58','2018-12-19 14:26:58','admin'),(210213,2102,2,'金州','jin zhou','jiz','金州区','2018-12-19 14:26:58','2018-12-19 14:26:58','admin'),(210214,2102,2,'普兰店','pu lan dian','puld','普兰店区','2018-12-19 14:26:58','2018-12-19 14:26:58','admin'),(210224,2102,2,'长海','chang hai','chh','长海县','2018-12-19 14:26:58','2018-12-19 14:26:58','admin'),(210281,2102,2,'瓦房店','wa fang dian','wafd','瓦房店市','2018-12-19 14:26:58','2018-12-19 14:26:58','admin'),(210283,2102,2,'庄河','zhuang he','zhh','庄河市','2018-12-19 14:26:58','2018-12-19 14:26:58','admin'),(210302,2103,2,'铁东','tie dong','tid','铁东区','2018-12-19 14:26:58','2018-12-19 14:26:58','admin'),(210303,2103,2,'铁西','tie xi','tix','铁西区','2018-12-19 14:26:58','2018-12-19 14:26:58','admin'),(210304,2103,2,'立山','li shan','lis','立山区','2018-12-19 14:26:58','2018-12-19 14:26:58','admin'),(210311,2103,2,'千山','qian shan','qis','千山区','2018-12-19 14:26:58','2018-12-19 14:26:58','admin'),(210321,2103,2,'台安','tai an','taa','台安县','2018-12-19 14:26:58','2018-12-19 14:26:58','admin'),(210323,2103,2,'岫岩满族自治县','xiu yan man zu zi zhi xian','xiym','岫岩满族自治县','2018-12-19 14:26:58','2018-12-19 14:26:58','admin'),(210381,2103,2,'海城','hai cheng','hac','海城市','2018-12-19 14:26:58','2018-12-19 14:26:58','admin'),(210402,2104,2,'新抚','xin fu','xif','新抚区','2018-12-19 14:26:58','2018-12-19 14:26:58','admin'),(210403,2104,2,'东洲','dong zhou','doz','东洲区','2018-12-19 14:26:58','2018-12-19 14:26:58','admin'),(210404,2104,2,'望花','wang hua','wah','望花区','2018-12-19 14:26:58','2018-12-19 14:26:58','admin'),(210411,2104,2,'顺城','shun cheng','shc','顺城区','2018-12-19 14:26:58','2018-12-19 14:26:58','admin'),(210421,2104,2,'抚顺','fu shun','fus','抚顺县','2018-12-19 14:26:58','2018-12-19 14:26:58','admin'),(210422,2104,2,'新宾满族自治县','xin bin man zu zi zhi xian','xibm','新宾满族自治县','2018-12-19 14:26:58','2018-12-19 14:26:58','admin'),(210423,2104,2,'清原满族自治县','qing yuan man zu zi zhi xian','qiym','清原满族自治县','2018-12-19 14:26:58','2018-12-19 14:26:58','admin'),(210502,2105,2,'平山','ping shan','pis','平山区','2018-12-19 14:26:58','2018-12-19 14:26:58','admin'),(210503,2105,2,'溪湖','xi hu','xih','溪湖区','2018-12-19 14:26:58','2018-12-19 14:26:58','admin'),(210504,2105,2,'明山','ming shan','mis','明山区','2018-12-19 14:26:58','2018-12-19 14:26:58','admin'),(210505,2105,2,'南芬','nan fen','naf','南芬区','2018-12-19 14:26:58','2018-12-19 14:26:58','admin'),(210521,2105,2,'本溪满族自治县','ben xi man zu zi zhi xian','bexm','本溪满族自治县','2018-12-19 14:26:58','2018-12-19 14:26:58','admin'),(210522,2105,2,'桓仁满族自治县','huan ren man zu zi zhi xian','hurm','桓仁满族自治县','2018-12-19 14:26:58','2018-12-19 14:26:58','admin'),(210602,2106,2,'元宝','yuan bao','yub','元宝区','2018-12-19 14:26:58','2018-12-19 14:26:58','admin'),(210603,2106,2,'振兴','zhen xing','zhx','振兴区','2018-12-19 14:26:58','2018-12-19 14:26:58','admin'),(210604,2106,2,'振安','zhen an','zha','振安区','2018-12-19 14:26:58','2018-12-19 14:26:58','admin'),(210624,2106,2,'宽甸满族自治县','kuan dian man zu zi zhi xian','kudm','宽甸满族自治县','2018-12-19 14:26:58','2018-12-19 14:26:58','admin'),(210681,2106,2,'东港','dong gang','dog','东港市','2018-12-19 14:26:58','2018-12-19 14:26:58','admin'),(210682,2106,2,'凤城','feng cheng','fec','凤城市','2018-12-19 14:26:58','2018-12-19 14:26:58','admin'),(210702,2107,2,'古塔','gu ta','gut','古塔区','2018-12-19 14:26:58','2018-12-19 14:26:58','admin'),(210703,2107,2,'凌河','ling he','lih','凌河区','2018-12-19 14:26:58','2018-12-19 14:26:58','admin'),(210711,2107,2,'太和','tai he','tah','太和区','2018-12-19 14:26:58','2018-12-19 14:26:58','admin'),(210726,2107,2,'黑山','hei shan','hes','黑山县','2018-12-19 14:26:58','2018-12-19 14:26:58','admin'),(210727,2107,2,'义县','yi xian','yix','义县','2018-12-19 14:26:58','2018-12-19 14:26:58','admin'),(210781,2107,2,'凌海','ling hai','lih','凌海市','2018-12-19 14:26:58','2018-12-19 14:26:58','admin'),(210782,2107,2,'北镇','bei zhen','bez','北镇市','2018-12-19 14:26:58','2018-12-19 14:26:58','admin'),(210802,2108,2,'站前','zhan qian','zhq','站前区','2018-12-19 14:26:58','2018-12-19 14:26:58','admin'),(210803,2108,2,'西市','xi shi','xis','西市区','2018-12-19 14:26:58','2018-12-19 14:26:58','admin'),(210804,2108,2,'鲅鱼圈','ba yu quan','bayq','鲅鱼圈区','2018-12-19 14:26:58','2018-12-19 14:26:58','admin'),(210811,2108,2,'老边','lao bian','lab','老边区','2018-12-19 14:26:58','2018-12-19 14:26:58','admin'),(210881,2108,2,'盖州','gai zhou','gaz','盖州市','2018-12-19 14:26:58','2018-12-19 14:26:58','admin'),(210882,2108,2,'大石桥','da shi qiao','dasq','大石桥市','2018-12-19 14:26:58','2018-12-19 14:26:58','admin'),(210902,2109,2,'海州','hai zhou','haz','海州区','2018-12-19 14:26:58','2018-12-19 14:26:58','admin'),(210903,2109,2,'新邱','xin qiu','xiq','新邱区','2018-12-19 14:26:58','2018-12-19 14:26:58','admin'),(210904,2109,2,'太平','tai ping','tap','太平区','2018-12-19 14:26:58','2018-12-19 14:26:58','admin'),(210905,2109,2,'清河门','qing he men','qihm','清河门区','2018-12-19 14:26:58','2018-12-19 14:26:58','admin'),(210911,2109,2,'细河','xi he','xih','细河区','2018-12-19 14:26:58','2018-12-19 14:26:58','admin'),(210921,2109,2,'阜新蒙古族自治县','fu xin meng gu zu zi zhi xian','fuxm','阜新蒙古族自治县','2018-12-19 14:26:58','2018-12-19 14:26:58','admin'),(210922,2109,2,'彰武','zhang wu','zhw','彰武县','2018-12-19 14:26:58','2018-12-19 14:26:58','admin'),(211002,2110,2,'白塔','bai ta','bat','白塔区','2018-12-19 14:26:58','2018-12-19 14:26:58','admin'),(211003,2110,2,'文圣','wen sheng','wes','文圣区','2018-12-19 14:26:58','2018-12-19 14:26:58','admin'),(211004,2110,2,'宏伟','hong wei','how','宏伟区','2018-12-19 14:26:58','2018-12-19 14:26:58','admin'),(211005,2110,2,'弓长岭','gong chang ling','gocl','弓长岭区','2018-12-19 14:26:58','2018-12-19 14:26:58','admin'),(211011,2110,2,'太子河','tai zi he','tazh','太子河区','2018-12-19 14:26:58','2018-12-19 14:26:58','admin'),(211021,2110,2,'辽阳','liao yang','liy','辽阳县','2018-12-19 14:26:58','2018-12-19 14:26:58','admin'),(211081,2110,2,'灯塔','deng ta','det','灯塔市','2018-12-19 14:26:58','2018-12-19 14:26:58','admin'),(211102,2111,2,'双台子','shuang tai zi','shtz','双台子区','2018-12-19 14:26:58','2018-12-19 14:26:58','admin'),(211103,2111,2,'兴隆台','xing long tai','xilt','兴隆台区','2018-12-19 14:26:58','2018-12-19 14:26:58','admin'),(211104,2111,2,'大洼','da wa','daw','大洼区','2018-12-19 14:26:58','2018-12-19 14:26:58','admin'),(211122,2111,2,'盘山','pan shan','pas','盘山县','2018-12-19 14:26:58','2018-12-19 14:26:58','admin'),(211202,2112,2,'银州','yin zhou','yiz','银州区','2018-12-19 14:26:58','2018-12-19 14:26:58','admin'),(211204,2112,2,'清河','qing he','qih','清河区','2018-12-19 14:26:58','2018-12-19 14:26:58','admin'),(211221,2112,2,'铁岭','tie ling','til','铁岭县','2018-12-19 14:26:58','2018-12-19 14:26:58','admin'),(211223,2112,2,'西丰','xi feng','xif','西丰县','2018-12-19 14:26:58','2018-12-19 14:26:58','admin'),(211224,2112,2,'昌图','chang tu','cht','昌图县','2018-12-19 14:26:58','2018-12-19 14:26:58','admin'),(211281,2112,2,'调兵山','diao bing shan','dibs','调兵山市','2018-12-19 14:26:58','2018-12-19 14:26:58','admin'),(211282,2112,2,'开原','kai yuan','kay','开原市','2018-12-19 14:26:58','2018-12-19 14:26:58','admin'),(211302,2113,2,'双塔','shuang ta','sht','双塔区','2018-12-19 14:26:58','2018-12-19 14:26:58','admin'),(211303,2113,2,'龙城','long cheng','loc','龙城区','2018-12-19 14:26:58','2018-12-19 14:26:58','admin'),(211321,2113,2,'朝阳','chao yang','chy','朝阳县','2018-12-19 14:26:58','2018-12-19 14:26:58','admin'),(211322,2113,2,'建平','jian ping','jip','建平县','2018-12-19 14:26:58','2018-12-19 14:26:58','admin'),(211324,2113,2,'喀喇沁左翼蒙古族自治县','ka la qin zuo yi meng gu zu zi zhi xian','kalq','喀喇沁左翼蒙古族自治县','2018-12-19 14:26:58','2018-12-19 14:26:58','admin'),(211381,2113,2,'北票','bei piao','bep','北票市','2018-12-19 14:26:58','2018-12-19 14:26:58','admin'),(211382,2113,2,'凌源','ling yuan','liy','凌源市','2018-12-19 14:26:58','2018-12-19 14:26:58','admin'),(211402,2114,2,'连山','lian shan','lis','连山区','2018-12-19 14:26:58','2018-12-19 14:26:58','admin'),(211403,2114,2,'龙港','long gang','log','龙港区','2018-12-19 14:26:58','2018-12-19 14:26:58','admin'),(211404,2114,2,'南票','nan piao','nap','南票区','2018-12-19 14:26:58','2018-12-19 14:26:58','admin'),(211421,2114,2,'绥中','sui zhong','suz','绥中县','2018-12-19 14:26:58','2018-12-19 14:26:58','admin'),(211422,2114,2,'建昌','jian chang','jic','建昌县','2018-12-19 14:26:58','2018-12-19 14:26:58','admin'),(211481,2114,2,'兴城','xing cheng','xic','兴城市','2018-12-19 14:26:58','2018-12-19 14:26:58','admin'),(220102,2201,2,'南关','nan guan','nag','南关区','2018-12-19 14:26:58','2018-12-19 14:26:58','admin'),(220103,2201,2,'宽城','kuan cheng','kuc','宽城区','2018-12-19 14:26:58','2018-12-19 14:26:58','admin'),(220104,2201,2,'朝阳','chao yang','chy','朝阳区','2018-12-19 14:26:58','2018-12-19 14:26:58','admin'),(220105,2201,2,'二道','er dao','erd','二道区','2018-12-19 14:26:58','2018-12-19 14:26:58','admin'),(220106,2201,2,'绿园','lv yuan','lvy','绿园区','2018-12-19 14:26:58','2018-12-19 14:26:58','admin'),(220112,2201,2,'双阳','shuang yang','shy','双阳区','2018-12-19 14:26:58','2018-12-19 14:26:58','admin'),(220113,2201,2,'九台','jiu tai','jit','九台区','2018-12-19 14:26:58','2018-12-19 14:26:58','admin'),(220122,2201,2,'农安','nong an','noa','农安县','2018-12-19 14:26:58','2018-12-19 14:26:58','admin'),(220171,2201,2,'长春经济技术开发区','chang chun jing ji ji shu kai fa qu','chcj','长春经济技术开发区','2018-12-19 14:26:58','2018-12-19 14:26:58','admin'),(220172,2201,2,'长春净月高新技术产业开发区','chang chun jing yue gao xin ji shu chan ye kai fa qu','chcj','长春净月高新技术产业开发区','2018-12-19 14:26:58','2018-12-19 14:26:58','admin'),(220173,2201,2,'长春高新技术产业开发区','chang chun gao xin ji shu chan ye kai fa qu','chcg','长春高新技术产业开发区','2018-12-19 14:26:58','2018-12-19 14:26:58','admin'),(220174,2201,2,'长春汽车经济技术开发区','chang chun qi che jing ji ji shu kai fa qu','chcq','长春汽车经济技术开发区','2018-12-19 14:26:58','2018-12-19 14:26:58','admin'),(220182,2201,2,'榆树','yu shu','yus','榆树市','2018-12-19 14:26:58','2018-12-19 14:26:58','admin'),(220183,2201,2,'德惠','de hui','deh','德惠市','2018-12-19 14:26:58','2018-12-19 14:26:58','admin'),(220202,2202,2,'昌邑','chang yi','chy','昌邑区','2018-12-19 14:26:58','2018-12-19 14:26:58','admin'),(220203,2202,2,'龙潭','long tan','lot','龙潭区','2018-12-19 14:26:58','2018-12-19 14:26:58','admin'),(220204,2202,2,'船营','chuan ying','chy','船营区','2018-12-19 14:26:58','2018-12-19 14:26:58','admin'),(220211,2202,2,'丰满','feng man','fem','丰满区','2018-12-19 14:26:58','2018-12-19 14:26:58','admin'),(220221,2202,2,'永吉','yong ji','yoj','永吉县','2018-12-19 14:26:58','2018-12-19 14:26:58','admin'),(220271,2202,2,'吉林经济开发区','ji lin jing ji kai fa qu','jilj','吉林经济开发区','2018-12-19 14:26:58','2018-12-19 14:26:58','admin'),(220272,2202,2,'吉林高新技术产业开发区','ji lin gao xin ji shu chan ye kai fa qu','jilg','吉林高新技术产业开发区','2018-12-19 14:26:58','2018-12-19 14:26:58','admin'),(220273,2202,2,'吉林中国新加坡食品','ji lin zhong guo xin jia po shi pin','jilz','吉林中国新加坡食品区','2018-12-19 14:26:58','2018-12-19 14:26:58','admin'),(220281,2202,2,'蛟河','jiao he','jih','蛟河市','2018-12-19 14:26:58','2018-12-19 14:26:58','admin'),(220282,2202,2,'桦甸','hua dian','hud','桦甸市','2018-12-19 14:26:58','2018-12-19 14:26:58','admin'),(220283,2202,2,'舒兰','shu lan','shl','舒兰市','2018-12-19 14:26:58','2018-12-19 14:26:58','admin'),(220284,2202,2,'磐石','pan shi','pas','磐石市','2018-12-19 14:26:58','2018-12-19 14:26:58','admin'),(220302,2203,2,'铁西','tie xi','tix','铁西区','2018-12-19 14:26:58','2018-12-19 14:26:58','admin'),(220303,2203,2,'铁东','tie dong','tid','铁东区','2018-12-19 14:26:58','2018-12-19 14:26:58','admin'),(220322,2203,2,'梨树','li shu','lis','梨树县','2018-12-19 14:26:58','2018-12-19 14:26:58','admin'),(220323,2203,2,'伊通满族自治县','yi tong man zu zi zhi xian','yitm','伊通满族自治县','2018-12-19 14:26:58','2018-12-19 14:26:58','admin'),(220381,2203,2,'公主岭','gong zhu ling','gozl','公主岭市','2018-12-19 14:26:58','2018-12-19 14:26:58','admin'),(220382,2203,2,'双辽','shuang liao','shl','双辽市','2018-12-19 14:26:58','2018-12-19 14:26:58','admin'),(220402,2204,2,'龙山','long shan','los','龙山区','2018-12-19 14:26:58','2018-12-19 14:26:58','admin'),(220403,2204,2,'西安','xi an','xia','西安区','2018-12-19 14:26:58','2018-12-19 14:26:58','admin'),(220421,2204,2,'东丰','dong feng','dof','东丰县','2018-12-19 14:26:58','2018-12-19 14:26:58','admin'),(220422,2204,2,'东辽','dong liao','dol','东辽县','2018-12-19 14:26:58','2018-12-19 14:26:58','admin'),(220502,2205,2,'东昌','dong chang','doc','东昌区','2018-12-19 14:26:58','2018-12-19 14:26:58','admin'),(220503,2205,2,'二道江','er dao jiang','erdj','二道江区','2018-12-19 14:26:58','2018-12-19 14:26:58','admin'),(220521,2205,2,'通化','tong hua','toh','通化县','2018-12-19 14:26:58','2018-12-19 14:26:58','admin'),(220523,2205,2,'辉南','hui nan','hun','辉南县','2018-12-19 14:26:58','2018-12-19 14:26:58','admin'),(220524,2205,2,'柳河','liu he','lih','柳河县','2018-12-19 14:26:58','2018-12-19 14:26:58','admin'),(220581,2205,2,'梅河口','mei he kou','mehk','梅河口市','2018-12-19 14:26:58','2018-12-19 14:26:58','admin'),(220582,2205,2,'集安','ji an','jia','集安市','2018-12-19 14:26:58','2018-12-19 14:26:58','admin'),(220602,2206,2,'浑江','hun jiang','huj','浑江区','2018-12-19 14:26:58','2018-12-19 14:26:58','admin'),(220605,2206,2,'江源','jiang yuan','jiy','江源区','2018-12-19 14:26:58','2018-12-19 14:26:58','admin'),(220621,2206,2,'抚松','fu song','fus','抚松县','2018-12-19 14:26:58','2018-12-19 14:26:58','admin'),(220622,2206,2,'靖宇','jing yu','jiy','靖宇县','2018-12-19 14:26:58','2018-12-19 14:26:58','admin'),(220623,2206,2,'长白朝鲜族自治县','chang bai chao xian zu zi zhi xian','chbc','长白朝鲜族自治县','2018-12-19 14:26:58','2018-12-19 14:26:58','admin'),(220681,2206,2,'临江','lin jiang','lij','临江市','2018-12-19 14:26:58','2018-12-19 14:26:58','admin'),(220702,2207,2,'宁江','ning jiang','nij','宁江区','2018-12-19 14:26:58','2018-12-19 14:26:58','admin'),(220721,2207,2,'前郭尔罗斯蒙古族自治县','qian guo er luo si meng gu zu zi zhi xian','qige','前郭尔罗斯蒙古族自治县','2018-12-19 14:26:58','2018-12-19 14:26:58','admin'),(220722,2207,2,'长岭','chang ling','chl','长岭县','2018-12-19 14:26:58','2018-12-19 14:26:58','admin'),(220723,2207,2,'乾安','gan an','gaa','乾安县','2018-12-19 14:26:58','2018-12-19 14:26:58','admin'),(220771,2207,2,'吉林松原经济开发区','ji lin song yuan jing ji kai fa qu','jils','吉林松原经济开发区','2018-12-19 14:26:58','2018-12-19 14:26:58','admin'),(220781,2207,2,'扶余','fu yu','fuy','扶余市','2018-12-19 14:26:58','2018-12-19 14:26:58','admin'),(220802,2208,2,'洮北','tao bei','tab','洮北区','2018-12-19 14:26:58','2018-12-19 14:26:58','admin'),(220821,2208,2,'镇赉','zhen lai','zhl','镇赉县','2018-12-19 14:26:58','2018-12-19 14:26:58','admin'),(220822,2208,2,'通榆','tong yu','toy','通榆县','2018-12-19 14:26:58','2018-12-19 14:26:58','admin'),(220871,2208,2,'吉林白城经济开发区','ji lin bai cheng jing ji kai fa qu','jilb','吉林白城经济开发区','2018-12-19 14:26:58','2018-12-19 14:26:58','admin'),(220881,2208,2,'洮南','tao nan','tan','洮南市','2018-12-19 14:26:58','2018-12-19 14:26:58','admin'),(220882,2208,2,'大安','da an','daa','大安市','2018-12-19 14:26:58','2018-12-19 14:26:58','admin'),(222401,2224,2,'延吉','yan ji','yaj','延吉市','2018-12-19 14:26:58','2018-12-19 14:26:58','admin'),(222402,2224,2,'图们','tu men','tum','图们市','2018-12-19 14:26:58','2018-12-19 14:26:58','admin'),(222403,2224,2,'敦化','dun hua','duh','敦化市',NULL,NULL,''),(222404,2224,2,'珲春','hun chun','huc','珲春市',NULL,NULL,''),(222405,2224,2,'龙井','long jing','loj','龙井市',NULL,NULL,''),(222406,2224,2,'和龙','he long','hel','和龙市',NULL,NULL,''),(222424,2224,2,'汪清','wang qing','waq','汪清县',NULL,NULL,''),(222426,2224,2,'安图','an tu','ant','安图县',NULL,NULL,''),(230102,2301,2,'道里','dao li','dal','道里区',NULL,NULL,''),(230103,2301,2,'南岗','nan gang','nag','南岗区',NULL,NULL,''),(230104,2301,2,'道外','dao wai','daw','道外区',NULL,NULL,''),(230108,2301,2,'平房','ping fang','pif','平房区',NULL,NULL,''),(230109,2301,2,'松北','song bei','sob','松北区',NULL,NULL,''),(230110,2301,2,'香坊','xiang fang','xif','香坊区',NULL,NULL,''),(230111,2301,2,'呼兰','hu lan','hul','呼兰区',NULL,NULL,''),(230112,2301,2,'阿城','a cheng','ac','阿城区',NULL,NULL,''),(230113,2301,2,'双城','shuang cheng','shc','双城区',NULL,NULL,''),(230123,2301,2,'依兰','yi lan','yil','依兰县',NULL,NULL,''),(230124,2301,2,'方正','fang zheng','faz','方正县',NULL,NULL,''),(230125,2301,2,'宾县','bin xian','bix','宾县',NULL,NULL,''),(230126,2301,2,'巴彦','ba yan','bay','巴彦县',NULL,NULL,''),(230127,2301,2,'木兰','mu lan','mul','木兰县',NULL,NULL,''),(230128,2301,2,'通河','tong he','toh','通河县',NULL,NULL,''),(230129,2301,2,'延寿','yan shou','yas','延寿县',NULL,NULL,''),(230183,2301,2,'尚志','shang zhi','shz','尚志市',NULL,NULL,''),(230184,2301,2,'五常','wu chang','wuc','五常市',NULL,NULL,''),(230202,2302,2,'龙沙','long sha','los','龙沙区',NULL,NULL,''),(230203,2302,2,'建华','jian hua','jih','建华区',NULL,NULL,''),(230204,2302,2,'铁锋','tie feng','tif','铁锋区',NULL,NULL,''),(230205,2302,2,'昂昂溪','ang ang xi','anax','昂昂溪区',NULL,NULL,''),(230206,2302,2,'富拉尔基','fu la er ji','fule','富拉尔基区',NULL,NULL,''),(230207,2302,2,'碾子山','nian zi shan','nizs','碾子山区',NULL,NULL,''),(230208,2302,2,'梅里斯达斡尔族','mei li si da wo er zu','mels','梅里斯达斡尔族区',NULL,NULL,''),(230221,2302,2,'龙江','long jiang','loj','龙江县',NULL,NULL,''),(230223,2302,2,'依安','yi an','yia','依安县',NULL,NULL,''),(230224,2302,2,'泰来','tai lai','tal','泰来县',NULL,NULL,''),(230225,2302,2,'甘南','gan nan','gan','甘南县',NULL,NULL,''),(230227,2302,2,'富裕','fu yu','fuy','富裕县',NULL,NULL,''),(230229,2302,2,'克山','ke shan','kes','克山县',NULL,NULL,''),(230230,2302,2,'克东','ke dong','ked','克东县',NULL,NULL,''),(230231,2302,2,'拜泉','bai quan','baq','拜泉县',NULL,NULL,''),(230281,2302,2,'讷河','ne he','neh','讷河市',NULL,NULL,''),(230302,2303,2,'鸡冠','ji guan','jig','鸡冠区',NULL,NULL,''),(230303,2303,2,'恒山','heng shan','hes','恒山区',NULL,NULL,''),(230304,2303,2,'滴道','di dao','did','滴道区',NULL,NULL,''),(230305,2303,2,'梨树','li shu','lis','梨树区',NULL,NULL,''),(230306,2303,2,'城子河','cheng zi he','chzh','城子河区',NULL,NULL,''),(230307,2303,2,'麻山','ma shan','mas','麻山区',NULL,NULL,''),(230321,2303,2,'鸡东','ji dong','jid','鸡东县',NULL,NULL,''),(230381,2303,2,'虎林','hu lin','hul','虎林市',NULL,NULL,''),(230382,2303,2,'密山','mi shan','mis','密山市',NULL,NULL,''),(230402,2304,2,'向阳','xiang yang','xiy','向阳区',NULL,NULL,''),(230403,2304,2,'工农','gong nong','gon','工农区',NULL,NULL,''),(230404,2304,2,'南山','nan shan','nas','南山区',NULL,NULL,''),(230405,2304,2,'兴安','xing an','xia','兴安区',NULL,NULL,''),(230406,2304,2,'东山','dong shan','dos','东山区',NULL,NULL,''),(230407,2304,2,'兴山','xing shan','xis','兴山区',NULL,NULL,''),(230421,2304,2,'萝北','luo bei','lub','萝北县',NULL,NULL,''),(230422,2304,2,'绥滨','sui bin','sub','绥滨县',NULL,NULL,''),(230502,2305,2,'尖山','jian shan','jis','尖山区',NULL,NULL,''),(230503,2305,2,'岭东','ling dong','lid','岭东区',NULL,NULL,''),(230505,2305,2,'四方台','si fang tai','sift','四方台区',NULL,NULL,''),(230506,2305,2,'宝山','bao shan','bas','宝山区',NULL,NULL,''),(230521,2305,2,'集贤','ji xian','jix','集贤县',NULL,NULL,''),(230522,2305,2,'友谊','you yi','yoy','友谊县',NULL,NULL,''),(230523,2305,2,'宝清','bao qing','baq','宝清县',NULL,NULL,''),(230524,2305,2,'饶河','rao he','rah','饶河县',NULL,NULL,''),(230602,2306,2,'萨尔图','sa er tu','saet','萨尔图区',NULL,NULL,''),(230603,2306,2,'龙凤','long feng','lof','龙凤区',NULL,NULL,''),(230604,2306,2,'让胡路','rang hu lu','rahl','让胡路区',NULL,NULL,''),(230605,2306,2,'红岗','hong gang','hog','红岗区',NULL,NULL,''),(230606,2306,2,'大同','da tong','dat','大同区',NULL,NULL,''),(230621,2306,2,'肇州','zhao zhou','zhz','肇州县',NULL,NULL,''),(230622,2306,2,'肇源','zhao yuan','zhy','肇源县',NULL,NULL,''),(230623,2306,2,'林甸','lin dian','lid','林甸县',NULL,NULL,''),(230624,2306,2,'杜尔伯特蒙古族自治县','du er bo te meng gu zu zi zhi xian','dueb','杜尔伯特蒙古族自治县',NULL,NULL,''),(230671,2306,2,'大庆高新技术产业开发区','da qing gao xin ji shu chan ye kai fa qu','daqg','大庆高新技术产业开发区',NULL,NULL,''),(230702,2307,2,'伊春','yi chun','yic','伊春区',NULL,NULL,''),(230703,2307,2,'南岔','nan cha','nac','南岔区',NULL,NULL,''),(230704,2307,2,'友好','you hao','yoh','友好区',NULL,NULL,''),(230705,2307,2,'西林','xi lin','xil','西林区',NULL,NULL,''),(230706,2307,2,'翠峦','cui luan','cul','翠峦区',NULL,NULL,''),(230707,2307,2,'新青','xin qing','xiq','新青区',NULL,NULL,''),(230708,2307,2,'美溪','mei xi','mex','美溪区',NULL,NULL,''),(230709,2307,2,'金山屯','jin shan tun','jist','金山屯区',NULL,NULL,''),(230710,2307,2,'五营','wu ying','wuy','五营区',NULL,NULL,''),(230711,2307,2,'乌马河','wu ma he','wumh','乌马河区',NULL,NULL,''),(230712,2307,2,'汤旺河','tang wang he','tawh','汤旺河区',NULL,NULL,''),(230713,2307,2,'带岭','dai ling','dal','带岭区',NULL,NULL,''),(230714,2307,2,'乌伊岭','wu yi ling','wuyl','乌伊岭区',NULL,NULL,''),(230715,2307,2,'红星','hong xing','hox','红星区',NULL,NULL,''),(230716,2307,2,'上甘岭','shang gan ling','shgl','上甘岭区',NULL,NULL,''),(230722,2307,2,'嘉荫','jia yin','jiy','嘉荫县',NULL,NULL,''),(230781,2307,2,'铁力','tie li','til','铁力市',NULL,NULL,''),(230803,2308,2,'向阳','xiang yang','xiy','向阳区',NULL,NULL,''),(230804,2308,2,'前进','qian jin','qij','前进区',NULL,NULL,''),(230805,2308,2,'东风','dong feng','dof','东风区',NULL,NULL,''),(230811,2308,2,'郊区','jiao qu','jiq','郊区',NULL,NULL,''),(230822,2308,2,'桦南','hua nan','hun','桦南县',NULL,NULL,''),(230826,2308,2,'桦川','hua chuan','huc','桦川县',NULL,NULL,''),(230828,2308,2,'汤原','tang yuan','tay','汤原县',NULL,NULL,''),(230881,2308,2,'同江','tong jiang','toj','同江市',NULL,NULL,''),(230882,2308,2,'富锦','fu jin','fuj','富锦市',NULL,NULL,''),(230883,2308,2,'抚远','fu yuan','fuy','抚远市',NULL,NULL,''),(230902,2309,2,'新兴','xin xing','xix','新兴区',NULL,NULL,''),(230903,2309,2,'桃山','tao shan','tas','桃山区',NULL,NULL,''),(230904,2309,2,'茄子河','qie zi he','qizh','茄子河区',NULL,NULL,''),(230921,2309,2,'勃利','bo li','bol','勃利县',NULL,NULL,''),(231002,2310,2,'东安','dong an','doa','东安区',NULL,NULL,''),(231003,2310,2,'阳明','yang ming','yam','阳明区',NULL,NULL,''),(231004,2310,2,'爱民','ai min','aim','爱民区',NULL,NULL,''),(231005,2310,2,'西安','xi an','xia','西安区',NULL,NULL,''),(231025,2310,2,'林口','lin kou','lik','林口县',NULL,NULL,''),(231071,2310,2,'牡丹江经济技术开发区','mu dan jiang jing ji ji shu kai fa qu','mudj','牡丹江经济技术开发区',NULL,NULL,''),(231081,2310,2,'绥芬河','sui fen he','sufh','绥芬河市',NULL,NULL,''),(231083,2310,2,'海林','hai lin','hal','海林市',NULL,NULL,''),(231084,2310,2,'宁安','ning an','nia','宁安市',NULL,NULL,''),(231085,2310,2,'穆棱','mu ling','mul','穆棱市',NULL,NULL,''),(231086,2310,2,'东宁','dong ning','don','东宁市',NULL,NULL,''),(231102,2311,2,'爱辉','ai hui','aih','爱辉区',NULL,NULL,''),(231121,2311,2,'嫩江','nen jiang','nej','嫩江县',NULL,NULL,''),(231123,2311,2,'逊克','xun ke','xuk','逊克县',NULL,NULL,''),(231124,2311,2,'孙吴','sun wu','suw','孙吴县',NULL,NULL,''),(231181,2311,2,'北安','bei an','bea','北安市',NULL,NULL,''),(231182,2311,2,'五大连池','wu da lian chi','wudl','五大连池市',NULL,NULL,''),(231202,2312,2,'北林','bei lin','bel','北林区',NULL,NULL,''),(231221,2312,2,'望奎','wang kui','wak','望奎县',NULL,NULL,''),(231222,2312,2,'兰西','lan xi','lax','兰西县',NULL,NULL,''),(231223,2312,2,'青冈','qing gang','qig','青冈县',NULL,NULL,''),(231224,2312,2,'庆安','qing an','qia','庆安县',NULL,NULL,''),(231225,2312,2,'明水','ming shui','mis','明水县',NULL,NULL,''),(231226,2312,2,'绥棱','sui ling','sul','绥棱县',NULL,NULL,''),(231281,2312,2,'安达','an da','and','安达市',NULL,NULL,''),(231282,2312,2,'肇东','zhao dong','zhd','肇东市',NULL,NULL,''),(231283,2312,2,'海伦','hai lun','hal','海伦市',NULL,NULL,''),(232701,2327,2,'加格达奇','jia ge da qi','jigd','加格达奇区',NULL,NULL,''),(232702,2327,2,'松岭','song ling','sol','松岭区',NULL,NULL,''),(232703,2327,2,'新林','xin lin','xil','新林区',NULL,NULL,''),(232704,2327,2,'呼中','hu zhong','huz','呼中区',NULL,NULL,''),(232721,2327,2,'呼玛','hu ma','hum','呼玛县',NULL,NULL,''),(232722,2327,2,'塔河','ta he','tah','塔河县',NULL,NULL,''),(232723,2327,2,'漠河','mo he','moh','漠河县',NULL,NULL,''),(310101,3101,2,'黄浦','huang pu','hup','黄浦区',NULL,NULL,''),(310104,3101,2,'徐汇','xu hui','xuh','徐汇区',NULL,NULL,''),(310105,3101,2,'长宁','chang ning','chn','长宁区',NULL,NULL,''),(310106,3101,2,'静安','jing an','jia','静安区',NULL,NULL,''),(310107,3101,2,'普陀','pu tuo','put','普陀区',NULL,NULL,''),(310109,3101,2,'虹口','hong kou','hok','虹口区',NULL,NULL,''),(310110,3101,2,'杨浦','yang pu','yap','杨浦区',NULL,NULL,''),(310112,3101,2,'闵行','min hang','mih','闵行区',NULL,NULL,''),(310113,3101,2,'宝山','bao shan','bas','宝山区',NULL,NULL,''),(310114,3101,2,'嘉定','jia ding','jid','嘉定区',NULL,NULL,''),(310115,3101,2,'浦东新区','pu dong xin qu','pudx','浦东新区',NULL,NULL,''),(310116,3101,2,'金山','jin shan','jis','金山区',NULL,NULL,''),(310117,3101,2,'松江','song jiang','soj','松江区',NULL,NULL,''),(310118,3101,2,'青浦','qing pu','qip','青浦区',NULL,NULL,''),(310120,3101,2,'奉贤','feng xian','fex','奉贤区',NULL,NULL,''),(310151,3101,2,'崇明','chong ming','chm','崇明区',NULL,NULL,''),(320102,3201,2,'玄武','xuan wu','xuw','玄武区',NULL,NULL,''),(320104,3201,2,'秦淮','qin huai','qih','秦淮区',NULL,NULL,''),(320105,3201,2,'建邺','jian ye','jiy','建邺区',NULL,NULL,''),(320106,3201,2,'鼓楼','gu lou','gul','鼓楼区',NULL,NULL,''),(320111,3201,2,'浦口','pu kou','puk','浦口区',NULL,NULL,''),(320113,3201,2,'栖霞','qi xia','qix','栖霞区',NULL,NULL,''),(320114,3201,2,'雨花台','yu hua tai','yuht','雨花台区',NULL,NULL,''),(320115,3201,2,'江宁','jiang ning','jin','江宁区',NULL,NULL,''),(320116,3201,2,'六合','liu he','lih','六合区',NULL,NULL,''),(320117,3201,2,'溧水','li shui','lis','溧水区',NULL,NULL,''),(320118,3201,2,'高淳','gao chun','gac','高淳区',NULL,NULL,''),(320205,3202,2,'锡山','xi shan','xis','锡山区',NULL,NULL,''),(320206,3202,2,'惠山','hui shan','hus','惠山区',NULL,NULL,''),(320211,3202,2,'滨湖','bin hu','bih','滨湖区',NULL,NULL,''),(320213,3202,2,'梁溪','liang xi','lix','梁溪区',NULL,NULL,''),(320214,3202,2,'新吴','xin wu','xiw','新吴区',NULL,NULL,''),(320281,3202,2,'江阴','jiang yin','jiy','江阴市',NULL,NULL,''),(320282,3202,2,'宜兴','yi xing','yix','宜兴市',NULL,NULL,''),(320302,3203,2,'鼓楼','gu lou','gul','鼓楼区',NULL,NULL,''),(320303,3203,2,'云龙','yun long','yul','云龙区',NULL,NULL,''),(320305,3203,2,'贾汪','jia wang','jiw','贾汪区',NULL,NULL,''),(320311,3203,2,'泉山','quan shan','qus','泉山区',NULL,NULL,''),(320312,3203,2,'铜山','tong shan','tos','铜山区',NULL,NULL,''),(320321,3203,2,'丰县','feng xian','fex','丰县',NULL,NULL,''),(320322,3203,2,'沛县','pei xian','pex','沛县',NULL,NULL,''),(320324,3203,2,'睢宁','sui ning','sun','睢宁县',NULL,NULL,''),(320371,3203,2,'徐州经济技术开发区','xu zhou jing ji ji shu kai fa qu','xuzj','徐州经济技术开发区',NULL,NULL,''),(320381,3203,2,'新沂','xin yi','xiy','新沂市',NULL,NULL,''),(320382,3203,2,'邳州','pi zhou','piz','邳州市',NULL,NULL,''),(320402,3204,2,'天宁','tian ning','tin','天宁区',NULL,NULL,''),(320404,3204,2,'钟楼','zhong lou','zhl','钟楼区',NULL,NULL,''),(320411,3204,2,'新北','xin bei','xib','新北区',NULL,NULL,''),(320412,3204,2,'武进','wu jin','wuj','武进区',NULL,NULL,''),(320413,3204,2,'金坛','jin tan','jit','金坛区',NULL,NULL,''),(320481,3204,2,'溧阳','li yang','liy','溧阳市',NULL,NULL,''),(320505,3205,2,'虎丘','hu qiu','huq','虎丘区',NULL,NULL,''),(320506,3205,2,'吴中','wu zhong','wuz','吴中区',NULL,NULL,''),(320507,3205,2,'相城','xiang cheng','xic','相城区',NULL,NULL,''),(320508,3205,2,'姑苏','gu su','gus','姑苏区',NULL,NULL,''),(320509,3205,2,'吴江','wu jiang','wuj','吴江区',NULL,NULL,''),(320571,3205,2,'苏州工业园','su zhou gong ye yuan','suzg','苏州工业园区',NULL,NULL,''),(320581,3205,2,'常熟','chang shu','chs','常熟市',NULL,NULL,''),(320582,3205,2,'张家港','zhang jia gang','zhjg','张家港市',NULL,NULL,''),(320583,3205,2,'昆山','kun shan','kus','昆山市',NULL,NULL,''),(320585,3205,2,'太仓','tai cang','tac','太仓市',NULL,NULL,''),(320602,3206,2,'崇川','chong chuan','chc','崇川区',NULL,NULL,''),(320611,3206,2,'港闸','gang zha','gaz','港闸区',NULL,NULL,''),(320612,3206,2,'通州','tong zhou','toz','通州区',NULL,NULL,''),(320621,3206,2,'海安','hai an','haa','海安县',NULL,NULL,''),(320623,3206,2,'如东','ru dong','rud','如东县',NULL,NULL,''),(320671,3206,2,'南通经济技术开发区','nan tong jing ji ji shu kai fa qu','natj','南通经济技术开发区',NULL,NULL,''),(320681,3206,2,'启东','qi dong','qid','启东市',NULL,NULL,''),(320682,3206,2,'如皋','ru gao','rug','如皋市',NULL,NULL,''),(320684,3206,2,'海门','hai men','ham','海门市',NULL,NULL,''),(320703,3207,2,'连云','lian yun','liy','连云区',NULL,NULL,''),(320706,3207,2,'海州','hai zhou','haz','海州区',NULL,NULL,''),(320707,3207,2,'赣榆','gan yu','gay','赣榆区',NULL,NULL,''),(320722,3207,2,'东海','dong hai','doh','东海县',NULL,NULL,''),(320723,3207,2,'灌云','guan yun','guy','灌云县',NULL,NULL,''),(320724,3207,2,'灌南','guan nan','gun','灌南县',NULL,NULL,''),(320771,3207,2,'连云港经济技术开发区','lian yun gang jing ji ji shu kai fa qu','liyg','连云港经济技术开发区',NULL,NULL,''),(320772,3207,2,'连云港高新技术产业开发区','lian yun gang gao xin ji shu chan ye kai fa qu','liyg','连云港高新技术产业开发区',NULL,NULL,''),(320803,3208,2,'淮安','huai an','hua','淮安区',NULL,NULL,''),(320804,3208,2,'淮阴','huai yin','huy','淮阴区',NULL,NULL,''),(320812,3208,2,'清江浦','qing jiang pu','qijp','清江浦区',NULL,NULL,''),(320813,3208,2,'洪泽','hong ze','hoz','洪泽区',NULL,NULL,''),(320826,3208,2,'涟水','lian shui','lis','涟水县',NULL,NULL,''),(320830,3208,2,'盱眙','xu yi','xuy','盱眙县',NULL,NULL,''),(320831,3208,2,'金湖','jin hu','jih','金湖县',NULL,NULL,''),(320871,3208,2,'淮安经济技术开发区','huai an jing ji ji shu kai fa qu','huaj','淮安经济技术开发区',NULL,NULL,''),(320902,3209,2,'亭湖','ting hu','tih','亭湖区',NULL,NULL,''),(320903,3209,2,'盐都','yan du','yad','盐都区',NULL,NULL,''),(320904,3209,2,'大丰','da feng','daf','大丰区',NULL,NULL,''),(320921,3209,2,'响水','xiang shui','xis','响水县',NULL,NULL,''),(320922,3209,2,'滨海','bin hai','bih','滨海县',NULL,NULL,''),(320923,3209,2,'阜宁','fu ning','fun','阜宁县',NULL,NULL,''),(320924,3209,2,'射阳','she yang','shy','射阳县',NULL,NULL,''),(320925,3209,2,'建湖','jian hu','jih','建湖县',NULL,NULL,''),(320971,3209,2,'盐城经济技术开发区','yan cheng jing ji ji shu kai fa qu','yacj','盐城经济技术开发区',NULL,NULL,''),(320981,3209,2,'东台','dong tai','dot','东台市',NULL,NULL,''),(321002,3210,2,'广陵','guang ling','gul','广陵区',NULL,NULL,''),(321003,3210,2,'邗江','han jiang','haj','邗江区',NULL,NULL,''),(321012,3210,2,'江都','jiang du','jid','江都区',NULL,NULL,''),(321023,3210,2,'宝应','bao ying','bay','宝应县',NULL,NULL,''),(321071,3210,2,'扬州经济技术开发区','yang zhou jing ji ji shu kai fa qu','yazj','扬州经济技术开发区',NULL,NULL,''),(321081,3210,2,'仪征','yi zheng','yiz','仪征市',NULL,NULL,''),(321084,3210,2,'高邮','gao you','gay','高邮市',NULL,NULL,''),(321102,3211,2,'京口','jing kou','jik','京口区',NULL,NULL,''),(321111,3211,2,'润州','run zhou','ruz','润州区',NULL,NULL,''),(321112,3211,2,'丹徒','dan tu','dat','丹徒区',NULL,NULL,''),(321171,3211,2,'镇江新区','zhen jiang xin qu','zhjx','镇江新区',NULL,NULL,''),(321181,3211,2,'丹阳','dan yang','day','丹阳市',NULL,NULL,''),(321182,3211,2,'扬中','yang zhong','yaz','扬中市',NULL,NULL,''),(321183,3211,2,'句容','ju rong','jur','句容市',NULL,NULL,''),(321202,3212,2,'海陵','hai ling','hal','海陵区',NULL,NULL,''),(321203,3212,2,'高港','gao gang','gag','高港区',NULL,NULL,''),(321204,3212,2,'姜堰','jiang yan','jiy','姜堰区',NULL,NULL,''),(321271,3212,2,'泰州医药高新技术产业开发区','tai zhou yi yao gao xin ji shu chan ye kai fa qu','tazy','泰州医药高新技术产业开发区',NULL,NULL,''),(321281,3212,2,'兴化','xing hua','xih','兴化市',NULL,NULL,''),(321282,3212,2,'靖江','jing jiang','jij','靖江市',NULL,NULL,''),(321283,3212,2,'泰兴','tai xing','tax','泰兴市',NULL,NULL,''),(321302,3213,2,'宿城','su cheng','suc','宿城区',NULL,NULL,''),(321311,3213,2,'宿豫','su yu','suy','宿豫区',NULL,NULL,''),(321322,3213,2,'沭阳','shu yang','shy','沭阳县',NULL,NULL,''),(321323,3213,2,'泗阳','si yang','siy','泗阳县',NULL,NULL,''),(321324,3213,2,'泗洪','si hong','sih','泗洪县',NULL,NULL,''),(321371,3213,2,'宿迁经济技术开发区','su qian jing ji ji shu kai fa qu','suqj','宿迁经济技术开发区',NULL,NULL,''),(330102,3301,2,'上城','shang cheng','shc','上城区',NULL,NULL,''),(330103,3301,2,'下城','xia cheng','xic','下城区',NULL,NULL,''),(330104,3301,2,'江干','jiang gan','jig','江干区',NULL,NULL,''),(330105,3301,2,'拱墅','gong shu','gos','拱墅区',NULL,NULL,''),(330106,3301,2,'西湖','xi hu','xih','西湖区',NULL,NULL,''),(330108,3301,2,'滨江','bin jiang','bij','滨江区',NULL,NULL,''),(330109,3301,2,'萧山','xiao shan','xis','萧山区',NULL,NULL,''),(330110,3301,2,'余杭','yu hang','yuh','余杭区',NULL,NULL,''),(330111,3301,2,'富阳','fu yang','fuy','富阳区',NULL,NULL,''),(330112,3301,2,'临安','lin an','lia','临安区',NULL,NULL,''),(330122,3301,2,'桐庐','tong lu','tol','桐庐县',NULL,NULL,''),(330127,3301,2,'淳安','chun an','cha','淳安县',NULL,NULL,''),(330182,3301,2,'建德','jian de','jid','建德市',NULL,NULL,''),(330203,3302,2,'海曙','hai shu','has','海曙区',NULL,NULL,''),(330205,3302,2,'江北','jiang bei','jib','江北区',NULL,NULL,''),(330206,3302,2,'北仑','bei lun','bel','北仑区',NULL,NULL,''),(330211,3302,2,'镇海','zhen hai','zhh','镇海区',NULL,NULL,''),(330212,3302,2,'鄞州','yin zhou','yiz','鄞州区',NULL,NULL,''),(330213,3302,2,'奉化','feng hua','feh','奉化区',NULL,NULL,''),(330225,3302,2,'象山','xiang shan','xis','象山县',NULL,NULL,''),(330226,3302,2,'宁海','ning hai','nih','宁海县',NULL,NULL,''),(330281,3302,2,'余姚','yu yao','yuy','余姚市',NULL,NULL,''),(330282,3302,2,'慈溪','ci xi','cix','慈溪市',NULL,NULL,''),(330302,3303,2,'鹿城','lu cheng','luc','鹿城区',NULL,NULL,''),(330303,3303,2,'龙湾','long wan','low','龙湾区',NULL,NULL,''),(330304,3303,2,'瓯海','ou hai','ouh','瓯海区',NULL,NULL,''),(330305,3303,2,'洞头','dong tou','dot','洞头区',NULL,NULL,''),(330324,3303,2,'永嘉','yong jia','yoj','永嘉县',NULL,NULL,''),(330326,3303,2,'平阳','ping yang','piy','平阳县',NULL,NULL,''),(330327,3303,2,'苍南','cang nan','can','苍南县',NULL,NULL,''),(330328,3303,2,'文成','wen cheng','wec','文成县',NULL,NULL,''),(330329,3303,2,'泰顺','tai shun','tas','泰顺县',NULL,NULL,''),(330371,3303,2,'温州经济技术开发区','wen zhou jing ji ji shu kai fa qu','wezj','温州经济技术开发区',NULL,NULL,''),(330381,3303,2,'瑞安','rui an','rua','瑞安市',NULL,NULL,''),(330382,3303,2,'乐清','yue qing','yuq','乐清市',NULL,NULL,''),(330402,3304,2,'南湖','nan hu','nah','南湖区',NULL,NULL,''),(330411,3304,2,'秀洲','xiu zhou','xiz','秀洲区',NULL,NULL,''),(330421,3304,2,'嘉善','jia shan','jis','嘉善县',NULL,NULL,''),(330424,3304,2,'海盐','hai yan','hay','海盐县',NULL,NULL,''),(330481,3304,2,'海宁','hai ning','han','海宁市',NULL,NULL,''),(330482,3304,2,'平湖','ping hu','pih','平湖市',NULL,NULL,''),(330483,3304,2,'桐乡','tong xiang','tox','桐乡市',NULL,NULL,''),(330502,3305,2,'吴兴','wu xing','wux','吴兴区',NULL,NULL,''),(330503,3305,2,'南浔','nan xun','nax','南浔区',NULL,NULL,''),(330521,3305,2,'德清','de qing','deq','德清县',NULL,NULL,''),(330522,3305,2,'长兴','chang xing','chx','长兴县',NULL,NULL,''),(330523,3305,2,'安吉','an ji','anj','安吉县',NULL,NULL,''),(330602,3306,2,'越城','yue cheng','yuc','越城区',NULL,NULL,''),(330603,3306,2,'柯桥','ke qiao','keq','柯桥区',NULL,NULL,''),(330604,3306,2,'上虞','shang yu','shy','上虞区',NULL,NULL,''),(330624,3306,2,'新昌','xin chang','xic','新昌县',NULL,NULL,''),(330681,3306,2,'诸暨','zhu ji','zhj','诸暨市',NULL,NULL,''),(330683,3306,2,'嵊州','sheng zhou','shz','嵊州市',NULL,NULL,''),(330702,3307,2,'婺城','wu cheng','wuc','婺城区',NULL,NULL,''),(330703,3307,2,'金东','jin dong','jid','金东区',NULL,NULL,''),(330723,3307,2,'武义','wu yi','wuy','武义县',NULL,NULL,''),(330726,3307,2,'浦江','pu jiang','puj','浦江县',NULL,NULL,''),(330727,3307,2,'磐安','pan an','paa','磐安县',NULL,NULL,''),(330781,3307,2,'兰溪','lan xi','lax','兰溪市',NULL,NULL,''),(330782,3307,2,'义乌','yi wu','yiw','义乌市',NULL,NULL,''),(330783,3307,2,'东阳','dong yang','doy','东阳市',NULL,NULL,''),(330784,3307,2,'永康','yong kang','yok','永康市',NULL,NULL,''),(330802,3308,2,'柯城','ke cheng','kec','柯城区',NULL,NULL,''),(330803,3308,2,'衢江','qu jiang','quj','衢江区',NULL,NULL,''),(330822,3308,2,'常山','chang shan','chs','常山县',NULL,NULL,''),(330824,3308,2,'开化','kai hua','kah','开化县',NULL,NULL,''),(330825,3308,2,'龙游','long you','loy','龙游县',NULL,NULL,''),(330881,3308,2,'江山','jiang shan','jis','江山市',NULL,NULL,''),(330902,3309,2,'定海','ding hai','dih','定海区',NULL,NULL,''),(330903,3309,2,'普陀','pu tuo','put','普陀区',NULL,NULL,''),(330921,3309,2,'岱山','dai shan','das','岱山县',NULL,NULL,''),(330922,3309,2,'嵊泗','sheng si','shs','嵊泗县',NULL,NULL,''),(331002,3310,2,'椒江','jiao jiang','jij','椒江区',NULL,NULL,''),(331003,3310,2,'黄岩','huang yan','huy','黄岩区',NULL,NULL,''),(331004,3310,2,'路桥','lu qiao','luq','路桥区',NULL,NULL,''),(331022,3310,2,'三门','san men','sam','三门县',NULL,NULL,''),(331023,3310,2,'天台','tian tai','tit','天台县',NULL,NULL,''),(331024,3310,2,'仙居','xian ju','xij','仙居县',NULL,NULL,''),(331081,3310,2,'温岭','wen ling','wel','温岭市',NULL,NULL,''),(331082,3310,2,'临海','lin hai','lih','临海市',NULL,NULL,''),(331083,3310,2,'玉环','yu huan','yuh','玉环市',NULL,NULL,''),(331102,3311,2,'莲都','lian du','lid','莲都区',NULL,NULL,''),(331121,3311,2,'青田','qing tian','qit','青田县',NULL,NULL,''),(331122,3311,2,'缙云','jin yun','jiy','缙云县',NULL,NULL,''),(331123,3311,2,'遂昌','sui chang','suc','遂昌县',NULL,NULL,''),(331124,3311,2,'松阳','song yang','soy','松阳县',NULL,NULL,''),(331125,3311,2,'云和','yun he','yuh','云和县',NULL,NULL,''),(331126,3311,2,'庆元','qing yuan','qiy','庆元县',NULL,NULL,''),(331127,3311,2,'景宁畲族自治县','jing ning she zu zi zhi xian','jins','景宁畲族自治县',NULL,NULL,''),(331181,3311,2,'龙泉','long quan','loq','龙泉市',NULL,NULL,''),(340102,3401,2,'瑶海','yao hai','yah','瑶海区',NULL,NULL,''),(340103,3401,2,'庐阳','lu yang','luy','庐阳区',NULL,NULL,''),(340104,3401,2,'蜀山','shu shan','shs','蜀山区',NULL,NULL,''),(340111,3401,2,'包河','bao he','bah','包河区',NULL,NULL,''),(340121,3401,2,'长丰','chang feng','chf','长丰县',NULL,NULL,''),(340122,3401,2,'肥东','fei dong','fed','肥东县',NULL,NULL,''),(340123,3401,2,'肥西','fei xi','fex','肥西县',NULL,NULL,''),(340124,3401,2,'庐江','lu jiang','luj','庐江县',NULL,NULL,''),(340171,3401,2,'合肥高新技术产业开发区','he fei gao xin ji shu chan ye kai fa qu','hefg','合肥高新技术产业开发区',NULL,NULL,''),(340172,3401,2,'合肥经济技术开发区','he fei jing ji ji shu kai fa qu','hefj','合肥经济技术开发区',NULL,NULL,''),(340173,3401,2,'合肥新站高新技术产业开发区','he fei xin zhan gao xin ji shu chan ye kai fa qu','hefx','合肥新站高新技术产业开发区',NULL,NULL,''),(340181,3401,2,'巢湖','chao hu','chh','巢湖市',NULL,NULL,''),(340202,3402,2,'镜湖','jing hu','jih','镜湖区',NULL,NULL,''),(340203,3402,2,'弋江','yi jiang','yij','弋江区',NULL,NULL,''),(340207,3402,2,'鸠江','jiu jiang','jij','鸠江区',NULL,NULL,''),(340208,3402,2,'三山','san shan','sas','三山区',NULL,NULL,''),(340221,3402,2,'芜湖','wu hu','wuh','芜湖县',NULL,NULL,''),(340222,3402,2,'繁昌','fan chang','fac','繁昌县',NULL,NULL,''),(340223,3402,2,'南陵','nan ling','nal','南陵县',NULL,NULL,''),(340225,3402,2,'无为','wu wei','wuw','无为县',NULL,NULL,''),(340271,3402,2,'芜湖经济技术开发区','wu hu jing ji ji shu kai fa qu','wuhj','芜湖经济技术开发区',NULL,NULL,''),(340272,3402,2,'安徽芜湖长江大桥经济开发区','an hui wu hu chang jiang da qiao jing ji kai fa qu','anhw','安徽芜湖长江大桥经济开发区',NULL,NULL,''),(340302,3403,2,'龙子湖','long zi hu','lozh','龙子湖区',NULL,NULL,''),(340303,3403,2,'蚌山','beng shan','bes','蚌山区',NULL,NULL,''),(340304,3403,2,'禹会','yu hui','yuh','禹会区',NULL,NULL,''),(340311,3403,2,'淮上','huai shang','hus','淮上区',NULL,NULL,''),(340321,3403,2,'怀远','huai yuan','huy','怀远县',NULL,NULL,''),(340322,3403,2,'五河','wu he','wuh','五河县',NULL,NULL,''),(340323,3403,2,'固镇','gu zhen','guz','固镇县',NULL,NULL,''),(340371,3403,2,'蚌埠市高新技术开发区','beng bu shi gao xin ji shu kai fa qu','bebs','蚌埠市高新技术开发区',NULL,NULL,''),(340372,3403,2,'蚌埠市经济开发区','beng bu shi jing ji kai fa qu','bebs','蚌埠市经济开发区',NULL,NULL,''),(340402,3404,2,'大通','da tong','dat','大通区',NULL,NULL,''),(340403,3404,2,'田家庵','tian jia an','tija','田家庵区',NULL,NULL,''),(340404,3404,2,'谢家集','xie jia ji','xijj','谢家集区',NULL,NULL,''),(340405,3404,2,'八公山','ba gong shan','bags','八公山区',NULL,NULL,''),(340406,3404,2,'潘集','pan ji','paj','潘集区',NULL,NULL,''),(340421,3404,2,'凤台','feng tai','fet','凤台县',NULL,NULL,''),(340422,3404,2,'寿县','shou xian','shx','寿县',NULL,NULL,''),(340503,3405,2,'花山','hua shan','hus','花山区',NULL,NULL,''),(340504,3405,2,'雨山','yu shan','yus','雨山区',NULL,NULL,''),(340506,3405,2,'博望','bo wang','bow','博望区',NULL,NULL,''),(340521,3405,2,'当涂','dang tu','dat','当涂县',NULL,NULL,''),(340522,3405,2,'含山','han shan','has','含山县',NULL,NULL,''),(340523,3405,2,'和县','he xian','hex','和县',NULL,NULL,''),(340602,3406,2,'杜集','du ji','duj','杜集区',NULL,NULL,''),(340603,3406,2,'相山','xiang shan','xis','相山区',NULL,NULL,''),(340604,3406,2,'烈山','lie shan','lis','烈山区',NULL,NULL,''),(340621,3406,2,'濉溪','sui xi','sux','濉溪县',NULL,NULL,''),(340705,3407,2,'铜官','tong guan','tog','铜官区',NULL,NULL,''),(340706,3407,2,'义安','yi an','yia','义安区',NULL,NULL,''),(340711,3407,2,'郊区','jiao qu','jiq','郊区',NULL,NULL,''),(340722,3407,2,'枞阳','zong yang','zoy','枞阳县',NULL,NULL,''),(340802,3408,2,'迎江','ying jiang','yij','迎江区',NULL,NULL,''),(340803,3408,2,'大观','da guan','dag','大观区',NULL,NULL,''),(340811,3408,2,'宜秀','yi xiu','yix','宜秀区',NULL,NULL,''),(340822,3408,2,'怀宁','huai ning','hun','怀宁县',NULL,NULL,''),(340824,3408,2,'潜山','qian shan','qis','潜山县',NULL,NULL,''),(340825,3408,2,'太湖','tai hu','tah','太湖县',NULL,NULL,''),(340826,3408,2,'宿松','su song','sus','宿松县',NULL,NULL,''),(340827,3408,2,'望江','wang jiang','waj','望江县',NULL,NULL,''),(340828,3408,2,'岳西','yue xi','yux','岳西县',NULL,NULL,''),(340871,3408,2,'安徽安庆经济开发区','an hui an qing jing ji kai fa qu','anha','安徽安庆经济开发区',NULL,NULL,''),(340881,3408,2,'桐城','tong cheng','toc','桐城市',NULL,NULL,''),(341002,3410,2,'屯溪','tun xi','tux','屯溪区',NULL,NULL,''),(341003,3410,2,'黄山','huang shan','hus','黄山区',NULL,NULL,''),(341004,3410,2,'徽州','hui zhou','huz','徽州区',NULL,NULL,''),(341021,3410,2,'歙县','she xian','shx','歙县',NULL,NULL,''),(341022,3410,2,'休宁','xiu ning','xin','休宁县',NULL,NULL,''),(341023,3410,2,'黟县','yi xian','yix','黟县',NULL,NULL,''),(341024,3410,2,'祁门','qi men','qim','祁门县',NULL,NULL,''),(341102,3411,2,'琅琊','lang ya','lay','琅琊区',NULL,NULL,''),(341103,3411,2,'南谯','nan qiao','naq','南谯区',NULL,NULL,''),(341122,3411,2,'来安','lai an','laa','来安县',NULL,NULL,''),(341124,3411,2,'全椒','quan jiao','quj','全椒县',NULL,NULL,''),(341125,3411,2,'定远','ding yuan','diy','定远县',NULL,NULL,''),(341126,3411,2,'凤阳','feng yang','fey','凤阳县',NULL,NULL,''),(341171,3411,2,'苏滁现代产业园','su chu xian dai chan ye yuan','sucx','苏滁现代产业园',NULL,NULL,''),(341172,3411,2,'滁州经济技术开发区','chu zhou jing ji ji shu kai fa qu','chzj','滁州经济技术开发区',NULL,NULL,''),(341181,3411,2,'天长','tian chang','tic','天长市',NULL,NULL,''),(341182,3411,2,'明光','ming guang','mig','明光市',NULL,NULL,''),(341202,3412,2,'颍州','ying zhou','yiz','颍州区',NULL,NULL,''),(341203,3412,2,'颍东','ying dong','yid','颍东区',NULL,NULL,''),(341204,3412,2,'颍泉','ying quan','yiq','颍泉区',NULL,NULL,''),(341221,3412,2,'临泉','lin quan','liq','临泉县',NULL,NULL,''),(341222,3412,2,'太和','tai he','tah','太和县',NULL,NULL,''),(341225,3412,2,'阜南','fu nan','fun','阜南县',NULL,NULL,''),(341226,3412,2,'颍上','ying shang','yis','颍上县',NULL,NULL,''),(341271,3412,2,'阜阳合肥现代产业园','fu yang he fei xian dai chan ye yuan','fuyh','阜阳合肥现代产业园区',NULL,NULL,''),(341272,3412,2,'阜阳经济技术开发区','fu yang jing ji ji shu kai fa qu','fuyj','阜阳经济技术开发区',NULL,NULL,''),(341282,3412,2,'界首','jie shou','jis','界首市',NULL,NULL,''),(341302,3413,2,'埇桥','yong qiao','yoq','埇桥区',NULL,NULL,''),(341321,3413,2,'砀山','dang shan','das','砀山县',NULL,NULL,''),(341322,3413,2,'萧县','xiao xian','xix','萧县',NULL,NULL,''),(341323,3413,2,'灵璧','ling bi','lib','灵璧县',NULL,NULL,''),(341324,3413,2,'泗县','si xian','six','泗县',NULL,NULL,''),(341371,3413,2,'宿州马鞍山现代产业园','su zhou ma an shan xian dai chan ye yuan','suzm','宿州马鞍山现代产业园区',NULL,NULL,''),(341372,3413,2,'宿州经济技术开发区','su zhou jing ji ji shu kai fa qu','suzj','宿州经济技术开发区',NULL,NULL,''),(341502,3415,2,'金安','jin an','jia','金安区',NULL,NULL,''),(341503,3415,2,'裕安','yu an','yua','裕安区',NULL,NULL,''),(341504,3415,2,'叶集','ye ji','yej','叶集区',NULL,NULL,''),(341522,3415,2,'霍邱','huo qiu','huq','霍邱县',NULL,NULL,''),(341523,3415,2,'舒城','shu cheng','shc','舒城县',NULL,NULL,''),(341524,3415,2,'金寨','jin zhai','jiz','金寨县',NULL,NULL,''),(341525,3415,2,'霍山','huo shan','hus','霍山县',NULL,NULL,''),(341602,3416,2,'谯城','qiao cheng','qic','谯城区',NULL,NULL,''),(341621,3416,2,'涡阳','guo yang','guy','涡阳县',NULL,NULL,''),(341622,3416,2,'蒙城','meng cheng','mec','蒙城县',NULL,NULL,''),(341623,3416,2,'利辛','li xin','lix','利辛县',NULL,NULL,''),(341702,3417,2,'贵池','gui chi','guc','贵池区',NULL,NULL,''),(341721,3417,2,'东至','dong zhi','doz','东至县',NULL,NULL,''),(341722,3417,2,'石台','shi tai','sht','石台县',NULL,NULL,''),(341723,3417,2,'青阳','qing yang','qiy','青阳县',NULL,NULL,''),(341802,3418,2,'宣州','xuan zhou','xuz','宣州区',NULL,NULL,''),(341821,3418,2,'郎溪','lang xi','lax','郎溪县',NULL,NULL,''),(341822,3418,2,'广德','guang de','gud','广德县',NULL,NULL,''),(341823,3418,2,'泾县','jing xian','jix','泾县',NULL,NULL,''),(341824,3418,2,'绩溪','ji xi','jix','绩溪县',NULL,NULL,''),(341825,3418,2,'旌德','jing de','jid','旌德县',NULL,NULL,''),(341871,3418,2,'宣城市经济开发区','xuan cheng shi jing ji kai fa qu','xucs','宣城市经济开发区',NULL,NULL,''),(341881,3418,2,'宁国','ning guo','nig','宁国市',NULL,NULL,''),(350102,3501,2,'鼓楼','gu lou','gul','鼓楼区',NULL,NULL,''),(350103,3501,2,'台江','tai jiang','taj','台江区',NULL,NULL,''),(350104,3501,2,'仓山','cang shan','cas','仓山区',NULL,NULL,''),(350105,3501,2,'马尾','ma wei','maw','马尾区',NULL,NULL,''),(350111,3501,2,'晋安','jin an','jia','晋安区',NULL,NULL,''),(350121,3501,2,'闽侯','min hou','mih','闽侯县',NULL,NULL,''),(350122,3501,2,'连江','lian jiang','lij','连江县',NULL,NULL,''),(350123,3501,2,'罗源','luo yuan','luy','罗源县',NULL,NULL,''),(350124,3501,2,'闽清','min qing','miq','闽清县',NULL,NULL,''),(350125,3501,2,'永泰','yong tai','yot','永泰县',NULL,NULL,''),(350128,3501,2,'平潭','ping tan','pit','平潭县',NULL,NULL,''),(350181,3501,2,'福清','fu qing','fuq','福清市',NULL,NULL,''),(350182,3501,2,'长乐','chang le','chl','长乐市',NULL,NULL,''),(350203,3502,2,'思明','si ming','sim','思明区',NULL,NULL,''),(350205,3502,2,'海沧','hai cang','hac','海沧区',NULL,NULL,''),(350206,3502,2,'湖里','hu li','hul','湖里区',NULL,NULL,''),(350211,3502,2,'集美','ji mei','jim','集美区',NULL,NULL,''),(350212,3502,2,'同安','tong an','toa','同安区',NULL,NULL,''),(350213,3502,2,'翔安','xiang an','xia','翔安区',NULL,NULL,''),(350302,3503,2,'城厢','cheng xiang','chx','城厢区',NULL,NULL,''),(350303,3503,2,'涵江','han jiang','haj','涵江区',NULL,NULL,''),(350304,3503,2,'荔城','li cheng','lic','荔城区',NULL,NULL,''),(350305,3503,2,'秀屿','xiu yu','xiy','秀屿区',NULL,NULL,''),(350322,3503,2,'仙游','xian you','xiy','仙游县',NULL,NULL,''),(350402,3504,2,'梅列','mei lie','mel','梅列区',NULL,NULL,''),(350403,3504,2,'三元','san yuan','say','三元区',NULL,NULL,''),(350421,3504,2,'明溪','ming xi','mix','明溪县',NULL,NULL,''),(350423,3504,2,'清流','qing liu','qil','清流县',NULL,NULL,''),(350424,3504,2,'宁化','ning hua','nih','宁化县',NULL,NULL,''),(350425,3504,2,'大田','da tian','dat','大田县',NULL,NULL,''),(350426,3504,2,'尤溪','you xi','yox','尤溪县',NULL,NULL,''),(350427,3504,2,'沙县','sha xian','shx','沙县',NULL,NULL,''),(350428,3504,2,'将乐','jiang le','jil','将乐县',NULL,NULL,''),(350429,3504,2,'泰宁','tai ning','tan','泰宁县',NULL,NULL,''),(350430,3504,2,'建宁','jian ning','jin','建宁县',NULL,NULL,''),(350481,3504,2,'永安','yong an','yoa','永安市',NULL,NULL,''),(350502,3505,2,'鲤城','li cheng','lic','鲤城区',NULL,NULL,''),(350503,3505,2,'丰泽','feng ze','fez','丰泽区',NULL,NULL,''),(350504,3505,2,'洛江','luo jiang','luj','洛江区',NULL,NULL,''),(350505,3505,2,'泉港','quan gang','qug','泉港区',NULL,NULL,''),(350521,3505,2,'惠安','hui an','hua','惠安县',NULL,NULL,''),(350524,3505,2,'安溪','an xi','anx','安溪县',NULL,NULL,''),(350525,3505,2,'永春','yong chun','yoc','永春县',NULL,NULL,''),(350526,3505,2,'德化','de hua','deh','德化县',NULL,NULL,''),(350527,3505,2,'金门','jin men','jim','金门县',NULL,NULL,''),(350581,3505,2,'石狮','shi shi','shs','石狮市',NULL,NULL,''),(350582,3505,2,'晋江','jin jiang','jij','晋江市',NULL,NULL,''),(350583,3505,2,'南安','nan an','naa','南安市',NULL,NULL,''),(350602,3506,2,'芗城','xiang cheng','xic','芗城区',NULL,NULL,''),(350603,3506,2,'龙文','long wen','low','龙文区',NULL,NULL,''),(350622,3506,2,'云霄','yun xiao','yux','云霄县',NULL,NULL,''),(350623,3506,2,'漳浦','zhang pu','zhp','漳浦县',NULL,NULL,''),(350624,3506,2,'诏安','zhao an','zha','诏安县',NULL,NULL,''),(350625,3506,2,'长泰','chang tai','cht','长泰县',NULL,NULL,''),(350626,3506,2,'东山','dong shan','dos','东山县',NULL,NULL,''),(350627,3506,2,'南靖','nan jing','naj','南靖县',NULL,NULL,''),(350628,3506,2,'平和','ping he','pih','平和县',NULL,NULL,''),(350629,3506,2,'华安','hua an','hua','华安县',NULL,NULL,''),(350681,3506,2,'龙海','long hai','loh','龙海市',NULL,NULL,''),(350702,3507,2,'延平','yan ping','yap','延平区',NULL,NULL,''),(350703,3507,2,'建阳','jian yang','jiy','建阳区',NULL,NULL,''),(350721,3507,2,'顺昌','shun chang','shc','顺昌县',NULL,NULL,''),(350722,3507,2,'浦城','pu cheng','puc','浦城县',NULL,NULL,''),(350723,3507,2,'光泽','guang ze','guz','光泽县',NULL,NULL,''),(350724,3507,2,'松溪','song xi','sox','松溪县',NULL,NULL,''),(350725,3507,2,'政和','zheng he','zhh','政和县',NULL,NULL,''),(350781,3507,2,'邵武','shao wu','shw','邵武市',NULL,NULL,''),(350782,3507,2,'武夷山','wu yi shan','wuys','武夷山市',NULL,NULL,''),(350783,3507,2,'建瓯','jian ou','jio','建瓯市',NULL,NULL,''),(350802,3508,2,'新罗','xin luo','xil','新罗区',NULL,NULL,''),(350803,3508,2,'永定','yong ding','yod','永定区',NULL,NULL,''),(350821,3508,2,'长汀','chang ting','cht','长汀县',NULL,NULL,''),(350823,3508,2,'上杭','shang hang','shh','上杭县',NULL,NULL,''),(350824,3508,2,'武平','wu ping','wup','武平县',NULL,NULL,''),(350825,3508,2,'连城','lian cheng','lic','连城县',NULL,NULL,''),(350881,3508,2,'漳平','zhang ping','zhp','漳平市',NULL,NULL,''),(350902,3509,2,'蕉城','jiao cheng','jic','蕉城区',NULL,NULL,''),(350921,3509,2,'霞浦','xia pu','xip','霞浦县',NULL,NULL,''),(350922,3509,2,'古田','gu tian','gut','古田县',NULL,NULL,''),(350923,3509,2,'屏南','ping nan','pin','屏南县',NULL,NULL,''),(350924,3509,2,'寿宁','shou ning','shn','寿宁县',NULL,NULL,''),(350925,3509,2,'周宁','zhou ning','zhn','周宁县',NULL,NULL,''),(350926,3509,2,'柘荣','zhe rong','zhr','柘荣县',NULL,NULL,''),(350981,3509,2,'福安','fu an','fua','福安市',NULL,NULL,''),(350982,3509,2,'福鼎','fu ding','fud','福鼎市',NULL,NULL,''),(360102,3601,2,'东湖','dong hu','doh','东湖区',NULL,NULL,''),(360103,3601,2,'西湖','xi hu','xih','西湖区',NULL,NULL,''),(360104,3601,2,'青云谱','qing yun pu','qiyp','青云谱区',NULL,NULL,''),(360105,3601,2,'湾里','wan li','wal','湾里区',NULL,NULL,''),(360111,3601,2,'青山湖','qing shan hu','qish','青山湖区',NULL,NULL,''),(360112,3601,2,'新建','xin jian','xij','新建区',NULL,NULL,''),(360121,3601,2,'南昌','nan chang','nac','南昌县',NULL,NULL,''),(360123,3601,2,'安义','an yi','any','安义县',NULL,NULL,''),(360124,3601,2,'进贤','jin xian','jix','进贤县',NULL,NULL,''),(360202,3602,2,'昌江','chang jiang','chj','昌江区',NULL,NULL,''),(360203,3602,2,'珠山','zhu shan','zhs','珠山区',NULL,NULL,''),(360222,3602,2,'浮梁','fu liang','ful','浮梁县',NULL,NULL,''),(360281,3602,2,'乐平','le ping','lep','乐平市',NULL,NULL,''),(360302,3603,2,'安源','an yuan','any','安源区',NULL,NULL,''),(360313,3603,2,'湘东','xiang dong','xid','湘东区',NULL,NULL,''),(360321,3603,2,'莲花','lian hua','lih','莲花县',NULL,NULL,''),(360322,3603,2,'上栗','shang li','shl','上栗县',NULL,NULL,''),(360323,3603,2,'芦溪','lu xi','lux','芦溪县',NULL,NULL,''),(360402,3604,2,'濂溪','lian xi','lix','濂溪区',NULL,NULL,''),(360403,3604,2,'浔阳','xun yang','xuy','浔阳区',NULL,NULL,''),(360404,3604,2,'柴桑','chai sang','chs','柴桑区',NULL,NULL,''),(360423,3604,2,'武宁','wu ning','wun','武宁县',NULL,NULL,''),(360424,3604,2,'修水','xiu shui','xis','修水县',NULL,NULL,''),(360425,3604,2,'永修','yong xiu','yox','永修县',NULL,NULL,''),(360426,3604,2,'德安','de an','dea','德安县',NULL,NULL,''),(360428,3604,2,'都昌','du chang','duc','都昌县',NULL,NULL,''),(360429,3604,2,'湖口','hu kou','huk','湖口县',NULL,NULL,''),(360430,3604,2,'彭泽','peng ze','pez','彭泽县',NULL,NULL,''),(360481,3604,2,'瑞昌','rui chang','ruc','瑞昌市',NULL,NULL,''),(360482,3604,2,'共青城','gong qing cheng','goqc','共青城市',NULL,NULL,''),(360483,3604,2,'庐山','lu shan','lus','庐山市',NULL,NULL,''),(360502,3605,2,'渝水','yu shui','yus','渝水区',NULL,NULL,''),(360521,3605,2,'分宜','fen yi','fey','分宜县',NULL,NULL,''),(360602,3606,2,'月湖','yue hu','yuh','月湖区',NULL,NULL,''),(360622,3606,2,'余江','yu jiang','yuj','余江县',NULL,NULL,''),(360681,3606,2,'贵溪','gui xi','gux','贵溪市',NULL,NULL,''),(360702,3607,2,'章贡','zhang gong','zhg','章贡区',NULL,NULL,''),(360703,3607,2,'南康','nan kang','nak','南康区',NULL,NULL,''),(360704,3607,2,'赣县','gan xian','gax','赣县区',NULL,NULL,''),(360722,3607,2,'信丰','xin feng','xif','信丰县',NULL,NULL,''),(360723,3607,2,'大余','da yu','day','大余县',NULL,NULL,''),(360724,3607,2,'上犹','shang you','shy','上犹县',NULL,NULL,''),(360725,3607,2,'崇义','chong yi','chy','崇义县',NULL,NULL,''),(360726,3607,2,'安远','an yuan','any','安远县',NULL,NULL,''),(360727,3607,2,'龙南','long nan','lon','龙南县',NULL,NULL,''),(360728,3607,2,'定南','ding nan','din','定南县',NULL,NULL,''),(360729,3607,2,'全南','quan nan','qun','全南县',NULL,NULL,''),(360730,3607,2,'宁都','ning du','nid','宁都县',NULL,NULL,''),(360731,3607,2,'于都','yu du','yud','于都县',NULL,NULL,''),(360732,3607,2,'兴国','xing guo','xig','兴国县',NULL,NULL,''),(360733,3607,2,'会昌','hui chang','huc','会昌县',NULL,NULL,''),(360734,3607,2,'寻乌','xun wu','xuw','寻乌县',NULL,NULL,''),(360735,3607,2,'石城','shi cheng','shc','石城县',NULL,NULL,''),(360781,3607,2,'瑞金','rui jin','ruj','瑞金市',NULL,NULL,''),(360802,3608,2,'吉州','ji zhou','jiz','吉州区',NULL,NULL,''),(360803,3608,2,'青原','qing yuan','qiy','青原区',NULL,NULL,''),(360821,3608,2,'吉安','ji an','jia','吉安县',NULL,NULL,''),(360822,3608,2,'吉水','ji shui','jis','吉水县',NULL,NULL,''),(360823,3608,2,'峡江','xia jiang','xij','峡江县',NULL,NULL,''),(360824,3608,2,'新干','xin gan','xig','新干县',NULL,NULL,''),(360825,3608,2,'永丰','yong feng','yof','永丰县',NULL,NULL,''),(360826,3608,2,'泰和','tai he','tah','泰和县',NULL,NULL,''),(360827,3608,2,'遂川','sui chuan','suc','遂川县',NULL,NULL,''),(360828,3608,2,'万安','wan an','waa','万安县',NULL,NULL,''),(360829,3608,2,'安福','an fu','anf','安福县',NULL,NULL,''),(360830,3608,2,'永新','yong xin','yox','永新县',NULL,NULL,''),(360881,3608,2,'井冈山','jing gang shan','jigs','井冈山市',NULL,NULL,''),(360902,3609,2,'袁州','yuan zhou','yuz','袁州区',NULL,NULL,''),(360921,3609,2,'奉新','feng xin','fex','奉新县',NULL,NULL,''),(360922,3609,2,'万载','wan zai','waz','万载县',NULL,NULL,''),(360923,3609,2,'上高','shang gao','shg','上高县',NULL,NULL,''),(360924,3609,2,'宜丰','yi feng','yif','宜丰县',NULL,NULL,''),(360925,3609,2,'靖安','jing an','jia','靖安县',NULL,NULL,''),(360926,3609,2,'铜鼓','tong gu','tog','铜鼓县',NULL,NULL,''),(360981,3609,2,'丰城','feng cheng','fec','丰城市',NULL,NULL,''),(360982,3609,2,'樟树','zhang shu','zhs','樟树市',NULL,NULL,''),(360983,3609,2,'高安','gao an','gaa','高安市',NULL,NULL,''),(361002,3610,2,'临川','lin chuan','lic','临川区',NULL,NULL,''),(361003,3610,2,'东乡','dong xiang','dox','东乡区',NULL,NULL,''),(361021,3610,2,'南城','nan cheng','nac','南城县',NULL,NULL,''),(361022,3610,2,'黎川','li chuan','lic','黎川县',NULL,NULL,''),(361023,3610,2,'南丰','nan feng','naf','南丰县',NULL,NULL,''),(361024,3610,2,'崇仁','chong ren','chr','崇仁县',NULL,NULL,''),(361025,3610,2,'乐安','le an','lea','乐安县',NULL,NULL,''),(361026,3610,2,'宜黄','yi huang','yih','宜黄县',NULL,NULL,''),(361027,3610,2,'金溪','jin xi','jix','金溪县',NULL,NULL,''),(361028,3610,2,'资溪','zi xi','zix','资溪县',NULL,NULL,''),(361030,3610,2,'广昌','guang chang','guc','广昌县',NULL,NULL,''),(361102,3611,2,'信州','xin zhou','xiz','信州区',NULL,NULL,''),(361103,3611,2,'广丰','guang feng','guf','广丰区',NULL,NULL,''),(361121,3611,2,'上饶','shang rao','shr','上饶县',NULL,NULL,''),(361123,3611,2,'玉山','yu shan','yus','玉山县',NULL,NULL,''),(361124,3611,2,'铅山','yan shan','yas','铅山县',NULL,NULL,''),(361125,3611,2,'横峰','heng feng','hef','横峰县',NULL,NULL,''),(361126,3611,2,'弋阳','yi yang','yiy','弋阳县',NULL,NULL,''),(361127,3611,2,'余干','yu gan','yug','余干县',NULL,NULL,''),(361128,3611,2,'鄱阳','po yang','poy','鄱阳县',NULL,NULL,''),(361129,3611,2,'万年','wan nian','wan','万年县',NULL,NULL,''),(361130,3611,2,'婺源','wu yuan','wuy','婺源县',NULL,NULL,''),(361181,3611,2,'德兴','de xing','dex','德兴市',NULL,NULL,''),(370102,3701,2,'历下','li xia','lix','历下区',NULL,NULL,''),(370103,3701,2,'市中','shi zhong','shz','市中区',NULL,NULL,''),(370104,3701,2,'槐荫','huai yin','huy','槐荫区',NULL,NULL,''),(370105,3701,2,'天桥','tian qiao','tiq','天桥区',NULL,NULL,''),(370112,3701,2,'历城','li cheng','lic','历城区',NULL,NULL,''),(370113,3701,2,'长清','chang qing','chq','长清区',NULL,NULL,''),(370114,3701,2,'章丘','zhang qiu','zhq','章丘区',NULL,NULL,''),(370124,3701,2,'平阴','ping yin','piy','平阴县',NULL,NULL,''),(370125,3701,2,'济阳','ji yang','jiy','济阳县',NULL,NULL,''),(370126,3701,2,'商河','shang he','shh','商河县',NULL,NULL,''),(370171,3701,2,'济南高新技术产业开发区','ji nan gao xin ji shu chan ye kai fa qu','jing','济南高新技术产业开发区',NULL,NULL,''),(370202,3702,2,'市南','shi nan','shn','市南区',NULL,NULL,''),(370203,3702,2,'市北','shi bei','shb','市北区',NULL,NULL,''),(370211,3702,2,'黄岛','huang dao','hud','黄岛区',NULL,NULL,''),(370212,3702,2,'崂山','lao shan','las','崂山区',NULL,NULL,''),(370213,3702,2,'李沧','li cang','lic','李沧区',NULL,NULL,''),(370214,3702,2,'城阳','cheng yang','chy','城阳区',NULL,NULL,''),(370215,3702,2,'即墨','ji mo','jim','即墨区',NULL,NULL,''),(370271,3702,2,'青岛高新技术产业开发区','qing dao gao xin ji shu chan ye kai fa qu','qidg','青岛高新技术产业开发区',NULL,NULL,''),(370281,3702,2,'胶州','jiao zhou','jiz','胶州市',NULL,NULL,''),(370283,3702,2,'平度','ping du','pid','平度市',NULL,NULL,''),(370285,3702,2,'莱西','lai xi','lax','莱西市',NULL,NULL,''),(370302,3703,2,'淄川','zi chuan','zic','淄川区',NULL,NULL,''),(370303,3703,2,'张店','zhang dian','zhd','张店区',NULL,NULL,''),(370304,3703,2,'博山','bo shan','bos','博山区',NULL,NULL,''),(370305,3703,2,'临淄','lin zi','liz','临淄区',NULL,NULL,''),(370306,3703,2,'周村','zhou cun','zhc','周村区',NULL,NULL,''),(370321,3703,2,'桓台','huan tai','hut','桓台县',NULL,NULL,''),(370322,3703,2,'高青','gao qing','gaq','高青县',NULL,NULL,''),(370323,3703,2,'沂源','yi yuan','yiy','沂源县',NULL,NULL,''),(370402,3704,2,'市中','shi zhong','shz','市中区',NULL,NULL,''),(370403,3704,2,'薛城','xue cheng','xuc','薛城区',NULL,NULL,''),(370404,3704,2,'峄城','yi cheng','yic','峄城区',NULL,NULL,''),(370405,3704,2,'台儿庄','tai er zhuang','taez','台儿庄区',NULL,NULL,''),(370406,3704,2,'山亭','shan ting','sht','山亭区',NULL,NULL,''),(370481,3704,2,'滕州','teng zhou','tez','滕州市',NULL,NULL,''),(370502,3705,2,'东营','dong ying','doy','东营区',NULL,NULL,''),(370503,3705,2,'河口','he kou','hek','河口区',NULL,NULL,''),(370505,3705,2,'垦利','ken li','kel','垦利区',NULL,NULL,''),(370522,3705,2,'利津','li jin','lij','利津县',NULL,NULL,''),(370523,3705,2,'广饶','guang rao','gur','广饶县',NULL,NULL,''),(370571,3705,2,'东营经济技术开发区','dong ying jing ji ji shu kai fa qu','doyj','东营经济技术开发区',NULL,NULL,''),(370572,3705,2,'东营港经济开发区','dong ying gang jing ji kai fa qu','doyg','东营港经济开发区',NULL,NULL,''),(370602,3706,2,'芝罘','zhi fu','zhf','芝罘区',NULL,NULL,''),(370611,3706,2,'福山','fu shan','fus','福山区',NULL,NULL,''),(370612,3706,2,'牟平','mu ping','mup','牟平区',NULL,NULL,''),(370613,3706,2,'莱山','lai shan','las','莱山区',NULL,NULL,''),(370634,3706,2,'长岛','chang dao','chd','长岛县',NULL,NULL,''),(370671,3706,2,'烟台高新技术产业开发区','yan tai gao xin ji shu chan ye kai fa qu','yatg','烟台高新技术产业开发区',NULL,NULL,''),(370672,3706,2,'烟台经济技术开发区','yan tai jing ji ji shu kai fa qu','yatj','烟台经济技术开发区',NULL,NULL,''),(370681,3706,2,'龙口','long kou','lok','龙口市',NULL,NULL,''),(370682,3706,2,'莱阳','lai yang','lay','莱阳市',NULL,NULL,''),(370683,3706,2,'莱州','lai zhou','laz','莱州市',NULL,NULL,''),(370684,3706,2,'蓬莱','peng lai','pel','蓬莱市',NULL,NULL,''),(370685,3706,2,'招远','zhao yuan','zhy','招远市',NULL,NULL,''),(370686,3706,2,'栖霞','qi xia','qix','栖霞市',NULL,NULL,''),(370687,3706,2,'海阳','hai yang','hay','海阳市',NULL,NULL,''),(370702,3707,2,'潍城','wei cheng','wec','潍城区',NULL,NULL,''),(370703,3707,2,'寒亭','han ting','hat','寒亭区',NULL,NULL,''),(370704,3707,2,'坊子','fang zi','faz','坊子区',NULL,NULL,''),(370705,3707,2,'奎文','kui wen','kuw','奎文区',NULL,NULL,''),(370724,3707,2,'临朐','lin qu','liq','临朐县',NULL,NULL,''),(370725,3707,2,'昌乐','chang le','chl','昌乐县',NULL,NULL,''),(370772,3707,2,'潍坊滨海经济技术开发区','wei fang bin hai jing ji ji shu kai fa qu','wefb','潍坊滨海经济技术开发区',NULL,NULL,''),(370781,3707,2,'青州','qing zhou','qiz','青州市',NULL,NULL,''),(370782,3707,2,'诸城','zhu cheng','zhc','诸城市',NULL,NULL,''),(370783,3707,2,'寿光','shou guang','shg','寿光市',NULL,NULL,''),(370784,3707,2,'安丘','an qiu','anq','安丘市',NULL,NULL,''),(370785,3707,2,'高密','gao mi','gam','高密市',NULL,NULL,''),(370786,3707,2,'昌邑','chang yi','chy','昌邑市',NULL,NULL,''),(370811,3708,2,'任城','ren cheng','rec','任城区',NULL,NULL,''),(370812,3708,2,'兖州','yan zhou','yaz','兖州区',NULL,NULL,''),(370826,3708,2,'微山','wei shan','wes','微山县',NULL,NULL,''),(370827,3708,2,'鱼台','yu tai','yut','鱼台县',NULL,NULL,''),(370828,3708,2,'金乡','jin xiang','jix','金乡县',NULL,NULL,''),(370829,3708,2,'嘉祥','jia xiang','jix','嘉祥县',NULL,NULL,''),(370830,3708,2,'汶上','wen shang','wes','汶上县',NULL,NULL,''),(370831,3708,2,'泗水','si shui','sis','泗水县',NULL,NULL,''),(370832,3708,2,'梁山','liang shan','lis','梁山县',NULL,NULL,''),(370871,3708,2,'济宁高新技术产业开发区','ji ning gao xin ji shu chan ye kai fa qu','jing','济宁高新技术产业开发区',NULL,NULL,''),(370881,3708,2,'曲阜','qu fu','quf','曲阜市',NULL,NULL,''),(370883,3708,2,'邹城','zou cheng','zoc','邹城市',NULL,NULL,''),(370902,3709,2,'泰山','tai shan','tas','泰山区',NULL,NULL,''),(370911,3709,2,'岱岳','dai yue','day','岱岳区',NULL,NULL,''),(370921,3709,2,'宁阳','ning yang','niy','宁阳县',NULL,NULL,''),(370923,3709,2,'东平','dong ping','dop','东平县',NULL,NULL,''),(370982,3709,2,'新泰','xin tai','xit','新泰市',NULL,NULL,''),(370983,3709,2,'肥城','fei cheng','fec','肥城市',NULL,NULL,''),(371002,3710,2,'环翠','huan cui','huc','环翠区',NULL,NULL,''),(371003,3710,2,'文登','wen deng','wed','文登区',NULL,NULL,''),(371071,3710,2,'威海火炬高技术产业开发区','wei hai huo ju gao ji shu chan ye kai fa qu','wehh','威海火炬高技术产业开发区',NULL,NULL,''),(371072,3710,2,'威海经济技术开发区','wei hai jing ji ji shu kai fa qu','wehj','威海经济技术开发区',NULL,NULL,''),(371073,3710,2,'威海临港经济技术开发区','wei hai lin gang jing ji ji shu kai fa qu','wehl','威海临港经济技术开发区',NULL,NULL,''),(371082,3710,2,'荣成','rong cheng','roc','荣成市',NULL,NULL,''),(371083,3710,2,'乳山','ru shan','rus','乳山市',NULL,NULL,''),(371102,3711,2,'东港','dong gang','dog','东港区',NULL,NULL,''),(371103,3711,2,'岚山','lan shan','las','岚山区',NULL,NULL,''),(371121,3711,2,'五莲','wu lian','wul','五莲县',NULL,NULL,''),(371122,3711,2,'莒县','ju xian','jux','莒县',NULL,NULL,''),(371171,3711,2,'日照经济技术开发区','ri zhao jing ji ji shu kai fa qu','rizj','日照经济技术开发区',NULL,NULL,''),(371172,3711,2,'日照国际海洋城','ri zhao guo ji hai yang cheng','rizg','日照国际海洋城',NULL,NULL,''),(371202,3712,2,'莱城','lai cheng','lac','莱城区',NULL,NULL,''),(371203,3712,2,'钢城','gang cheng','gac','钢城区',NULL,NULL,''),(371302,3713,2,'兰山','lan shan','las','兰山区',NULL,NULL,''),(371311,3713,2,'罗庄','luo zhuang','luz','罗庄区',NULL,NULL,''),(371312,3713,2,'河东','he dong','hed','河东区',NULL,NULL,''),(371321,3713,2,'沂南','yi nan','yin','沂南县',NULL,NULL,''),(371322,3713,2,'郯城','tan cheng','tac','郯城县',NULL,NULL,''),(371323,3713,2,'沂水','yi shui','yis','沂水县',NULL,NULL,''),(371324,3713,2,'兰陵','lan ling','lal','兰陵县',NULL,NULL,''),(371325,3713,2,'费县','fei xian','fex','费县',NULL,NULL,''),(371326,3713,2,'平邑','ping yi','piy','平邑县',NULL,NULL,''),(371327,3713,2,'莒南','ju nan','jun','莒南县',NULL,NULL,''),(371328,3713,2,'蒙阴','meng yin','mey','蒙阴县',NULL,NULL,''),(371329,3713,2,'临沭','lin shu','lis','临沭县',NULL,NULL,''),(371371,3713,2,'临沂高新技术产业开发区','lin yi gao xin ji shu chan ye kai fa qu','liyg','临沂高新技术产业开发区',NULL,NULL,''),(371372,3713,2,'临沂经济技术开发区','lin yi jing ji ji shu kai fa qu','liyj','临沂经济技术开发区',NULL,NULL,''),(371373,3713,2,'临沂临港经济开发区','lin yi lin gang jing ji kai fa qu','liyl','临沂临港经济开发区',NULL,NULL,''),(371402,3714,2,'德城','de cheng','dec','德城区',NULL,NULL,''),(371403,3714,2,'陵城','ling cheng','lic','陵城区',NULL,NULL,''),(371422,3714,2,'宁津','ning jin','nij','宁津县',NULL,NULL,''),(371423,3714,2,'庆云','qing yun','qiy','庆云县',NULL,NULL,''),(371424,3714,2,'临邑','lin yi','liy','临邑县',NULL,NULL,''),(371425,3714,2,'齐河','qi he','qih','齐河县',NULL,NULL,''),(371426,3714,2,'平原','ping yuan','piy','平原县',NULL,NULL,''),(371427,3714,2,'夏津','xia jin','xij','夏津县',NULL,NULL,''),(371428,3714,2,'武城','wu cheng','wuc','武城县',NULL,NULL,''),(371471,3714,2,'德州经济技术开发区','de zhou jing ji ji shu kai fa qu','dezj','德州经济技术开发区',NULL,NULL,''),(371472,3714,2,'德州运河经济开发区','de zhou yun he jing ji kai fa qu','dezy','德州运河经济开发区',NULL,NULL,''),(371481,3714,2,'乐陵','le ling','lel','乐陵市',NULL,NULL,''),(371482,3714,2,'禹城','yu cheng','yuc','禹城市',NULL,NULL,''),(371502,3715,2,'东昌府','dong chang fu','docf','东昌府区',NULL,NULL,''),(371521,3715,2,'阳谷','yang gu','yag','阳谷县',NULL,NULL,''),(371522,3715,2,'莘县','shen xian','shx','莘县',NULL,NULL,''),(371523,3715,2,'茌平','chi ping','chp','茌平县',NULL,NULL,''),(371524,3715,2,'东阿','dong e','doe','东阿县',NULL,NULL,''),(371525,3715,2,'冠县','guan xian','gux','冠县',NULL,NULL,''),(371526,3715,2,'高唐','gao tang','gat','高唐县',NULL,NULL,''),(371581,3715,2,'临清','lin qing','liq','临清市',NULL,NULL,''),(371602,3716,2,'滨城','bin cheng','bic','滨城区',NULL,NULL,''),(371603,3716,2,'沾化','zhan hua','zhh','沾化区',NULL,NULL,''),(371621,3716,2,'惠民','hui min','hum','惠民县',NULL,NULL,''),(371622,3716,2,'阳信','yang xin','yax','阳信县',NULL,NULL,''),(371623,3716,2,'无棣','wu di','wud','无棣县',NULL,NULL,''),(371625,3716,2,'博兴','bo xing','box','博兴县',NULL,NULL,''),(371626,3716,2,'邹平','zou ping','zop','邹平县',NULL,NULL,''),(371702,3717,2,'牡丹','mu dan','mud','牡丹区',NULL,NULL,''),(371703,3717,2,'定陶','ding tao','dit','定陶区',NULL,NULL,''),(371721,3717,2,'曹县','cao xian','cax','曹县',NULL,NULL,''),(371722,3717,2,'单县','shan xian','shx','单县',NULL,NULL,''),(371723,3717,2,'成武','cheng wu','chw','成武县',NULL,NULL,''),(371724,3717,2,'巨野','ju ye','juy','巨野县',NULL,NULL,''),(371725,3717,2,'郓城','yun cheng','yuc','郓城县',NULL,NULL,''),(371726,3717,2,'鄄城','juan cheng','juc','鄄城县',NULL,NULL,''),(371728,3717,2,'东明','dong ming','dom','东明县',NULL,NULL,''),(371771,3717,2,'菏泽经济技术开发区','he ze jing ji ji shu kai fa qu','hezj','菏泽经济技术开发区',NULL,NULL,''),(371772,3717,2,'菏泽高新技术开发区','he ze gao xin ji shu kai fa qu','hezg','菏泽高新技术开发区',NULL,NULL,''),(410102,4101,2,'中原','zhong yuan','zhy','中原区',NULL,NULL,''),(410103,4101,2,'二七','er qi','erq','二七区',NULL,NULL,''),(410104,4101,2,'管城回族','guan cheng hui zu','guch','管城回族区',NULL,NULL,''),(410105,4101,2,'金水','jin shui','jis','金水区',NULL,NULL,''),(410106,4101,2,'上街','shang jie','shj','上街区',NULL,NULL,''),(410108,4101,2,'惠济','hui ji','huj','惠济区',NULL,NULL,''),(410122,4101,2,'中牟','zhong mu','zhm','中牟县',NULL,NULL,''),(410171,4101,2,'郑州经济技术开发区','zheng zhou jing ji ji shu kai fa qu','zhzj','郑州经济技术开发区',NULL,NULL,''),(410172,4101,2,'郑州高新技术产业开发区','zheng zhou gao xin ji shu chan ye kai fa qu','zhzg','郑州高新技术产业开发区',NULL,NULL,''),(410173,4101,2,'郑州航空港经济综合实验','zheng zhou hang kong gang jing ji zong he shi yan','zhzh','郑州航空港经济综合实验区',NULL,NULL,''),(410181,4101,2,'巩义','gong yi','goy','巩义市',NULL,NULL,''),(410182,4101,2,'荥阳','xing yang','xiy','荥阳市',NULL,NULL,''),(410183,4101,2,'新密','xin mi','xim','新密市',NULL,NULL,''),(410184,4101,2,'新郑','xin zheng','xiz','新郑市',NULL,NULL,''),(410185,4101,2,'登封','deng feng','def','登封市',NULL,NULL,''),(410202,4102,2,'龙亭','long ting','lot','龙亭区',NULL,NULL,''),(410203,4102,2,'顺河回族','shun he hui zu','shhh','顺河回族区',NULL,NULL,''),(410204,4102,2,'鼓楼','gu lou','gul','鼓楼区',NULL,NULL,''),(410205,4102,2,'禹王台','yu wang tai','yuwt','禹王台区',NULL,NULL,''),(410212,4102,2,'祥符','xiang fu','xif','祥符区',NULL,NULL,''),(410221,4102,2,'杞县','qi xian','qix','杞县',NULL,NULL,''),(410222,4102,2,'通许','tong xu','tox','通许县',NULL,NULL,''),(410223,4102,2,'尉氏','wei shi','wes','尉氏县',NULL,NULL,''),(410225,4102,2,'兰考','lan kao','lak','兰考县',NULL,NULL,''),(410302,4103,2,'老城','lao cheng','lac','老城区',NULL,NULL,''),(410303,4103,2,'西工','xi gong','xig','西工区',NULL,NULL,''),(410304,4103,2,'瀍河回族','chan he hui zu','chhh','瀍河回族区',NULL,NULL,''),(410305,4103,2,'涧西','jian xi','jix','涧西区',NULL,NULL,''),(410306,4103,2,'吉利','ji li','jil','吉利区',NULL,NULL,''),(410311,4103,2,'洛龙','luo long','lul','洛龙区',NULL,NULL,''),(410322,4103,2,'孟津','meng jin','mej','孟津县',NULL,NULL,''),(410323,4103,2,'新安','xin an','xia','新安县',NULL,NULL,''),(410324,4103,2,'栾川','luan chuan','luc','栾川县',NULL,NULL,''),(410325,4103,2,'嵩县','song xian','sox','嵩县',NULL,NULL,''),(410326,4103,2,'汝阳','ru yang','ruy','汝阳县',NULL,NULL,''),(410327,4103,2,'宜阳','yi yang','yiy','宜阳县',NULL,NULL,''),(410328,4103,2,'洛宁','luo ning','lun','洛宁县',NULL,NULL,''),(410329,4103,2,'伊川','yi chuan','yic','伊川县',NULL,NULL,''),(410371,4103,2,'洛阳高新技术产业开发区','luo yang gao xin ji shu chan ye kai fa qu','luyg','洛阳高新技术产业开发区',NULL,NULL,''),(410381,4103,2,'偃师','yan shi','yas','偃师市',NULL,NULL,''),(410402,4104,2,'新华','xin hua','xih','新华区',NULL,NULL,''),(410403,4104,2,'卫东','wei dong','wed','卫东区',NULL,NULL,''),(410404,4104,2,'石龙','shi long','shl','石龙区',NULL,NULL,''),(410411,4104,2,'湛河','zhan he','zhh','湛河区',NULL,NULL,''),(410421,4104,2,'宝丰','bao feng','baf','宝丰县',NULL,NULL,''),(410422,4104,2,'叶县','ye xian','yex','叶县',NULL,NULL,''),(410423,4104,2,'鲁山','lu shan','lus','鲁山县',NULL,NULL,''),(410425,4104,2,'郏县','jia xian','jix','郏县',NULL,NULL,''),(410471,4104,2,'平顶山高新技术产业开发区','ping ding shan gao xin ji shu chan ye kai fa qu','pids','平顶山高新技术产业开发区',NULL,NULL,''),(410472,4104,2,'平顶山市新城','ping ding shan shi xin cheng','pids','平顶山市新城区',NULL,NULL,''),(410481,4104,2,'舞钢','wu gang','wug','舞钢市',NULL,NULL,''),(410482,4104,2,'汝州','ru zhou','ruz','汝州市',NULL,NULL,''),(410502,4105,2,'文峰','wen feng','wef','文峰区',NULL,NULL,''),(410503,4105,2,'北关','bei guan','beg','北关区',NULL,NULL,''),(410505,4105,2,'殷都','yin du','yid','殷都区',NULL,NULL,''),(410506,4105,2,'龙安','long an','loa','龙安区',NULL,NULL,''),(410522,4105,2,'安阳','an yang','any','安阳县',NULL,NULL,''),(410523,4105,2,'汤阴','tang yin','tay','汤阴县',NULL,NULL,''),(410526,4105,2,'滑县','hua xian','hux','滑县',NULL,NULL,''),(410527,4105,2,'内黄','nei huang','neh','内黄县',NULL,NULL,''),(410571,4105,2,'安阳高新技术产业开发区','an yang gao xin ji shu chan ye kai fa qu','anyg','安阳高新技术产业开发区',NULL,NULL,''),(410581,4105,2,'林州','lin zhou','liz','林州市',NULL,NULL,''),(410602,4106,2,'鹤山','he shan','hes','鹤山区',NULL,NULL,''),(410603,4106,2,'山城','shan cheng','shc','山城区',NULL,NULL,''),(410611,4106,2,'淇滨','qi bin','qib','淇滨区',NULL,NULL,''),(410621,4106,2,'浚县','xun xian','xux','浚县',NULL,NULL,''),(410622,4106,2,'淇县','qi xian','qix','淇县',NULL,NULL,''),(410671,4106,2,'鹤壁经济技术开发区','he bi jing ji ji shu kai fa qu','hebj','鹤壁经济技术开发区',NULL,NULL,''),(410702,4107,2,'红旗','hong qi','hoq','红旗区',NULL,NULL,''),(410703,4107,2,'卫滨','wei bin','web','卫滨区',NULL,NULL,''),(410704,4107,2,'凤泉','feng quan','feq','凤泉区',NULL,NULL,''),(410711,4107,2,'牧野','mu ye','muy','牧野区',NULL,NULL,''),(410721,4107,2,'新乡','xin xiang','xix','新乡县',NULL,NULL,''),(410724,4107,2,'获嘉','huo jia','huj','获嘉县',NULL,NULL,''),(410725,4107,2,'原阳','yuan yang','yuy','原阳县',NULL,NULL,''),(410726,4107,2,'延津','yan jin','yaj','延津县',NULL,NULL,''),(410727,4107,2,'封丘','feng qiu','feq','封丘县',NULL,NULL,''),(410728,4107,2,'长垣','chang yuan','chy','长垣县',NULL,NULL,''),(410771,4107,2,'新乡高新技术产业开发区','xin xiang gao xin ji shu chan ye kai fa qu','xixg','新乡高新技术产业开发区',NULL,NULL,''),(410772,4107,2,'新乡经济技术开发区','xin xiang jing ji ji shu kai fa qu','xixj','新乡经济技术开发区',NULL,NULL,''),(410773,4107,2,'新乡市平原城乡一体化示范区','xin xiang shi ping yuan cheng xiang yi ti hua shi fan qu','xixs','新乡市平原城乡一体化示范区',NULL,NULL,''),(410781,4107,2,'卫辉','wei hui','weh','卫辉市',NULL,NULL,''),(410782,4107,2,'辉县','hui xian','hux','辉县市',NULL,NULL,''),(410802,4108,2,'解放','jie fang','jif','解放区',NULL,NULL,''),(410803,4108,2,'中站','zhong zhan','zhz','中站区',NULL,NULL,''),(410804,4108,2,'马村','ma cun','mac','马村区',NULL,NULL,''),(410811,4108,2,'山阳','shan yang','shy','山阳区',NULL,NULL,''),(410821,4108,2,'修武','xiu wu','xiw','修武县',NULL,NULL,''),(410822,4108,2,'博爱','bo ai','boa','博爱县',NULL,NULL,''),(410823,4108,2,'武陟','wu zhi','wuz','武陟县',NULL,NULL,''),(410825,4108,2,'温县','wen xian','wex','温县',NULL,NULL,''),(410871,4108,2,'焦作城乡一体化示范区','jiao zuo cheng xiang yi ti hua shi fan qu','jizc','焦作城乡一体化示范区',NULL,NULL,''),(410882,4108,2,'沁阳','qin yang','qiy','沁阳市',NULL,NULL,''),(410883,4108,2,'孟州','meng zhou','mez','孟州市',NULL,NULL,''),(410902,4109,2,'华龙','hua long','hul','华龙区',NULL,NULL,''),(410922,4109,2,'清丰','qing feng','qif','清丰县',NULL,NULL,''),(410923,4109,2,'南乐','nan le','nal','南乐县',NULL,NULL,''),(410926,4109,2,'范县','fan xian','fax','范县',NULL,NULL,''),(410927,4109,2,'台前','tai qian','taq','台前县',NULL,NULL,''),(410928,4109,2,'濮阳','pu yang','puy','濮阳县',NULL,NULL,''),(410971,4109,2,'河南濮阳工业园','he nan pu yang gong ye yuan','henp','河南濮阳工业园区',NULL,NULL,''),(410972,4109,2,'濮阳经济技术开发区','pu yang jing ji ji shu kai fa qu','puyj','濮阳经济技术开发区',NULL,NULL,''),(411002,4110,2,'魏都','wei du','wed','魏都区',NULL,NULL,''),(411003,4110,2,'建安','jian an','jia','建安区',NULL,NULL,''),(411024,4110,2,'鄢陵','yan ling','yal','鄢陵县',NULL,NULL,''),(411025,4110,2,'襄城','xiang cheng','xic','襄城县',NULL,NULL,''),(411071,4110,2,'许昌经济技术开发区','xu chang jing ji ji shu kai fa qu','xucj','许昌经济技术开发区',NULL,NULL,''),(411081,4110,2,'禹州','yu zhou','yuz','禹州市',NULL,NULL,''),(411082,4110,2,'长葛','chang ge','chg','长葛市',NULL,NULL,''),(411102,4111,2,'源汇','yuan hui','yuh','源汇区',NULL,NULL,''),(411103,4111,2,'郾城','yan cheng','yac','郾城区',NULL,NULL,''),(411104,4111,2,'召陵','shao ling','shl','召陵区',NULL,NULL,''),(411121,4111,2,'舞阳','wu yang','wuy','舞阳县',NULL,NULL,''),(411122,4111,2,'临颍','lin ying','liy','临颍县',NULL,NULL,''),(411171,4111,2,'漯河经济技术开发区','luo he jing ji ji shu kai fa qu','luhj','漯河经济技术开发区',NULL,NULL,''),(411202,4112,2,'湖滨','hu bin','hub','湖滨区',NULL,NULL,''),(411203,4112,2,'陕州','shan zhou','shz','陕州区',NULL,NULL,''),(411221,4112,2,'渑池','mian chi','mic','渑池县',NULL,NULL,''),(411224,4112,2,'卢氏','lu shi','lus','卢氏县',NULL,NULL,''),(411271,4112,2,'河南三门峡经济开发区','he nan san men xia jing ji kai fa qu','hens','河南三门峡经济开发区',NULL,NULL,''),(411281,4112,2,'义马','yi ma','yim','义马市',NULL,NULL,''),(411282,4112,2,'灵宝','ling bao','lib','灵宝市',NULL,NULL,''),(411302,4113,2,'宛城','wan cheng','wac','宛城区',NULL,NULL,''),(411303,4113,2,'卧龙','wo long','wol','卧龙区',NULL,NULL,''),(411321,4113,2,'南召','nan zhao','naz','南召县',NULL,NULL,''),(411322,4113,2,'方城','fang cheng','fac','方城县',NULL,NULL,''),(411323,4113,2,'西峡','xi xia','xix','西峡县',NULL,NULL,''),(411324,4113,2,'镇平','zhen ping','zhp','镇平县',NULL,NULL,''),(411325,4113,2,'内乡','nei xiang','nex','内乡县',NULL,NULL,''),(411326,4113,2,'淅川','xi chuan','xic','淅川县',NULL,NULL,''),(411327,4113,2,'社旗','she qi','shq','社旗县',NULL,NULL,''),(411328,4113,2,'唐河','tang he','tah','唐河县',NULL,NULL,''),(411329,4113,2,'新野','xin ye','xiy','新野县',NULL,NULL,''),(411330,4113,2,'桐柏','tong bai','tob','桐柏县',NULL,NULL,''),(411371,4113,2,'南阳高新技术产业开发区','nan yang gao xin ji shu chan ye kai fa qu','nayg','南阳高新技术产业开发区',NULL,NULL,''),(411372,4113,2,'南阳市城乡一体化示范区','nan yang shi cheng xiang yi ti hua shi fan qu','nays','南阳市城乡一体化示范区',NULL,NULL,''),(411381,4113,2,'邓州','deng zhou','dez','邓州市',NULL,NULL,''),(411402,4114,2,'梁园','liang yuan','liy','梁园区',NULL,NULL,''),(411403,4114,2,'睢阳','sui yang','suy','睢阳区',NULL,NULL,''),(411421,4114,2,'民权','min quan','miq','民权县',NULL,NULL,''),(411422,4114,2,'睢县','sui xian','sux','睢县',NULL,NULL,''),(411423,4114,2,'宁陵','ning ling','nil','宁陵县',NULL,NULL,''),(411424,4114,2,'柘城','zhe cheng','zhc','柘城县',NULL,NULL,''),(411425,4114,2,'虞城','yu cheng','yuc','虞城县',NULL,NULL,''),(411426,4114,2,'夏邑','xia yi','xiy','夏邑县',NULL,NULL,''),(411471,4114,2,'豫东综合物流产业聚集','yu dong zong he wu liu chan ye ju ji','yudz','豫东综合物流产业聚集区',NULL,NULL,''),(411472,4114,2,'河南商丘经济开发区','he nan shang qiu jing ji kai fa qu','hens','河南商丘经济开发区',NULL,NULL,''),(411481,4114,2,'永城','yong cheng','yoc','永城市',NULL,NULL,''),(411502,4115,2,'浉河','shi he','shh','浉河区',NULL,NULL,''),(411503,4115,2,'平桥','ping qiao','piq','平桥区',NULL,NULL,''),(411521,4115,2,'罗山','luo shan','lus','罗山县',NULL,NULL,''),(411522,4115,2,'光山','guang shan','gus','光山县',NULL,NULL,''),(411523,4115,2,'新县','xin xian','xix','新县',NULL,NULL,''),(411524,4115,2,'商城','shang cheng','shc','商城县',NULL,NULL,''),(411525,4115,2,'固始','gu shi','gus','固始县',NULL,NULL,''),(411526,4115,2,'潢川','huang chuan','huc','潢川县',NULL,NULL,''),(411527,4115,2,'淮滨','huai bin','hub','淮滨县',NULL,NULL,''),(411528,4115,2,'息县','xi xian','xix','息县',NULL,NULL,''),(411571,4115,2,'信阳高新技术产业开发区','xin yang gao xin ji shu chan ye kai fa qu','xiyg','信阳高新技术产业开发区',NULL,NULL,''),(411602,4116,2,'川汇','chuan hui','chh','川汇区',NULL,NULL,''),(411621,4116,2,'扶沟','fu gou','fug','扶沟县',NULL,NULL,''),(411622,4116,2,'西华','xi hua','xih','西华县',NULL,NULL,''),(411623,4116,2,'商水','shang shui','shs','商水县',NULL,NULL,''),(411624,4116,2,'沈丘','shen qiu','shq','沈丘县',NULL,NULL,''),(411625,4116,2,'郸城','dan cheng','dac','郸城县',NULL,NULL,''),(411626,4116,2,'淮阳','huai yang','huy','淮阳县',NULL,NULL,''),(411627,4116,2,'太康','tai kang','tak','太康县',NULL,NULL,''),(411628,4116,2,'鹿邑','lu yi','luy','鹿邑县',NULL,NULL,''),(411671,4116,2,'河南周口经济开发区','he nan zhou kou jing ji kai fa qu','henz','河南周口经济开发区',NULL,NULL,''),(411681,4116,2,'项城','xiang cheng','xic','项城市',NULL,NULL,''),(411702,4117,2,'驿城','yi cheng','yic','驿城区',NULL,NULL,''),(411721,4117,2,'西平','xi ping','xip','西平县',NULL,NULL,''),(411722,4117,2,'上蔡','shang cai','shc','上蔡县',NULL,NULL,''),(411723,4117,2,'平舆','ping yu','piy','平舆县',NULL,NULL,''),(411724,4117,2,'正阳','zheng yang','zhy','正阳县',NULL,NULL,''),(411725,4117,2,'确山','que shan','qus','确山县',NULL,NULL,''),(411726,4117,2,'泌阳','bi yang','biy','泌阳县',NULL,NULL,''),(411727,4117,2,'汝南','ru nan','run','汝南县',NULL,NULL,''),(411728,4117,2,'遂平','sui ping','sup','遂平县',NULL,NULL,''),(411729,4117,2,'新蔡','xin cai','xic','新蔡县',NULL,NULL,''),(411771,4117,2,'河南驻马店经济开发区','he nan zhu ma dian jing ji kai fa qu','henz','河南驻马店经济开发区',NULL,NULL,''),(419001,4190,2,'济源','ji yuan','jiy','济源市',NULL,NULL,''),(420102,4201,2,'江岸','jiang an','jia','江岸区',NULL,NULL,''),(420103,4201,2,'江汉','jiang han','jih','江汉区',NULL,NULL,''),(420104,4201,2,'硚口','qiao kou','qik','硚口区',NULL,NULL,''),(420105,4201,2,'汉阳','han yang','hay','汉阳区',NULL,NULL,''),(420106,4201,2,'武昌','wu chang','wuc','武昌区',NULL,NULL,''),(420107,4201,2,'青山','qing shan','qis','青山区',NULL,NULL,''),(420111,4201,2,'洪山','hong shan','hos','洪山区',NULL,NULL,''),(420112,4201,2,'东西湖','dong xi hu','doxh','东西湖区',NULL,NULL,''),(420113,4201,2,'汉南','han nan','han','汉南区',NULL,NULL,''),(420114,4201,2,'蔡甸','cai dian','cad','蔡甸区',NULL,NULL,''),(420115,4201,2,'江夏','jiang xia','jix','江夏区',NULL,NULL,''),(420116,4201,2,'黄陂','huang pi','hup','黄陂区',NULL,NULL,''),(420117,4201,2,'新洲','xin zhou','xiz','新洲区',NULL,NULL,''),(420202,4202,2,'黄石港','huang shi gang','husg','黄石港区',NULL,NULL,''),(420203,4202,2,'西塞山','xi sai shan','xiss','西塞山区',NULL,NULL,''),(420204,4202,2,'下陆','xia lu','xil','下陆区',NULL,NULL,''),(420205,4202,2,'铁山','tie shan','tis','铁山区',NULL,NULL,''),(420222,4202,2,'阳新','yang xin','yax','阳新县',NULL,NULL,''),(420281,4202,2,'大冶','da ye','day','大冶市',NULL,NULL,''),(420302,4203,2,'茅箭','mao jian','maj','茅箭区',NULL,NULL,''),(420303,4203,2,'张湾','zhang wan','zhw','张湾区',NULL,NULL,''),(420304,4203,2,'郧阳','yun yang','yuy','郧阳区',NULL,NULL,''),(420322,4203,2,'郧西','yun xi','yux','郧西县',NULL,NULL,''),(420323,4203,2,'竹山','zhu shan','zhs','竹山县',NULL,NULL,''),(420324,4203,2,'竹溪','zhu xi','zhx','竹溪县',NULL,NULL,''),(420325,4203,2,'房县','fang xian','fax','房县',NULL,NULL,''),(420381,4203,2,'丹江口','dan jiang kou','dajk','丹江口市',NULL,NULL,''),(420502,4205,2,'西陵','xi ling','xil','西陵区',NULL,NULL,''),(420503,4205,2,'伍家岗','wu jia gang','wujg','伍家岗区',NULL,NULL,''),(420504,4205,2,'点军','dian jun','dij','点军区',NULL,NULL,''),(420505,4205,2,'猇亭','xiao ting','xit','猇亭区',NULL,NULL,''),(420506,4205,2,'夷陵','yi ling','yil','夷陵区',NULL,NULL,''),(420525,4205,2,'远安','yuan an','yua','远安县',NULL,NULL,''),(420526,4205,2,'兴山','xing shan','xis','兴山县',NULL,NULL,''),(420527,4205,2,'秭归','zi gui','zig','秭归县',NULL,NULL,''),(420528,4205,2,'长阳土家族自治县','chang yang tu jia zu zi zhi xian','chyt','长阳土家族自治县',NULL,NULL,''),(420529,4205,2,'五峰土家族自治县','wu feng tu jia zu zi zhi xian','wuft','五峰土家族自治县',NULL,NULL,''),(420581,4205,2,'宜都','yi du','yid','宜都市',NULL,NULL,''),(420582,4205,2,'当阳','dang yang','day','当阳市',NULL,NULL,''),(420583,4205,2,'枝江','zhi jiang','zhj','枝江市',NULL,NULL,''),(420602,4206,2,'襄城','xiang cheng','xic','襄城区',NULL,NULL,''),(420606,4206,2,'樊城','fan cheng','fac','樊城区',NULL,NULL,''),(420607,4206,2,'襄州','xiang zhou','xiz','襄州区',NULL,NULL,''),(420624,4206,2,'南漳','nan zhang','naz','南漳县',NULL,NULL,''),(420625,4206,2,'谷城','gu cheng','guc','谷城县',NULL,NULL,''),(420626,4206,2,'保康','bao kang','bak','保康县',NULL,NULL,''),(420682,4206,2,'老河口','lao he kou','lahk','老河口市',NULL,NULL,''),(420683,4206,2,'枣阳','zao yang','zay','枣阳市',NULL,NULL,''),(420684,4206,2,'宜城','yi cheng','yic','宜城市',NULL,NULL,''),(420702,4207,2,'梁子湖','liang zi hu','lizh','梁子湖区',NULL,NULL,''),(420703,4207,2,'华容','hua rong','hur','华容区',NULL,NULL,''),(420704,4207,2,'鄂城','e cheng','ec','鄂城区',NULL,NULL,''),(420802,4208,2,'东宝','dong bao','dob','东宝区',NULL,NULL,''),(420804,4208,2,'掇刀','duo dao','dud','掇刀区',NULL,NULL,''),(420821,4208,2,'京山','jing shan','jis','京山县',NULL,NULL,''),(420822,4208,2,'沙洋','sha yang','shy','沙洋县',NULL,NULL,''),(420881,4208,2,'钟祥','zhong xiang','zhx','钟祥市',NULL,NULL,''),(420902,4209,2,'孝南','xiao nan','xin','孝南区',NULL,NULL,''),(420921,4209,2,'孝昌','xiao chang','xic','孝昌县',NULL,NULL,''),(420922,4209,2,'大悟','da wu','daw','大悟县',NULL,NULL,''),(420923,4209,2,'云梦','yun meng','yum','云梦县',NULL,NULL,''),(420981,4209,2,'应城','ying cheng','yic','应城市',NULL,NULL,''),(420982,4209,2,'安陆','an lu','anl','安陆市',NULL,NULL,''),(420984,4209,2,'汉川','han chuan','hac','汉川市',NULL,NULL,''),(421002,4210,2,'沙市','sha shi','shs','沙市区',NULL,NULL,''),(421003,4210,2,'荆州','jing zhou','jiz','荆州区',NULL,NULL,''),(421022,4210,2,'公安','gong an','goa','公安县',NULL,NULL,''),(421023,4210,2,'监利','jian li','jil','监利县',NULL,NULL,''),(421024,4210,2,'江陵','jiang ling','jil','江陵县',NULL,NULL,''),(421071,4210,2,'荆州经济技术开发区','jing zhou jing ji ji shu kai fa qu','jizj','荆州经济技术开发区',NULL,NULL,''),(421081,4210,2,'石首','shi shou','shs','石首市',NULL,NULL,''),(421083,4210,2,'洪湖','hong hu','hoh','洪湖市',NULL,NULL,''),(421087,4210,2,'松滋','song zi','soz','松滋市',NULL,NULL,''),(421102,4211,2,'黄州','huang zhou','huz','黄州区',NULL,NULL,''),(421121,4211,2,'团风','tuan feng','tuf','团风县',NULL,NULL,''),(421122,4211,2,'红安','hong an','hoa','红安县',NULL,NULL,''),(421123,4211,2,'罗田','luo tian','lut','罗田县',NULL,NULL,''),(421124,4211,2,'英山','ying shan','yis','英山县',NULL,NULL,''),(421125,4211,2,'浠水','xi shui','xis','浠水县',NULL,NULL,''),(421126,4211,2,'蕲春','qi chun','qic','蕲春县',NULL,NULL,''),(421127,4211,2,'黄梅','huang mei','hum','黄梅县',NULL,NULL,''),(421171,4211,2,'龙感湖管理区','long gan hu guan li qu','logh','龙感湖管理区',NULL,NULL,''),(421181,4211,2,'麻城','ma cheng','mac','麻城市',NULL,NULL,''),(421182,4211,2,'武穴','wu xue','wux','武穴市',NULL,NULL,''),(421202,4212,2,'咸安','xian an','xia','咸安区',NULL,NULL,''),(421221,4212,2,'嘉鱼','jia yu','jiy','嘉鱼县',NULL,NULL,''),(421222,4212,2,'通城','tong cheng','toc','通城县',NULL,NULL,''),(421223,4212,2,'崇阳','chong yang','chy','崇阳县',NULL,NULL,''),(421224,4212,2,'通山','tong shan','tos','通山县',NULL,NULL,''),(421281,4212,2,'赤壁','chi bi','chb','赤壁市',NULL,NULL,''),(421303,4213,2,'曾都','zeng du','zed','曾都区',NULL,NULL,''),(421321,4213,2,'随县','sui xian','sux','随县',NULL,NULL,''),(421381,4213,2,'广水','guang shui','gus','广水市',NULL,NULL,''),(422801,4228,2,'恩施','en shi','ens','恩施市',NULL,NULL,''),(422802,4228,2,'利川','li chuan','lic','利川市',NULL,NULL,''),(422822,4228,2,'建始','jian shi','jis','建始县',NULL,NULL,''),(422823,4228,2,'巴东','ba dong','bad','巴东县',NULL,NULL,''),(422825,4228,2,'宣恩','xuan en','xue','宣恩县',NULL,NULL,''),(422826,4228,2,'咸丰','xian feng','xif','咸丰县',NULL,NULL,''),(422827,4228,2,'来凤','lai feng','laf','来凤县',NULL,NULL,''),(422828,4228,2,'鹤峰','he feng','hef','鹤峰县',NULL,NULL,''),(429004,4290,2,'仙桃','xian tao','xit','仙桃市',NULL,NULL,''),(429005,4290,2,'潜江','qian jiang','qij','潜江市',NULL,NULL,''),(429006,4290,2,'天门','tian men','tim','天门市',NULL,NULL,''),(429021,4290,2,'神农架林','shen nong jia lin','shnj','神农架林区',NULL,NULL,''),(430102,4301,2,'芙蓉','fu rong','fur','芙蓉区',NULL,NULL,''),(430103,4301,2,'天心','tian xin','tix','天心区',NULL,NULL,''),(430104,4301,2,'岳麓','yue lu','yul','岳麓区',NULL,NULL,''),(430105,4301,2,'开福','kai fu','kaf','开福区',NULL,NULL,''),(430111,4301,2,'雨花','yu hua','yuh','雨花区',NULL,NULL,''),(430112,4301,2,'望城','wang cheng','wac','望城区',NULL,NULL,''),(430121,4301,2,'长沙','chang sha','chs','长沙县',NULL,NULL,''),(430181,4301,2,'浏阳','liu yang','liy','浏阳市',NULL,NULL,''),(430182,4301,2,'宁乡','ning xiang','nix','宁乡市',NULL,NULL,''),(430202,4302,2,'荷塘','he tang','het','荷塘区',NULL,NULL,''),(430203,4302,2,'芦淞','lu song','lus','芦淞区',NULL,NULL,''),(430204,4302,2,'石峰','shi feng','shf','石峰区',NULL,NULL,''),(430211,4302,2,'天元','tian yuan','tiy','天元区',NULL,NULL,''),(430221,4302,2,'株洲','zhu zhou','zhz','株洲县',NULL,NULL,''),(430223,4302,2,'攸县','you xian','yox','攸县',NULL,NULL,''),(430224,4302,2,'茶陵','cha ling','chl','茶陵县',NULL,NULL,''),(430225,4302,2,'炎陵','yan ling','yal','炎陵县',NULL,NULL,''),(430271,4302,2,'云龙示范区','yun long shi fan qu','yuls','云龙示范区',NULL,NULL,''),(430281,4302,2,'醴陵','li ling','lil','醴陵市',NULL,NULL,''),(430302,4303,2,'雨湖','yu hu','yuh','雨湖区',NULL,NULL,''),(430304,4303,2,'岳塘','yue tang','yut','岳塘区',NULL,NULL,''),(430321,4303,2,'湘潭','xiang tan','xit','湘潭县',NULL,NULL,''),(430371,4303,2,'湖南湘潭高新技术产业园','hu nan xiang tan gao xin ji shu chan ye yuan','hunx','湖南湘潭高新技术产业园区',NULL,NULL,''),(430372,4303,2,'湘潭昭山示范区','xiang tan zhao shan shi fan qu','xitz','湘潭昭山示范区',NULL,NULL,''),(430373,4303,2,'湘潭九华示范区','xiang tan jiu hua shi fan qu','xitj','湘潭九华示范区',NULL,NULL,''),(430381,4303,2,'湘乡','xiang xiang','xix','湘乡市',NULL,NULL,''),(430382,4303,2,'韶山','shao shan','shs','韶山市',NULL,NULL,''),(430405,4304,2,'珠晖','zhu hui','zhh','珠晖区',NULL,NULL,''),(430406,4304,2,'雁峰','yan feng','yaf','雁峰区',NULL,NULL,''),(430407,4304,2,'石鼓','shi gu','shg','石鼓区',NULL,NULL,''),(430408,4304,2,'蒸湘','zheng xiang','zhx','蒸湘区',NULL,NULL,''),(430412,4304,2,'南岳','nan yue','nay','南岳区',NULL,NULL,''),(430421,4304,2,'衡阳','heng yang','hey','衡阳县',NULL,NULL,''),(430422,4304,2,'衡南','heng nan','hen','衡南县',NULL,NULL,''),(430423,4304,2,'衡山','heng shan','hes','衡山县',NULL,NULL,''),(430424,4304,2,'衡东','heng dong','hed','衡东县',NULL,NULL,''),(430426,4304,2,'祁东','qi dong','qid','祁东县',NULL,NULL,''),(430471,4304,2,'衡阳综合保税','heng yang zong he bao shui','heyz','衡阳综合保税区',NULL,NULL,''),(430472,4304,2,'湖南衡阳高新技术产业园','hu nan heng yang gao xin ji shu chan ye yuan','hunh','湖南衡阳高新技术产业园区',NULL,NULL,''),(430473,4304,2,'湖南衡阳松木经济开发区','hu nan heng yang song mu jing ji kai fa qu','hunh','湖南衡阳松木经济开发区',NULL,NULL,''),(430481,4304,2,'耒阳','lei yang','ley','耒阳市',NULL,NULL,''),(430482,4304,2,'常宁','chang ning','chn','常宁市',NULL,NULL,''),(430502,4305,2,'双清','shuang qing','shq','双清区',NULL,NULL,''),(430503,4305,2,'大祥','da xiang','dax','大祥区',NULL,NULL,''),(430511,4305,2,'北塔','bei ta','bet','北塔区',NULL,NULL,''),(430521,4305,2,'邵东','shao dong','shd','邵东县',NULL,NULL,''),(430522,4305,2,'新邵','xin shao','xis','新邵县',NULL,NULL,''),(430523,4305,2,'邵阳','shao yang','shy','邵阳县',NULL,NULL,''),(430524,4305,2,'隆回','long hui','loh','隆回县',NULL,NULL,''),(430525,4305,2,'洞口','dong kou','dok','洞口县',NULL,NULL,''),(430527,4305,2,'绥宁','sui ning','sun','绥宁县',NULL,NULL,''),(430528,4305,2,'新宁','xin ning','xin','新宁县',NULL,NULL,''),(430529,4305,2,'城步苗族自治县','cheng bu miao zu zi zhi xian','chbm','城步苗族自治县',NULL,NULL,''),(430581,4305,2,'武冈','wu gang','wug','武冈市',NULL,NULL,''),(430602,4306,2,'岳阳楼','yue yang lou','yuyl','岳阳楼区',NULL,NULL,''),(430603,4306,2,'云溪','yun xi','yux','云溪区',NULL,NULL,''),(430611,4306,2,'君山','jun shan','jus','君山区',NULL,NULL,''),(430621,4306,2,'岳阳','yue yang','yuy','岳阳县',NULL,NULL,''),(430623,4306,2,'华容','hua rong','hur','华容县',NULL,NULL,''),(430624,4306,2,'湘阴','xiang yin','xiy','湘阴县',NULL,NULL,''),(430626,4306,2,'平江','ping jiang','pij','平江县',NULL,NULL,''),(430671,4306,2,'岳阳市屈原管理区','yue yang shi qu yuan guan li qu','yuys','岳阳市屈原管理区',NULL,NULL,''),(430681,4306,2,'汨罗','mi luo','mil','汨罗市',NULL,NULL,''),(430682,4306,2,'临湘','lin xiang','lix','临湘市',NULL,NULL,''),(430702,4307,2,'武陵','wu ling','wul','武陵区',NULL,NULL,''),(430703,4307,2,'鼎城','ding cheng','dic','鼎城区',NULL,NULL,''),(430721,4307,2,'安乡','an xiang','anx','安乡县',NULL,NULL,''),(430722,4307,2,'汉寿','han shou','has','汉寿县',NULL,NULL,''),(430723,4307,2,'澧县','li xian','lix','澧县',NULL,NULL,''),(430724,4307,2,'临澧','lin li','lil','临澧县',NULL,NULL,''),(430725,4307,2,'桃源','tao yuan','tay','桃源县',NULL,NULL,''),(430726,4307,2,'石门','shi men','shm','石门县',NULL,NULL,''),(430771,4307,2,'常德市西洞庭管理区','chang de shi xi dong ting guan li qu','chds','常德市西洞庭管理区',NULL,NULL,''),(430781,4307,2,'津市','jin shi','jis','津市市',NULL,NULL,''),(430802,4308,2,'永定','yong ding','yod','永定区',NULL,NULL,''),(430811,4308,2,'武陵源','wu ling yuan','wuly','武陵源区',NULL,NULL,''),(430821,4308,2,'慈利','ci li','cil','慈利县',NULL,NULL,''),(430822,4308,2,'桑植','sang zhi','saz','桑植县',NULL,NULL,''),(430902,4309,2,'资阳','zi yang','ziy','资阳区',NULL,NULL,''),(430903,4309,2,'赫山','he shan','hes','赫山区',NULL,NULL,''),(430921,4309,2,'南县','nan xian','nax','南县',NULL,NULL,''),(430922,4309,2,'桃江','tao jiang','taj','桃江县',NULL,NULL,''),(430923,4309,2,'安化','an hua','anh','安化县',NULL,NULL,''),(430971,4309,2,'益阳市大通湖管理区','yi yang shi da tong hu guan li qu','yiys','益阳市大通湖管理区',NULL,NULL,''),(430972,4309,2,'湖南益阳高新技术产业园','hu nan yi yang gao xin ji shu chan ye yuan','huny','湖南益阳高新技术产业园区',NULL,NULL,''),(430981,4309,2,'沅江','yuan jiang','yuj','沅江市',NULL,NULL,''),(431002,4310,2,'北湖','bei hu','beh','北湖区',NULL,NULL,''),(431003,4310,2,'苏仙','su xian','sux','苏仙区',NULL,NULL,''),(431021,4310,2,'桂阳','gui yang','guy','桂阳县',NULL,NULL,''),(431022,4310,2,'宜章','yi zhang','yiz','宜章县',NULL,NULL,''),(431023,4310,2,'永兴','yong xing','yox','永兴县',NULL,NULL,''),(431024,4310,2,'嘉禾','jia he','jih','嘉禾县',NULL,NULL,''),(431025,4310,2,'临武','lin wu','liw','临武县',NULL,NULL,''),(431026,4310,2,'汝城','ru cheng','ruc','汝城县',NULL,NULL,''),(431027,4310,2,'桂东','gui dong','gud','桂东县',NULL,NULL,''),(431028,4310,2,'安仁','an ren','anr','安仁县',NULL,NULL,''),(431081,4310,2,'资兴','zi xing','zix','资兴市',NULL,NULL,''),(431102,4311,2,'零陵','ling ling','lil','零陵区',NULL,NULL,''),(431103,4311,2,'冷水滩','leng shui tan','lest','冷水滩区',NULL,NULL,''),(431121,4311,2,'祁阳','qi yang','qiy','祁阳县',NULL,NULL,''),(431122,4311,2,'东安','dong an','doa','东安县',NULL,NULL,''),(431123,4311,2,'双牌','shuang pai','shp','双牌县',NULL,NULL,''),(431124,4311,2,'道县','dao xian','dax','道县',NULL,NULL,''),(431125,4311,2,'江永','jiang yong','jiy','江永县',NULL,NULL,''),(431126,4311,2,'宁远','ning yuan','niy','宁远县',NULL,NULL,''),(431127,4311,2,'蓝山','lan shan','las','蓝山县',NULL,NULL,''),(431128,4311,2,'新田','xin tian','xit','新田县',NULL,NULL,''),(431129,4311,2,'江华瑶族自治县','jiang hua yao zu zi zhi xian','jihy','江华瑶族自治县',NULL,NULL,''),(431171,4311,2,'永州经济技术开发区','yong zhou jing ji ji shu kai fa qu','yozj','永州经济技术开发区',NULL,NULL,''),(431172,4311,2,'永州市金洞管理区','yong zhou shi jin dong guan li qu','yozs','永州市金洞管理区',NULL,NULL,''),(431173,4311,2,'永州市回龙圩管理区','yong zhou shi hui long xu guan li qu','yozs','永州市回龙圩管理区',NULL,NULL,''),(431202,4312,2,'鹤城','he cheng','hec','鹤城区',NULL,NULL,''),(431221,4312,2,'中方','zhong fang','zhf','中方县',NULL,NULL,''),(431222,4312,2,'沅陵','yuan ling','yul','沅陵县',NULL,NULL,''),(431223,4312,2,'辰溪','chen xi','chx','辰溪县',NULL,NULL,''),(431224,4312,2,'溆浦','xu pu','xup','溆浦县',NULL,NULL,''),(431225,4312,2,'会同','hui tong','hut','会同县',NULL,NULL,''),(431226,4312,2,'麻阳苗族自治县','ma yang miao zu zi zhi xian','maym','麻阳苗族自治县',NULL,NULL,''),(431227,4312,2,'新晃侗族自治县','xin huang dong zu zi zhi xian','xihd','新晃侗族自治县',NULL,NULL,''),(431228,4312,2,'芷江侗族自治县','zhi jiang dong zu zi zhi xian','zhjd','芷江侗族自治县',NULL,NULL,''),(431229,4312,2,'靖州苗族侗族自治县','jing zhou miao zu dong zu zi zhi xian','jizm','靖州苗族侗族自治县',NULL,NULL,''),(431230,4312,2,'通道侗族自治县','tong dao dong zu zi zhi xian','todd','通道侗族自治县',NULL,NULL,''),(431271,4312,2,'怀化市洪江管理区','huai hua shi hong jiang guan li qu','huhs','怀化市洪江管理区',NULL,NULL,''),(431281,4312,2,'洪江','hong jiang','hoj','洪江市',NULL,NULL,''),(431302,4313,2,'娄星','lou xing','lox','娄星区',NULL,NULL,''),(431321,4313,2,'双峰','shuang feng','shf','双峰县',NULL,NULL,''),(431322,4313,2,'新化','xin hua','xih','新化县',NULL,NULL,''),(431381,4313,2,'冷水江','leng shui jiang','lesj','冷水江市',NULL,NULL,''),(431382,4313,2,'涟源','lian yuan','liy','涟源市',NULL,NULL,''),(433101,4331,2,'吉首','ji shou','jis','吉首市',NULL,NULL,''),(433122,4331,2,'泸溪','lu xi','lux','泸溪县',NULL,NULL,''),(433123,4331,2,'凤凰','feng huang','feh','凤凰县',NULL,NULL,''),(433124,4331,2,'花垣','hua yuan','huy','花垣县',NULL,NULL,''),(433125,4331,2,'保靖','bao jing','baj','保靖县',NULL,NULL,''),(433126,4331,2,'古丈','gu zhang','guz','古丈县',NULL,NULL,''),(433127,4331,2,'永顺','yong shun','yos','永顺县',NULL,NULL,''),(433130,4331,2,'龙山','long shan','los','龙山县',NULL,NULL,''),(433172,4331,2,'湖南吉首经济开发区','hu nan ji shou jing ji kai fa qu','hunj','湖南吉首经济开发区',NULL,NULL,''),(433173,4331,2,'湖南永顺经济开发区','hu nan yong shun jing ji kai fa qu','huny','湖南永顺经济开发区',NULL,NULL,''),(440103,4401,2,'荔湾','li wan','liw','荔湾区',NULL,NULL,''),(440104,4401,2,'越秀','yue xiu','yux','越秀区',NULL,NULL,''),(440105,4401,2,'海珠','hai zhu','haz','海珠区',NULL,NULL,''),(440106,4401,2,'天河','tian he','tih','天河区',NULL,NULL,''),(440111,4401,2,'白云','bai yun','bay','白云区',NULL,NULL,''),(440112,4401,2,'黄埔','huang pu','hup','黄埔区',NULL,NULL,''),(440113,4401,2,'番禺','pan yu','pay','番禺区',NULL,NULL,''),(440114,4401,2,'花都','hua du','hud','花都区',NULL,NULL,''),(440115,4401,2,'南沙','nan sha','nas','南沙区',NULL,NULL,''),(440117,4401,2,'从化','cong hua','coh','从化区',NULL,NULL,''),(440118,4401,2,'增城','zeng cheng','zec','增城区',NULL,NULL,''),(440203,4402,2,'武江','wu jiang','wuj','武江区',NULL,NULL,''),(440204,4402,2,'浈江','zhen jiang','zhj','浈江区',NULL,NULL,''),(440205,4402,2,'曲江','qu jiang','quj','曲江区',NULL,NULL,''),(440222,4402,2,'始兴','shi xing','shx','始兴县',NULL,NULL,''),(440224,4402,2,'仁化','ren hua','reh','仁化县',NULL,NULL,''),(440229,4402,2,'翁源','weng yuan','wey','翁源县',NULL,NULL,''),(440232,4402,2,'乳源瑶族自治县','ru yuan yao zu zi zhi xian','ruyy','乳源瑶族自治县',NULL,NULL,''),(440233,4402,2,'新丰','xin feng','xif','新丰县',NULL,NULL,''),(440281,4402,2,'乐昌','le chang','lec','乐昌市',NULL,NULL,''),(440282,4402,2,'南雄','nan xiong','nax','南雄市',NULL,NULL,''),(440303,4403,2,'罗湖','luo hu','luh','罗湖区',NULL,NULL,''),(440304,4403,2,'福田','fu tian','fut','福田区',NULL,NULL,''),(440305,4403,2,'南山','nan shan','nas','南山区',NULL,NULL,''),(440306,4403,2,'宝安','bao an','baa','宝安区',NULL,NULL,''),(440307,4403,2,'龙岗','long gang','log','龙岗区',NULL,NULL,''),(440308,4403,2,'盐田','yan tian','yat','盐田区',NULL,NULL,''),(440309,4403,2,'龙华','long hua','loh','龙华区',NULL,NULL,''),(440310,4403,2,'坪山','ping shan','pis','坪山区',NULL,NULL,''),(440402,4404,2,'香洲','xiang zhou','xiz','香洲区',NULL,NULL,''),(440403,4404,2,'斗门','dou men','dom','斗门区',NULL,NULL,''),(440404,4404,2,'金湾','jin wan','jiw','金湾区',NULL,NULL,''),(440507,4405,2,'龙湖','long hu','loh','龙湖区',NULL,NULL,''),(440511,4405,2,'金平','jin ping','jip','金平区',NULL,NULL,''),(440512,4405,2,'濠江','hao jiang','haj','濠江区',NULL,NULL,''),(440513,4405,2,'潮阳','chao yang','chy','潮阳区',NULL,NULL,''),(440514,4405,2,'潮南','chao nan','chn','潮南区',NULL,NULL,''),(440515,4405,2,'澄海','cheng hai','chh','澄海区',NULL,NULL,''),(440523,4405,2,'南澳','nan ao','naa','南澳县',NULL,NULL,''),(440604,4406,2,'禅城','chan cheng','chc','禅城区',NULL,NULL,''),(440605,4406,2,'南海','nan hai','nah','南海区',NULL,NULL,''),(440606,4406,2,'顺德','shun de','shd','顺德区',NULL,NULL,''),(440607,4406,2,'三水','san shui','sas','三水区',NULL,NULL,''),(440608,4406,2,'高明','gao ming','gam','高明区',NULL,NULL,''),(440703,4407,2,'蓬江','peng jiang','pej','蓬江区',NULL,NULL,''),(440704,4407,2,'江海','jiang hai','jih','江海区',NULL,NULL,''),(440705,4407,2,'新会','xin hui','xih','新会区',NULL,NULL,''),(440781,4407,2,'台山','tai shan','tas','台山市',NULL,NULL,''),(440783,4407,2,'开平','kai ping','kap','开平市',NULL,NULL,''),(440784,4407,2,'鹤山','he shan','hes','鹤山市',NULL,NULL,''),(440785,4407,2,'恩平','en ping','enp','恩平市',NULL,NULL,''),(440802,4408,2,'赤坎','chi kan','chk','赤坎区',NULL,NULL,''),(440803,4408,2,'霞山','xia shan','xis','霞山区',NULL,NULL,''),(440804,4408,2,'坡头','po tou','pot','坡头区',NULL,NULL,''),(440811,4408,2,'麻章','ma zhang','maz','麻章区',NULL,NULL,''),(440823,4408,2,'遂溪','sui xi','sux','遂溪县',NULL,NULL,''),(440825,4408,2,'徐闻','xu wen','xuw','徐闻县',NULL,NULL,''),(440881,4408,2,'廉江','lian jiang','lij','廉江市',NULL,NULL,''),(440882,4408,2,'雷州','lei zhou','lez','雷州市',NULL,NULL,''),(440883,4408,2,'吴川','wu chuan','wuc','吴川市',NULL,NULL,''),(440902,4409,2,'茂南','mao nan','man','茂南区',NULL,NULL,''),(440904,4409,2,'电白','dian bai','dib','电白区',NULL,NULL,''),(440981,4409,2,'高州','gao zhou','gaz','高州市',NULL,NULL,''),(440982,4409,2,'化州','hua zhou','huz','化州市',NULL,NULL,''),(440983,4409,2,'信宜','xin yi','xiy','信宜市',NULL,NULL,''),(441202,4412,2,'端州','duan zhou','duz','端州区',NULL,NULL,''),(441203,4412,2,'鼎湖','ding hu','dih','鼎湖区',NULL,NULL,''),(441204,4412,2,'高要','gao yao','gay','高要区',NULL,NULL,''),(441223,4412,2,'广宁','guang ning','gun','广宁县',NULL,NULL,''),(441224,4412,2,'怀集','huai ji','huj','怀集县',NULL,NULL,''),(441225,4412,2,'封开','feng kai','fek','封开县',NULL,NULL,''),(441226,4412,2,'德庆','de qing','deq','德庆县',NULL,NULL,''),(441284,4412,2,'四会','si hui','sih','四会市',NULL,NULL,''),(441302,4413,2,'惠城','hui cheng','huc','惠城区',NULL,NULL,''),(441303,4413,2,'惠阳','hui yang','huy','惠阳区',NULL,NULL,''),(441322,4413,2,'博罗','bo luo','bol','博罗县',NULL,NULL,''),(441323,4413,2,'惠东','hui dong','hud','惠东县',NULL,NULL,''),(441324,4413,2,'龙门','long men','lom','龙门县',NULL,NULL,''),(441402,4414,2,'梅江','mei jiang','mej','梅江区',NULL,NULL,''),(441403,4414,2,'梅县','mei xian','mex','梅县区',NULL,NULL,''),(441422,4414,2,'大埔','da bu','dab','大埔县',NULL,NULL,''),(441423,4414,2,'丰顺','feng shun','fes','丰顺县',NULL,NULL,''),(441424,4414,2,'五华','wu hua','wuh','五华县',NULL,NULL,''),(441426,4414,2,'平远','ping yuan','piy','平远县',NULL,NULL,''),(441427,4414,2,'蕉岭','jiao ling','jil','蕉岭县',NULL,NULL,''),(441481,4414,2,'兴宁','xing ning','xin','兴宁市',NULL,NULL,''),(441502,4415,2,'城区','cheng qu','chq','城区',NULL,NULL,''),(441521,4415,2,'海丰','hai feng','haf','海丰县',NULL,NULL,''),(441523,4415,2,'陆河','lu he','luh','陆河县',NULL,NULL,''),(441581,4415,2,'陆丰','lu feng','luf','陆丰市',NULL,NULL,''),(441602,4416,2,'源城','yuan cheng','yuc','源城区',NULL,NULL,''),(441621,4416,2,'紫金','zi jin','zij','紫金县',NULL,NULL,''),(441622,4416,2,'龙川','long chuan','loc','龙川县',NULL,NULL,''),(441623,4416,2,'连平','lian ping','lip','连平县',NULL,NULL,''),(441624,4416,2,'和平','he ping','hep','和平县',NULL,NULL,''),(441625,4416,2,'东源','dong yuan','doy','东源县',NULL,NULL,''),(441702,4417,2,'江城','jiang cheng','jic','江城区',NULL,NULL,''),(441704,4417,2,'阳东','yang dong','yad','阳东区',NULL,NULL,''),(441721,4417,2,'阳西','yang xi','yax','阳西县',NULL,NULL,''),(441781,4417,2,'阳春','yang chun','yac','阳春市',NULL,NULL,''),(441802,4418,2,'清城','qing cheng','qic','清城区',NULL,NULL,''),(441803,4418,2,'清新区','qing xin qu','qixq','清新区',NULL,NULL,''),(441821,4418,2,'佛冈','fo gang','fog','佛冈县',NULL,NULL,''),(441823,4418,2,'阳山','yang shan','yas','阳山县',NULL,NULL,''),(441825,4418,2,'连山壮族瑶族自治县','lian shan zhuang zu yao zu zi zhi xian','lisz','连山壮族瑶族自治县',NULL,NULL,''),(441826,4418,2,'连南瑶族自治县','lian nan yao zu zi zhi xian','liny','连南瑶族自治县',NULL,NULL,''),(441881,4418,2,'英德','ying de','yid','英德市',NULL,NULL,''),(441882,4418,2,'连州','lian zhou','liz','连州市',NULL,NULL,''),(445102,4451,2,'湘桥','xiang qiao','xiq','湘桥区',NULL,NULL,''),(445103,4451,2,'潮安','chao an','cha','潮安区',NULL,NULL,''),(445122,4451,2,'饶平','rao ping','rap','饶平县',NULL,NULL,''),(445202,4452,2,'榕城','rong cheng','roc','榕城区',NULL,NULL,''),(445203,4452,2,'揭东','jie dong','jid','揭东区',NULL,NULL,''),(445222,4452,2,'揭西','jie xi','jix','揭西县',NULL,NULL,''),(445224,4452,2,'惠来','hui lai','hul','惠来县',NULL,NULL,''),(445281,4452,2,'普宁','pu ning','pun','普宁市',NULL,NULL,''),(445302,4453,2,'云城','yun cheng','yuc','云城区',NULL,NULL,''),(445303,4453,2,'云安','yun an','yua','云安区',NULL,NULL,''),(445321,4453,2,'新兴','xin xing','xix','新兴县',NULL,NULL,''),(445322,4453,2,'郁南','yu nan','yun','郁南县',NULL,NULL,''),(445381,4453,2,'罗定','luo ding','lud','罗定市',NULL,NULL,''),(450102,4501,2,'兴宁','xing ning','xin','兴宁区',NULL,NULL,''),(450103,4501,2,'青秀','qing xiu','qix','青秀区',NULL,NULL,''),(450105,4501,2,'江南','jiang nan','jin','江南区',NULL,NULL,''),(450107,4501,2,'西乡塘','xi xiang tang','xixt','西乡塘区',NULL,NULL,''),(450108,4501,2,'良庆','liang qing','liq','良庆区',NULL,NULL,''),(450109,4501,2,'邕宁','yong ning','yon','邕宁区',NULL,NULL,''),(450110,4501,2,'武鸣','wu ming','wum','武鸣区',NULL,NULL,''),(450123,4501,2,'隆安','long an','loa','隆安县',NULL,NULL,''),(450124,4501,2,'马山','ma shan','mas','马山县',NULL,NULL,''),(450125,4501,2,'上林','shang lin','shl','上林县',NULL,NULL,''),(450126,4501,2,'宾阳','bin yang','biy','宾阳县',NULL,NULL,''),(450127,4501,2,'横县','heng xian','hex','横县',NULL,NULL,''),(450202,4502,2,'城中','cheng zhong','chz','城中区',NULL,NULL,''),(450203,4502,2,'鱼峰','yu feng','yuf','鱼峰区',NULL,NULL,''),(450204,4502,2,'柳南','liu nan','lin','柳南区',NULL,NULL,''),(450205,4502,2,'柳北','liu bei','lib','柳北区',NULL,NULL,''),(450206,4502,2,'柳江','liu jiang','lij','柳江区',NULL,NULL,''),(450222,4502,2,'柳城','liu cheng','lic','柳城县',NULL,NULL,''),(450223,4502,2,'鹿寨','lu zhai','luz','鹿寨县',NULL,NULL,''),(450224,4502,2,'融安','rong an','roa','融安县',NULL,NULL,''),(450225,4502,2,'融水苗族自治县','rong shui miao zu zi zhi xian','rosm','融水苗族自治县',NULL,NULL,''),(450226,4502,2,'三江侗族自治县','san jiang dong zu zi zhi xian','sajd','三江侗族自治县',NULL,NULL,''),(450302,4503,2,'秀峰','xiu feng','xif','秀峰区',NULL,NULL,''),(450303,4503,2,'叠彩','die cai','dic','叠彩区',NULL,NULL,''),(450304,4503,2,'象山','xiang shan','xis','象山区',NULL,NULL,''),(450305,4503,2,'七星','qi xing','qix','七星区',NULL,NULL,''),(450311,4503,2,'雁山','yan shan','yas','雁山区',NULL,NULL,''),(450312,4503,2,'临桂','lin gui','lig','临桂区',NULL,NULL,''),(450321,4503,2,'阳朔','yang shuo','yas','阳朔县',NULL,NULL,''),(450323,4503,2,'灵川','ling chuan','lic','灵川县',NULL,NULL,''),(450324,4503,2,'全州','quan zhou','quz','全州县',NULL,NULL,''),(450325,4503,2,'兴安','xing an','xia','兴安县',NULL,NULL,''),(450326,4503,2,'永福','yong fu','yof','永福县',NULL,NULL,''),(450327,4503,2,'灌阳','guan yang','guy','灌阳县',NULL,NULL,''),(450328,4503,2,'龙胜各族自治县','long sheng ge zu zi zhi xian','losg','龙胜各族自治县',NULL,NULL,''),(450329,4503,2,'资源','zi yuan','ziy','资源县',NULL,NULL,''),(450330,4503,2,'平乐','ping le','pil','平乐县',NULL,NULL,''),(450331,4503,2,'荔浦','li pu','lip','荔浦县',NULL,NULL,''),(450332,4503,2,'恭城瑶族自治县','gong cheng yao zu zi zhi xian','gocy','恭城瑶族自治县',NULL,NULL,''),(450403,4504,2,'万秀','wan xiu','wax','万秀区',NULL,NULL,''),(450405,4504,2,'长洲','chang zhou','chz','长洲区',NULL,NULL,''),(450406,4504,2,'龙圩','long xu','lox','龙圩区',NULL,NULL,''),(450421,4504,2,'苍梧','cang wu','caw','苍梧县',NULL,NULL,''),(450422,4504,2,'藤县','teng xian','tex','藤县',NULL,NULL,''),(450423,4504,2,'蒙山','meng shan','mes','蒙山县',NULL,NULL,''),(450481,4504,2,'岑溪','cen xi','cex','岑溪市',NULL,NULL,''),(450502,4505,2,'海城','hai cheng','hac','海城区',NULL,NULL,''),(450503,4505,2,'银海','yin hai','yih','银海区',NULL,NULL,''),(450512,4505,2,'铁山港','tie shan gang','tisg','铁山港区',NULL,NULL,''),(450521,4505,2,'合浦','he pu','hep','合浦县',NULL,NULL,''),(450602,4506,2,'港口','gang kou','gak','港口区',NULL,NULL,''),(450603,4506,2,'防城','fang cheng','fac','防城区',NULL,NULL,''),(450621,4506,2,'上思','shang si','shs','上思县',NULL,NULL,''),(450681,4506,2,'东兴','dong xing','dox','东兴市',NULL,NULL,''),(450702,4507,2,'钦南','qin nan','qin','钦南区',NULL,NULL,''),(450703,4507,2,'钦北','qin bei','qib','钦北区',NULL,NULL,''),(450721,4507,2,'灵山','ling shan','lis','灵山县',NULL,NULL,''),(450722,4507,2,'浦北','pu bei','pub','浦北县',NULL,NULL,''),(450802,4508,2,'港北','gang bei','gab','港北区',NULL,NULL,''),(450803,4508,2,'港南','gang nan','gan','港南区',NULL,NULL,''),(450804,4508,2,'覃塘','qin tang','qit','覃塘区',NULL,NULL,''),(450821,4508,2,'平南','ping nan','pin','平南县',NULL,NULL,''),(450881,4508,2,'桂平','gui ping','gup','桂平市',NULL,NULL,''),(450902,4509,2,'玉州','yu zhou','yuz','玉州区',NULL,NULL,''),(450903,4509,2,'福绵','fu mian','fum','福绵区',NULL,NULL,''),(450921,4509,2,'容县','rong xian','rox','容县',NULL,NULL,''),(450922,4509,2,'陆川','lu chuan','luc','陆川县',NULL,NULL,''),(450923,4509,2,'博白','bo bai','bob','博白县',NULL,NULL,''),(450924,4509,2,'兴业','xing ye','xiy','兴业县',NULL,NULL,''),(450981,4509,2,'北流','bei liu','bel','北流市',NULL,NULL,''),(451002,4510,2,'右江','you jiang','yoj','右江区',NULL,NULL,''),(451021,4510,2,'田阳','tian yang','tiy','田阳县',NULL,NULL,''),(451022,4510,2,'田东','tian dong','tid','田东县',NULL,NULL,''),(451023,4510,2,'平果','ping guo','pig','平果县',NULL,NULL,''),(451024,4510,2,'德保','de bao','deb','德保县',NULL,NULL,''),(451026,4510,2,'那坡','na po','nap','那坡县',NULL,NULL,''),(451027,4510,2,'凌云','ling yun','liy','凌云县',NULL,NULL,''),(451028,4510,2,'乐业','le ye','ley','乐业县',NULL,NULL,''),(451029,4510,2,'田林','tian lin','til','田林县',NULL,NULL,''),(451030,4510,2,'西林','xi lin','xil','西林县',NULL,NULL,''),(451031,4510,2,'隆林各族自治县','long lin ge zu zi zhi xian','lolg','隆林各族自治县',NULL,NULL,''),(451081,4510,2,'靖西','jing xi','jix','靖西市',NULL,NULL,''),(451102,4511,2,'八步','ba bu','bab','八步区',NULL,NULL,''),(451103,4511,2,'平桂','ping gui','pig','平桂区',NULL,NULL,''),(451121,4511,2,'昭平','zhao ping','zhp','昭平县',NULL,NULL,''),(451122,4511,2,'钟山','zhong shan','zhs','钟山县',NULL,NULL,''),(451123,4511,2,'富川瑶族自治县','fu chuan yao zu zi zhi xian','fucy','富川瑶族自治县',NULL,NULL,''),(451202,4512,2,'金城江','jin cheng jiang','jicj','金城江区',NULL,NULL,''),(451203,4512,2,'宜州','yi zhou','yiz','宜州区',NULL,NULL,''),(451221,4512,2,'南丹','nan dan','nad','南丹县',NULL,NULL,''),(451222,4512,2,'天峨','tian e','tie','天峨县',NULL,NULL,''),(451223,4512,2,'凤山','feng shan','fes','凤山县',NULL,NULL,''),(451224,4512,2,'东兰','dong lan','dol','东兰县',NULL,NULL,''),(451225,4512,2,'罗城仫佬族自治县','luo cheng mu lao zu zi zhi xian','lucm','罗城仫佬族自治县',NULL,NULL,''),(451226,4512,2,'环江毛南族自治县','huan jiang mao nan zu zi zhi xian','hujm','环江毛南族自治县',NULL,NULL,''),(451227,4512,2,'巴马瑶族自治县','ba ma yao zu zi zhi xian','bamy','巴马瑶族自治县',NULL,NULL,''),(451228,4512,2,'都安瑶族自治县','du an yao zu zi zhi xian','duay','都安瑶族自治县',NULL,NULL,''),(451229,4512,2,'大化瑶族自治县','da hua yao zu zi zhi xian','dahy','大化瑶族自治县',NULL,NULL,''),(451302,4513,2,'兴宾','xing bin','xib','兴宾区',NULL,NULL,''),(451321,4513,2,'忻城','xin cheng','xic','忻城县',NULL,NULL,''),(451322,4513,2,'象州','xiang zhou','xiz','象州县',NULL,NULL,''),(451323,4513,2,'武宣','wu xuan','wux','武宣县',NULL,NULL,''),(451324,4513,2,'金秀瑶族自治县','jin xiu yao zu zi zhi xian','jixy','金秀瑶族自治县',NULL,NULL,''),(451381,4513,2,'合山','he shan','hes','合山市',NULL,NULL,''),(451402,4514,2,'江州','jiang zhou','jiz','江州区',NULL,NULL,''),(451421,4514,2,'扶绥','fu sui','fus','扶绥县',NULL,NULL,''),(451422,4514,2,'宁明','ning ming','nim','宁明县',NULL,NULL,''),(451423,4514,2,'龙州','long zhou','loz','龙州县',NULL,NULL,''),(451424,4514,2,'大新','da xin','dax','大新县',NULL,NULL,''),(451425,4514,2,'天等','tian deng','tid','天等县',NULL,NULL,''),(451481,4514,2,'凭祥','ping xiang','pix','凭祥市',NULL,NULL,''),(460105,4601,2,'秀英','xiu ying','xiy','秀英区',NULL,NULL,''),(460106,4601,2,'龙华','long hua','loh','龙华区',NULL,NULL,''),(460107,4601,2,'琼山','qiong shan','qis','琼山区',NULL,NULL,''),(460108,4601,2,'美兰','mei lan','mel','美兰区',NULL,NULL,''),(460202,4602,2,'海棠','hai tang','hat','海棠区',NULL,NULL,''),(460203,4602,2,'吉阳','ji yang','jiy','吉阳区',NULL,NULL,''),(460204,4602,2,'天涯','tian ya','tiy','天涯区',NULL,NULL,''),(460205,4602,2,'崖州','ya zhou','yaz','崖州区',NULL,NULL,''),(460321,4603,2,'西沙群岛','xi sha qun dao','xisq','西沙群岛',NULL,NULL,''),(460322,4603,2,'南沙群岛','nan sha qun dao','nasq','南沙群岛',NULL,NULL,''),(460323,4603,2,'中沙群岛的岛礁及其海域','zhong sha qun dao de dao jiao ji qi hai yu','zhsq','中沙群岛的岛礁及其海域',NULL,NULL,''),(469001,4690,2,'五指山','wu zhi shan','wuzs','五指山市',NULL,NULL,''),(469002,4690,2,'琼海','qiong hai','qih','琼海市',NULL,NULL,''),(469005,4690,2,'文昌','wen chang','wec','文昌市',NULL,NULL,''),(469006,4690,2,'万宁','wan ning','wan','万宁市',NULL,NULL,''),(469007,4690,2,'东方','dong fang','dof','东方市',NULL,NULL,''),(469021,4690,2,'定安','ding an','dia','定安县',NULL,NULL,''),(469022,4690,2,'屯昌','tun chang','tuc','屯昌县',NULL,NULL,''),(469023,4690,2,'澄迈','cheng mai','chm','澄迈县',NULL,NULL,''),(469024,4690,2,'临高','lin gao','lig','临高县',NULL,NULL,''),(469025,4690,2,'白沙黎族自治县','bai sha li zu zi zhi xian','basl','白沙黎族自治县',NULL,NULL,''),(469026,4690,2,'昌江黎族自治县','chang jiang li zu zi zhi xian','chjl','昌江黎族自治县',NULL,NULL,''),(469027,4690,2,'乐东黎族自治县','le dong li zu zi zhi xian','ledl','乐东黎族自治县',NULL,NULL,''),(469028,4690,2,'陵水黎族自治县','ling shui li zu zi zhi xian','lisl','陵水黎族自治县',NULL,NULL,''),(469029,4690,2,'保亭黎族苗族自治县','bao ting li zu miao zu zi zhi xian','batl','保亭黎族苗族自治县',NULL,NULL,''),(469030,4690,2,'琼中黎族苗族自治县','qiong zhong li zu miao zu zi zhi xian','qizl','琼中黎族苗族自治县',NULL,NULL,''),(500101,5001,2,'万州','wan zhou','waz','万州区',NULL,NULL,''),(500102,5001,2,'涪陵','fu ling','ful','涪陵区',NULL,NULL,''),(500103,5001,2,'渝中','yu zhong','yuz','渝中区',NULL,NULL,''),(500104,5001,2,'大渡口','da du kou','dadk','大渡口区',NULL,NULL,''),(500105,5001,2,'江北','jiang bei','jib','江北区',NULL,NULL,''),(500106,5001,2,'沙坪坝','sha ping ba','shpb','沙坪坝区',NULL,NULL,''),(500107,5001,2,'九龙坡','jiu long po','jilp','九龙坡区',NULL,NULL,''),(500108,5001,2,'南岸','nan an','naa','南岸区',NULL,NULL,''),(500109,5001,2,'北碚','bei bei','beb','北碚区',NULL,NULL,''),(500110,5001,2,'綦江','qi jiang','qij','綦江区',NULL,NULL,''),(500111,5001,2,'大足','da zu','daz','大足区',NULL,NULL,''),(500112,5001,2,'渝北','yu bei','yub','渝北区',NULL,NULL,''),(500113,5001,2,'巴南','ba nan','ban','巴南区',NULL,NULL,''),(500114,5001,2,'黔江','qian jiang','qij','黔江区',NULL,NULL,''),(500115,5001,2,'长寿','chang shou','chs','长寿区',NULL,NULL,''),(500116,5001,2,'江津','jiang jin','jij','江津区',NULL,NULL,''),(500117,5001,2,'合川','he chuan','hec','合川区',NULL,NULL,''),(500118,5001,2,'永川','yong chuan','yoc','永川区',NULL,NULL,''),(500119,5001,2,'南川','nan chuan','nac','南川区',NULL,NULL,''),(500120,5001,2,'璧山','bi shan','bis','璧山区',NULL,NULL,''),(500151,5001,2,'铜梁','tong liang','tol','铜梁区',NULL,NULL,''),(500152,5001,2,'潼南','tong nan','ton','潼南区',NULL,NULL,''),(500153,5001,2,'荣昌','rong chang','roc','荣昌区',NULL,NULL,''),(500154,5001,2,'开州','kai zhou','kaz','开州区',NULL,NULL,''),(500155,5001,2,'梁平','liang ping','lip','梁平区',NULL,NULL,''),(500156,5001,2,'武隆','wu long','wul','武隆区',NULL,NULL,''),(500229,5002,2,'城口','cheng kou','chk','城口县',NULL,NULL,''),(500230,5002,2,'丰都','feng du','fed','丰都县',NULL,NULL,''),(500231,5002,2,'垫江','dian jiang','dij','垫江县',NULL,NULL,''),(500233,5002,2,'忠县','zhong xian','zhx','忠县',NULL,NULL,''),(500235,5002,2,'云阳','yun yang','yuy','云阳县',NULL,NULL,''),(500236,5002,2,'奉节','feng jie','fej','奉节县',NULL,NULL,''),(500237,5002,2,'巫山','wu shan','wus','巫山县',NULL,NULL,''),(500238,5002,2,'巫溪','wu xi','wux','巫溪县',NULL,NULL,''),(500240,5002,2,'石柱土家族自治县','shi zhu tu jia zu zi zhi xian','shzt','石柱土家族自治县',NULL,NULL,''),(500241,5002,2,'秀山土家族苗族自治县','xiu shan tu jia zu miao zu zi zhi xian','xist','秀山土家族苗族自治县',NULL,NULL,''),(500242,5002,2,'酉阳土家族苗族自治县','you yang tu jia zu miao zu zi zhi xian','yoyt','酉阳土家族苗族自治县',NULL,NULL,''),(500243,5002,2,'彭水苗族土家族自治县','peng shui miao zu tu jia zu zi zhi xian','pesm','彭水苗族土家族自治县',NULL,NULL,''),(510104,5101,2,'锦江','jin jiang','jij','锦江区',NULL,NULL,''),(510105,5101,2,'青羊','qing yang','qiy','青羊区',NULL,NULL,''),(510106,5101,2,'金牛','jin niu','jin','金牛区',NULL,NULL,''),(510107,5101,2,'武侯','wu hou','wuh','武侯区',NULL,NULL,''),(510108,5101,2,'成华','cheng hua','chh','成华区',NULL,NULL,''),(510112,5101,2,'龙泉驿','long quan yi','loqy','龙泉驿区',NULL,NULL,''),(510113,5101,2,'青白江','qing bai jiang','qibj','青白江区',NULL,NULL,''),(510114,5101,2,'新都','xin du','xid','新都区',NULL,NULL,''),(510115,5101,2,'温江','wen jiang','wej','温江区',NULL,NULL,''),(510116,5101,2,'双流','shuang liu','shl','双流区',NULL,NULL,''),(510117,5101,2,'郫都','pi du','pid','郫都区',NULL,NULL,''),(510121,5101,2,'金堂','jin tang','jit','金堂县',NULL,NULL,''),(510129,5101,2,'大邑','da yi','day','大邑县',NULL,NULL,''),(510131,5101,2,'蒲江','pu jiang','puj','蒲江县',NULL,NULL,''),(510132,5101,2,'新津','xin jin','xij','新津县',NULL,NULL,''),(510181,5101,2,'都江堰','du jiang yan','dujy','都江堰市',NULL,NULL,''),(510182,5101,2,'彭州','peng zhou','pez','彭州市',NULL,NULL,''),(510183,5101,2,'邛崃','qiong lai','qil','邛崃市',NULL,NULL,''),(510184,5101,2,'崇州','chong zhou','chz','崇州市',NULL,NULL,''),(510185,5101,2,'简阳','jian yang','jiy','简阳市',NULL,NULL,''),(510302,5103,2,'自流井','zi liu jing','zilj','自流井区',NULL,NULL,''),(510303,5103,2,'贡井','gong jing','goj','贡井区',NULL,NULL,''),(510304,5103,2,'大安','da an','daa','大安区',NULL,NULL,''),(510311,5103,2,'沿滩','yan tan','yat','沿滩区',NULL,NULL,''),(510321,5103,2,'荣县','rong xian','rox','荣县',NULL,NULL,''),(510322,5103,2,'富顺','fu shun','fus','富顺县',NULL,NULL,''),(510402,5104,2,'东区','dong qu','doq','东区',NULL,NULL,''),(510403,5104,2,'西区','xi qu','xiq','西区',NULL,NULL,''),(510411,5104,2,'仁和','ren he','reh','仁和区',NULL,NULL,''),(510421,5104,2,'米易','mi yi','miy','米易县',NULL,NULL,''),(510422,5104,2,'盐边','yan bian','yab','盐边县',NULL,NULL,''),(510502,5105,2,'江阳','jiang yang','jiy','江阳区',NULL,NULL,''),(510503,5105,2,'纳溪','na xi','nax','纳溪区',NULL,NULL,''),(510504,5105,2,'龙马潭','long ma tan','lomt','龙马潭区',NULL,NULL,''),(510521,5105,2,'泸县','lu xian','lux','泸县',NULL,NULL,''),(510522,5105,2,'合江','he jiang','hej','合江县',NULL,NULL,''),(510524,5105,2,'叙永','xu yong','xuy','叙永县',NULL,NULL,''),(510525,5105,2,'古蔺','gu lin','gul','古蔺县',NULL,NULL,''),(510603,5106,2,'旌阳','jing yang','jiy','旌阳区',NULL,NULL,''),(510604,5106,2,'罗江','luo jiang','luj','罗江区',NULL,NULL,''),(510623,5106,2,'中江','zhong jiang','zhj','中江县',NULL,NULL,''),(510681,5106,2,'广汉','guang han','guh','广汉市',NULL,NULL,''),(510682,5106,2,'什邡','shi fang','shf','什邡市',NULL,NULL,''),(510683,5106,2,'绵竹','mian zhu','miz','绵竹市',NULL,NULL,''),(510703,5107,2,'涪城','fu cheng','fuc','涪城区',NULL,NULL,''),(510704,5107,2,'游仙','you xian','yox','游仙区',NULL,NULL,''),(510705,5107,2,'安州','an zhou','anz','安州区',NULL,NULL,''),(510722,5107,2,'三台','san tai','sat','三台县',NULL,NULL,''),(510723,5107,2,'盐亭','yan ting','yat','盐亭县',NULL,NULL,''),(510725,5107,2,'梓潼','zi tong','zit','梓潼县',NULL,NULL,''),(510726,5107,2,'北川羌族自治县','bei chuan qiang zu zi zhi xian','becq','北川羌族自治县',NULL,NULL,''),(510727,5107,2,'平武','ping wu','piw','平武县',NULL,NULL,''),(510781,5107,2,'江油','jiang you','jiy','江油市',NULL,NULL,''),(510802,5108,2,'利州','li zhou','liz','利州区',NULL,NULL,''),(510811,5108,2,'昭化','zhao hua','zhh','昭化区',NULL,NULL,''),(510812,5108,2,'朝天','chao tian','cht','朝天区',NULL,NULL,''),(510821,5108,2,'旺苍','wang cang','wac','旺苍县',NULL,NULL,''),(510822,5108,2,'青川','qing chuan','qic','青川县',NULL,NULL,''),(510823,5108,2,'剑阁','jian ge','jig','剑阁县',NULL,NULL,''),(510824,5108,2,'苍溪','cang xi','cax','苍溪县',NULL,NULL,''),(510903,5109,2,'船山','chuan shan','chs','船山区',NULL,NULL,''),(510904,5109,2,'安居','an ju','anj','安居区',NULL,NULL,''),(510921,5109,2,'蓬溪','peng xi','pex','蓬溪县',NULL,NULL,''),(510922,5109,2,'射洪','she hong','shh','射洪县',NULL,NULL,''),(510923,5109,2,'大英','da ying','day','大英县',NULL,NULL,''),(511002,5110,2,'市中','shi zhong','shz','市中区',NULL,NULL,''),(511011,5110,2,'东兴','dong xing','dox','东兴区',NULL,NULL,''),(511024,5110,2,'威远','wei yuan','wey','威远县',NULL,NULL,''),(511025,5110,2,'资中','zi zhong','ziz','资中县',NULL,NULL,''),(511071,5110,2,'内江经济开发区','nei jiang jing ji kai fa qu','nejj','内江经济开发区',NULL,NULL,''),(511083,5110,2,'隆昌','long chang','loc','隆昌市',NULL,NULL,''),(511102,5111,2,'市中','shi zhong','shz','市中区',NULL,NULL,''),(511111,5111,2,'沙湾','sha wan','shw','沙湾区',NULL,NULL,''),(511112,5111,2,'五通桥','wu tong qiao','wutq','五通桥区',NULL,NULL,''),(511113,5111,2,'金口河','jin kou he','jikh','金口河区',NULL,NULL,''),(511123,5111,2,'犍为','qian wei','qiw','犍为县',NULL,NULL,''),(511124,5111,2,'井研','jing yan','jiy','井研县',NULL,NULL,''),(511126,5111,2,'夹江','jia jiang','jij','夹江县',NULL,NULL,''),(511129,5111,2,'沐川','mu chuan','muc','沐川县',NULL,NULL,''),(511132,5111,2,'峨边彝族自治县','e bian yi zu zi zhi xian','eby','峨边彝族自治县',NULL,NULL,''),(511133,5111,2,'马边彝族自治县','ma bian yi zu zi zhi xian','maby','马边彝族自治县',NULL,NULL,''),(511181,5111,2,'峨眉山','e mei shan','ems','峨眉山市',NULL,NULL,''),(511302,5113,2,'顺庆','shun qing','shq','顺庆区',NULL,NULL,''),(511303,5113,2,'高坪','gao ping','gap','高坪区',NULL,NULL,''),(511304,5113,2,'嘉陵','jia ling','jil','嘉陵区',NULL,NULL,''),(511321,5113,2,'南部','nan bu','nab','南部县',NULL,NULL,''),(511322,5113,2,'营山','ying shan','yis','营山县',NULL,NULL,''),(511323,5113,2,'蓬安','peng an','pea','蓬安县',NULL,NULL,''),(511324,5113,2,'仪陇','yi long','yil','仪陇县',NULL,NULL,''),(511325,5113,2,'西充','xi chong','xic','西充县',NULL,NULL,''),(511381,5113,2,'阆中','lang zhong','laz','阆中市',NULL,NULL,''),(511402,5114,2,'东坡','dong po','dop','东坡区',NULL,NULL,''),(511403,5114,2,'彭山','peng shan','pes','彭山区',NULL,NULL,''),(511421,5114,2,'仁寿','ren shou','res','仁寿县',NULL,NULL,''),(511423,5114,2,'洪雅','hong ya','hoy','洪雅县',NULL,NULL,''),(511424,5114,2,'丹棱','dan leng','dal','丹棱县',NULL,NULL,''),(511425,5114,2,'青神','qing shen','qis','青神县',NULL,NULL,''),(511502,5115,2,'翠屏','cui ping','cup','翠屏区',NULL,NULL,''),(511503,5115,2,'南溪','nan xi','nax','南溪区',NULL,NULL,''),(511521,5115,2,'宜宾','yi bin','yib','宜宾县',NULL,NULL,''),(511523,5115,2,'江安','jiang an','jia','江安县',NULL,NULL,''),(511524,5115,2,'长宁','chang ning','chn','长宁县',NULL,NULL,''),(511525,5115,2,'高县','gao xian','gax','高县',NULL,NULL,''),(511526,5115,2,'珙县','gong xian','gox','珙县',NULL,NULL,''),(511527,5115,2,'筠连','jun lian','jul','筠连县',NULL,NULL,''),(511528,5115,2,'兴文','xing wen','xiw','兴文县',NULL,NULL,''),(511529,5115,2,'屏山','ping shan','pis','屏山县',NULL,NULL,''),(511602,5116,2,'广安','guang an','gua','广安区',NULL,NULL,''),(511603,5116,2,'前锋','qian feng','qif','前锋区',NULL,NULL,''),(511621,5116,2,'岳池','yue chi','yuc','岳池县',NULL,NULL,''),(511622,5116,2,'武胜','wu sheng','wus','武胜县',NULL,NULL,''),(511623,5116,2,'邻水','lin shui','lis','邻水县',NULL,NULL,''),(511681,5116,2,'华蓥','hua ying','huy','华蓥市',NULL,NULL,''),(511702,5117,2,'通川','tong chuan','toc','通川区',NULL,NULL,''),(511703,5117,2,'达川','da chuan','dac','达川区',NULL,NULL,''),(511722,5117,2,'宣汉','xuan han','xuh','宣汉县',NULL,NULL,''),(511723,5117,2,'开江','kai jiang','kaj','开江县',NULL,NULL,''),(511724,5117,2,'大竹','da zhu','daz','大竹县',NULL,NULL,''),(511725,5117,2,'渠县','qu xian','qux','渠县',NULL,NULL,''),(511771,5117,2,'达州经济开发区','da zhou jing ji kai fa qu','dazj','达州经济开发区',NULL,NULL,''),(511781,5117,2,'万源','wan yuan','way','万源市',NULL,NULL,''),(511802,5118,2,'雨城','yu cheng','yuc','雨城区',NULL,NULL,''),(511803,5118,2,'名山','ming shan','mis','名山区',NULL,NULL,''),(511822,5118,2,'荥经','ying jing','yij','荥经县',NULL,NULL,''),(511823,5118,2,'汉源','han yuan','hay','汉源县',NULL,NULL,''),(511824,5118,2,'石棉','shi mian','shm','石棉县',NULL,NULL,''),(511825,5118,2,'天全','tian quan','tiq','天全县',NULL,NULL,''),(511826,5118,2,'芦山','lu shan','lus','芦山县',NULL,NULL,''),(511827,5118,2,'宝兴','bao xing','bax','宝兴县',NULL,NULL,''),(511902,5119,2,'巴州','ba zhou','baz','巴州区',NULL,NULL,''),(511903,5119,2,'恩阳','en yang','eny','恩阳区',NULL,NULL,''),(511921,5119,2,'通江','tong jiang','toj','通江县',NULL,NULL,''),(511922,5119,2,'南江','nan jiang','naj','南江县',NULL,NULL,''),(511923,5119,2,'平昌','ping chang','pic','平昌县',NULL,NULL,''),(511971,5119,2,'巴中经济开发区','ba zhong jing ji kai fa qu','bazj','巴中经济开发区',NULL,NULL,''),(512002,5120,2,'雁江','yan jiang','yaj','雁江区',NULL,NULL,''),(512021,5120,2,'安岳','an yue','any','安岳县',NULL,NULL,''),(512022,5120,2,'乐至','le zhi','lez','乐至县',NULL,NULL,''),(513201,5132,2,'马尔康','ma er kang','maek','马尔康市',NULL,NULL,''),(513221,5132,2,'汶川','wen chuan','wec','汶川县',NULL,NULL,''),(513222,5132,2,'理县','li xian','lix','理县',NULL,NULL,''),(513223,5132,2,'茂县','mao xian','max','茂县',NULL,NULL,''),(513224,5132,2,'松潘','song pan','sop','松潘县',NULL,NULL,''),(513225,5132,2,'九寨沟','jiu zhai gou','jizg','九寨沟县',NULL,NULL,''),(513226,5132,2,'金川','jin chuan','jic','金川县',NULL,NULL,''),(513227,5132,2,'小金','xiao jin','xij','小金县',NULL,NULL,''),(513228,5132,2,'黑水','hei shui','hes','黑水县',NULL,NULL,''),(513230,5132,2,'壤塘','rang tang','rat','壤塘县',NULL,NULL,''),(513231,5132,2,'阿坝','a ba','ab','阿坝县',NULL,NULL,''),(513232,5132,2,'若尔盖','ruo er gai','rueg','若尔盖县',NULL,NULL,''),(513233,5132,2,'红原','hong yuan','hoy','红原县',NULL,NULL,''),(513301,5133,2,'康定','kang ding','kad','康定市',NULL,NULL,''),(513322,5133,2,'泸定','lu ding','lud','泸定县',NULL,NULL,''),(513323,5133,2,'丹巴','dan ba','dab','丹巴县',NULL,NULL,''),(513324,5133,2,'九龙','jiu long','jil','九龙县',NULL,NULL,''),(513325,5133,2,'雅江','ya jiang','yaj','雅江县',NULL,NULL,''),(513326,5133,2,'道孚','dao fu','daf','道孚县',NULL,NULL,''),(513327,5133,2,'炉霍','lu huo','luh','炉霍县',NULL,NULL,''),(513328,5133,2,'甘孜','gan zi','gaz','甘孜县',NULL,NULL,''),(513329,5133,2,'新龙','xin long','xil','新龙县',NULL,NULL,''),(513330,5133,2,'德格','de ge','deg','德格县',NULL,NULL,''),(513331,5133,2,'白玉','bai yu','bay','白玉县',NULL,NULL,''),(513332,5133,2,'石渠','shi qu','shq','石渠县',NULL,NULL,''),(513333,5133,2,'色达','se da','sed','色达县',NULL,NULL,''),(513334,5133,2,'理塘','li tang','lit','理塘县',NULL,NULL,''),(513335,5133,2,'巴塘','ba tang','bat','巴塘县',NULL,NULL,''),(513336,5133,2,'乡城','xiang cheng','xic','乡城县',NULL,NULL,''),(513337,5133,2,'稻城','dao cheng','dac','稻城县',NULL,NULL,''),(513338,5133,2,'得荣','de rong','der','得荣县',NULL,NULL,''),(513401,5134,2,'西昌','xi chang','xic','西昌市',NULL,NULL,''),(513422,5134,2,'木里藏族自治县','mu li zang zu zi zhi xian','mulz','木里藏族自治县',NULL,NULL,''),(513423,5134,2,'盐源','yan yuan','yay','盐源县',NULL,NULL,''),(513424,5134,2,'德昌','de chang','dec','德昌县',NULL,NULL,''),(513425,5134,2,'会理','hui li','hul','会理县',NULL,NULL,''),(513426,5134,2,'会东','hui dong','hud','会东县',NULL,NULL,''),(513427,5134,2,'宁南','ning nan','nin','宁南县',NULL,NULL,''),(513428,5134,2,'普格','pu ge','pug','普格县',NULL,NULL,''),(513429,5134,2,'布拖','bu tuo','but','布拖县',NULL,NULL,''),(513430,5134,2,'金阳','jin yang','jiy','金阳县',NULL,NULL,''),(513431,5134,2,'昭觉','zhao jue','zhj','昭觉县',NULL,NULL,''),(513432,5134,2,'喜德','xi de','xid','喜德县',NULL,NULL,''),(513433,5134,2,'冕宁','mian ning','min','冕宁县',NULL,NULL,''),(513434,5134,2,'越西','yue xi','yux','越西县',NULL,NULL,''),(513435,5134,2,'甘洛','gan luo','gal','甘洛县',NULL,NULL,''),(513436,5134,2,'美姑','mei gu','meg','美姑县',NULL,NULL,''),(513437,5134,2,'雷波','lei bo','leb','雷波县',NULL,NULL,''),(520102,5201,2,'南明','nan ming','nam','南明区',NULL,NULL,''),(520103,5201,2,'云岩','yun yan','yuy','云岩区',NULL,NULL,''),(520111,5201,2,'花溪','hua xi','hux','花溪区',NULL,NULL,''),(520112,5201,2,'乌当','wu dang','wud','乌当区',NULL,NULL,''),(520113,5201,2,'白云','bai yun','bay','白云区',NULL,NULL,''),(520115,5201,2,'观山湖','guan shan hu','gush','观山湖区',NULL,NULL,''),(520121,5201,2,'开阳','kai yang','kay','开阳县',NULL,NULL,''),(520122,5201,2,'息烽','xi feng','xif','息烽县',NULL,NULL,''),(520123,5201,2,'修文','xiu wen','xiw','修文县',NULL,NULL,''),(520181,5201,2,'清镇','qing zhen','qiz','清镇市',NULL,NULL,''),(520201,5202,2,'钟山','zhong shan','zhs','钟山区',NULL,NULL,''),(520203,5202,2,'六枝特','liu zhi te','lizt','六枝特区',NULL,NULL,''),(520221,5202,2,'水城','shui cheng','shc','水城县',NULL,NULL,''),(520281,5202,2,'盘州','pan zhou','paz','盘州市',NULL,NULL,''),(520302,5203,2,'红花岗','hong hua gang','hohg','红花岗区',NULL,NULL,''),(520303,5203,2,'汇川','hui chuan','huc','汇川区',NULL,NULL,''),(520304,5203,2,'播州','bo zhou','boz','播州区',NULL,NULL,''),(520322,5203,2,'桐梓','tong zi','toz','桐梓县',NULL,NULL,''),(520323,5203,2,'绥阳','sui yang','suy','绥阳县',NULL,NULL,''),(520324,5203,2,'正安','zheng an','zha','正安县',NULL,NULL,''),(520325,5203,2,'道真仡佬族苗族自治县','dao zhen ge lao zu miao zu zi zhi xian','dazg','道真仡佬族苗族自治县',NULL,NULL,''),(520326,5203,2,'务川仡佬族苗族自治县','wu chuan ge lao zu miao zu zi zhi xian','wucg','务川仡佬族苗族自治县',NULL,NULL,''),(520327,5203,2,'凤冈','feng gang','feg','凤冈县',NULL,NULL,''),(520328,5203,2,'湄潭','mei tan','met','湄潭县',NULL,NULL,''),(520329,5203,2,'余庆','yu qing','yuq','余庆县',NULL,NULL,''),(520330,5203,2,'习水','xi shui','xis','习水县',NULL,NULL,''),(520381,5203,2,'赤水','chi shui','chs','赤水市',NULL,NULL,''),(520382,5203,2,'仁怀','ren huai','reh','仁怀市',NULL,NULL,''),(520402,5204,2,'西秀','xi xiu','xix','西秀区',NULL,NULL,''),(520403,5204,2,'平坝','ping ba','pib','平坝区',NULL,NULL,''),(520422,5204,2,'普定','pu ding','pud','普定县',NULL,NULL,''),(520423,5204,2,'镇宁布依族苗族自治县','zhen ning bu yi zu miao zu zi zhi xian','zhnb','镇宁布依族苗族自治县',NULL,NULL,''),(520424,5204,2,'关岭布依族苗族自治县','guan ling bu yi zu miao zu zi zhi xian','gulb','关岭布依族苗族自治县',NULL,NULL,''),(520425,5204,2,'紫云苗族布依族自治县','zi yun miao zu bu yi zu zi zhi xian','ziym','紫云苗族布依族自治县',NULL,NULL,''),(520502,5205,2,'七星关','qi xing guan','qixg','七星关区',NULL,NULL,''),(520521,5205,2,'大方','da fang','daf','大方县',NULL,NULL,''),(520522,5205,2,'黔西','qian xi','qix','黔西县',NULL,NULL,''),(520523,5205,2,'金沙','jin sha','jis','金沙县',NULL,NULL,''),(520524,5205,2,'织金','zhi jin','zhj','织金县',NULL,NULL,''),(520525,5205,2,'纳雍','na yong','nay','纳雍县',NULL,NULL,''),(520526,5205,2,'威宁彝族回族苗族自治县','wei ning yi zu hui zu miao zu zi zhi xian','weny','威宁彝族回族苗族自治县',NULL,NULL,''),(520527,5205,2,'赫章','he zhang','hez','赫章县',NULL,NULL,''),(520602,5206,2,'碧江','bi jiang','bij','碧江区',NULL,NULL,''),(520603,5206,2,'万山','wan shan','was','万山区',NULL,NULL,''),(520621,5206,2,'江口','jiang kou','jik','江口县',NULL,NULL,''),(520622,5206,2,'玉屏侗族自治县','yu ping dong zu zi zhi xian','yupd','玉屏侗族自治县',NULL,NULL,''),(520623,5206,2,'石阡','shi qian','shq','石阡县',NULL,NULL,''),(520624,5206,2,'思南','si nan','sin','思南县',NULL,NULL,''),(520625,5206,2,'印江土家族苗族自治县','yin jiang tu jia zu miao zu zi zhi xian','yijt','印江土家族苗族自治县',NULL,NULL,''),(520626,5206,2,'德江','de jiang','dej','德江县',NULL,NULL,''),(520627,5206,2,'沿河土家族自治县','yan he tu jia zu zi zhi xian','yaht','沿河土家族自治县',NULL,NULL,''),(520628,5206,2,'松桃苗族自治县','song tao miao zu zi zhi xian','sotm','松桃苗族自治县',NULL,NULL,''),(522301,5223,2,'兴义','xing yi','xiy','兴义市',NULL,NULL,''),(522322,5223,2,'兴仁','xing ren','xir','兴仁县',NULL,NULL,''),(522323,5223,2,'普安','pu an','pua','普安县',NULL,NULL,''),(522324,5223,2,'晴隆','qing long','qil','晴隆县',NULL,NULL,''),(522325,5223,2,'贞丰','zhen feng','zhf','贞丰县',NULL,NULL,''),(522326,5223,2,'望谟','wang mo','wam','望谟县',NULL,NULL,''),(522327,5223,2,'册亨','ce heng','ceh','册亨县',NULL,NULL,''),(522328,5223,2,'安龙','an long','anl','安龙县',NULL,NULL,''),(522601,5226,2,'凯里','kai li','kal','凯里市',NULL,NULL,''),(522622,5226,2,'黄平','huang ping','hup','黄平县',NULL,NULL,''),(522623,5226,2,'施秉','shi bing','shb','施秉县',NULL,NULL,''),(522624,5226,2,'三穗','san sui','sas','三穗县',NULL,NULL,''),(522625,5226,2,'镇远','zhen yuan','zhy','镇远县',NULL,NULL,''),(522626,5226,2,'岑巩','cen gong','ceg','岑巩县',NULL,NULL,''),(522627,5226,2,'天柱','tian zhu','tiz','天柱县',NULL,NULL,''),(522628,5226,2,'锦屏','jin ping','jip','锦屏县',NULL,NULL,''),(522629,5226,2,'剑河','jian he','jih','剑河县',NULL,NULL,''),(522630,5226,2,'台江','tai jiang','taj','台江县',NULL,NULL,''),(522631,5226,2,'黎平','li ping','lip','黎平县',NULL,NULL,''),(522632,5226,2,'榕江','rong jiang','roj','榕江县',NULL,NULL,''),(522633,5226,2,'从江','cong jiang','coj','从江县',NULL,NULL,''),(522634,5226,2,'雷山','lei shan','les','雷山县',NULL,NULL,''),(522635,5226,2,'麻江','ma jiang','maj','麻江县',NULL,NULL,''),(522636,5226,2,'丹寨','dan zhai','daz','丹寨县',NULL,NULL,''),(522701,5227,2,'都匀','du yun','duy','都匀市',NULL,NULL,''),(522702,5227,2,'福泉','fu quan','fuq','福泉市',NULL,NULL,''),(522722,5227,2,'荔波','li bo','lib','荔波县',NULL,NULL,''),(522723,5227,2,'贵定','gui ding','gud','贵定县',NULL,NULL,''),(522725,5227,2,'瓮安','weng an','wea','瓮安县',NULL,NULL,''),(522726,5227,2,'独山','du shan','dus','独山县',NULL,NULL,''),(522727,5227,2,'平塘','ping tang','pit','平塘县',NULL,NULL,''),(522728,5227,2,'罗甸','luo dian','lud','罗甸县',NULL,NULL,''),(522729,5227,2,'长顺','chang shun','chs','长顺县',NULL,NULL,''),(522730,5227,2,'龙里','long li','lol','龙里县',NULL,NULL,''),(522731,5227,2,'惠水','hui shui','hus','惠水县',NULL,NULL,''),(522732,5227,2,'三都水族自治县','san du shui zu zi zhi xian','sads','三都水族自治县',NULL,NULL,''),(530102,5301,2,'五华','wu hua','wuh','五华区',NULL,NULL,''),(530103,5301,2,'盘龙','pan long','pal','盘龙区',NULL,NULL,''),(530111,5301,2,'官渡','guan du','gud','官渡区',NULL,NULL,''),(530112,5301,2,'西山','xi shan','xis','西山区',NULL,NULL,''),(530113,5301,2,'东川','dong chuan','doc','东川区',NULL,NULL,''),(530114,5301,2,'呈贡','cheng gong','chg','呈贡区',NULL,NULL,''),(530115,5301,2,'晋宁','jin ning','jin','晋宁区',NULL,NULL,''),(530124,5301,2,'富民','fu min','fum','富民县',NULL,NULL,''),(530125,5301,2,'宜良','yi liang','yil','宜良县',NULL,NULL,''),(530126,5301,2,'石林彝族自治县','shi lin yi zu zi zhi xian','shly','石林彝族自治县',NULL,NULL,''),(530127,5301,2,'嵩明','song ming','som','嵩明县',NULL,NULL,''),(530128,5301,2,'禄劝彝族苗族自治县','lu quan yi zu miao zu zi zhi xian','luqy','禄劝彝族苗族自治县',NULL,NULL,''),(530129,5301,2,'寻甸回族彝族自治县','xun dian hui zu yi zu zi zhi xian','xudh','寻甸回族彝族自治县',NULL,NULL,''),(530181,5301,2,'安宁','an ning','ann','安宁市',NULL,NULL,''),(530302,5303,2,'麒麟','qi lin','qil','麒麟区',NULL,NULL,''),(530303,5303,2,'沾益','zhan yi','zhy','沾益区',NULL,NULL,''),(530321,5303,2,'马龙','ma long','mal','马龙县',NULL,NULL,''),(530322,5303,2,'陆良','lu liang','lul','陆良县',NULL,NULL,''),(530323,5303,2,'师宗','shi zong','shz','师宗县',NULL,NULL,''),(530324,5303,2,'罗平','luo ping','lup','罗平县',NULL,NULL,''),(530325,5303,2,'富源','fu yuan','fuy','富源县',NULL,NULL,''),(530326,5303,2,'会泽','hui ze','huz','会泽县',NULL,NULL,''),(530381,5303,2,'宣威','xuan wei','xuw','宣威市',NULL,NULL,''),(530402,5304,2,'红塔','hong ta','hot','红塔区',NULL,NULL,''),(530403,5304,2,'江川','jiang chuan','jic','江川区',NULL,NULL,''),(530422,5304,2,'澄江','cheng jiang','chj','澄江县',NULL,NULL,''),(530423,5304,2,'通海','tong hai','toh','通海县',NULL,NULL,''),(530424,5304,2,'华宁','hua ning','hun','华宁县',NULL,NULL,''),(530425,5304,2,'易门','yi men','yim','易门县',NULL,NULL,''),(530426,5304,2,'峨山彝族自治县','e shan yi zu zi zhi xian','esy','峨山彝族自治县',NULL,NULL,''),(530427,5304,2,'新平彝族傣族自治县','xin ping yi zu dai zu zi zhi xian','xipy','新平彝族傣族自治县',NULL,NULL,''),(530428,5304,2,'元江哈尼族彝族傣族自治县','yuan jiang ha ni zu yi zu dai zu zi zhi xian','yujh','元江哈尼族彝族傣族自治县',NULL,NULL,''),(530502,5305,2,'隆阳','long yang','loy','隆阳区',NULL,NULL,''),(530521,5305,2,'施甸','shi dian','shd','施甸县',NULL,NULL,''),(530523,5305,2,'龙陵','long ling','lol','龙陵县',NULL,NULL,''),(530524,5305,2,'昌宁','chang ning','chn','昌宁县',NULL,NULL,''),(530581,5305,2,'腾冲','teng chong','tec','腾冲市',NULL,NULL,''),(530602,5306,2,'昭阳','zhao yang','zhy','昭阳区',NULL,NULL,''),(530621,5306,2,'鲁甸','lu dian','lud','鲁甸县',NULL,NULL,''),(530622,5306,2,'巧家','qiao jia','qij','巧家县',NULL,NULL,''),(530623,5306,2,'盐津','yan jin','yaj','盐津县',NULL,NULL,''),(530624,5306,2,'大关','da guan','dag','大关县',NULL,NULL,''),(530625,5306,2,'永善','yong shan','yos','永善县',NULL,NULL,''),(530626,5306,2,'绥江','sui jiang','suj','绥江县',NULL,NULL,''),(530627,5306,2,'镇雄','zhen xiong','zhx','镇雄县',NULL,NULL,''),(530628,5306,2,'彝良','yi liang','yil','彝良县',NULL,NULL,''),(530629,5306,2,'威信','wei xin','wex','威信县',NULL,NULL,''),(530630,5306,2,'水富','shui fu','shf','水富县',NULL,NULL,''),(530702,5307,2,'古城','gu cheng','guc','古城区',NULL,NULL,''),(530721,5307,2,'玉龙纳西族自治县','yu long na xi zu zi zhi xian','yuln','玉龙纳西族自治县',NULL,NULL,''),(530722,5307,2,'永胜','yong sheng','yos','永胜县',NULL,NULL,''),(530723,5307,2,'华坪','hua ping','hup','华坪县',NULL,NULL,''),(530724,5307,2,'宁蒗彝族自治县','ning lang yi zu zi zhi xian','nily','宁蒗彝族自治县',NULL,NULL,''),(530802,5308,2,'思茅','si mao','sim','思茅区',NULL,NULL,''),(530821,5308,2,'宁洱哈尼族彝族自治县','ning er ha ni zu yi zu zi zhi xian','nieh','宁洱哈尼族彝族自治县',NULL,NULL,''),(530822,5308,2,'墨江哈尼族自治县','mo jiang ha ni zu zi zhi xian','mojh','墨江哈尼族自治县',NULL,NULL,''),(530823,5308,2,'景东彝族自治县','jing dong yi zu zi zhi xian','jidy','景东彝族自治县',NULL,NULL,''),(530824,5308,2,'景谷傣族彝族自治县','jing gu dai zu yi zu zi zhi xian','jigd','景谷傣族彝族自治县',NULL,NULL,''),(530825,5308,2,'镇沅彝族哈尼族拉祜族自治县','zhen yuan yi zu ha ni zu la hu zu zi zhi xian','zhyy','镇沅彝族哈尼族拉祜族自治县',NULL,NULL,''),(530826,5308,2,'江城哈尼族彝族自治县','jiang cheng ha ni zu yi zu zi zhi xian','jich','江城哈尼族彝族自治县',NULL,NULL,''),(530827,5308,2,'孟连傣族拉祜族佤族自治县','meng lian dai zu la hu zu wa zu zi zhi xian','meld','孟连傣族拉祜族佤族自治县',NULL,NULL,''),(530828,5308,2,'澜沧拉祜族自治县','lan cang la hu zu zi zhi xian','lacl','澜沧拉祜族自治县',NULL,NULL,''),(530829,5308,2,'西盟佤族自治县','xi meng wa zu zi zhi xian','ximw','西盟佤族自治县',NULL,NULL,''),(530902,5309,2,'临翔','lin xiang','lix','临翔区',NULL,NULL,''),(530921,5309,2,'凤庆','feng qing','feq','凤庆县',NULL,NULL,''),(530922,5309,2,'云县','yun xian','yux','云县',NULL,NULL,''),(530923,5309,2,'永德','yong de','yod','永德县',NULL,NULL,''),(530924,5309,2,'镇康','zhen kang','zhk','镇康县',NULL,NULL,''),(530925,5309,2,'双江拉祜族佤族布朗族傣族自治县','shuang jiang la hu zu wa zu bu lang zu dai zu zi zhi xian','shjl','双江拉祜族佤族布朗族傣族自治县',NULL,NULL,''),(530926,5309,2,'耿马傣族佤族自治县','geng ma dai zu wa zu zi zhi xian','gemd','耿马傣族佤族自治县',NULL,NULL,''),(530927,5309,2,'沧源佤族自治县','cang yuan wa zu zi zhi xian','cayw','沧源佤族自治县',NULL,NULL,''),(532301,5323,2,'楚雄','chu xiong','chx','楚雄市',NULL,NULL,''),(532322,5323,2,'双柏','shuang bai','shb','双柏县',NULL,NULL,''),(532323,5323,2,'牟定','mou ding','mod','牟定县',NULL,NULL,''),(532324,5323,2,'南华','nan hua','nah','南华县',NULL,NULL,''),(532325,5323,2,'姚安','yao an','yaa','姚安县',NULL,NULL,''),(532326,5323,2,'大姚','da yao','day','大姚县',NULL,NULL,''),(532327,5323,2,'永仁','yong ren','yor','永仁县',NULL,NULL,''),(532328,5323,2,'元谋','yuan mou','yum','元谋县',NULL,NULL,''),(532329,5323,2,'武定','wu ding','wud','武定县',NULL,NULL,''),(532331,5323,2,'禄丰','lu feng','luf','禄丰县',NULL,NULL,''),(532501,5325,2,'个旧','ge jiu','gej','个旧市',NULL,NULL,''),(532502,5325,2,'开远','kai yuan','kay','开远市',NULL,NULL,''),(532503,5325,2,'蒙自','meng zi','mez','蒙自市',NULL,NULL,''),(532504,5325,2,'弥勒','mi le','mil','弥勒市',NULL,NULL,''),(532523,5325,2,'屏边苗族自治县','ping bian miao zu zi zhi xian','pibm','屏边苗族自治县',NULL,NULL,''),(532524,5325,2,'建水','jian shui','jis','建水县',NULL,NULL,''),(532525,5325,2,'石屏','shi ping','shp','石屏县',NULL,NULL,''),(532527,5325,2,'泸西','lu xi','lux','泸西县',NULL,NULL,''),(532528,5325,2,'元阳','yuan yang','yuy','元阳县',NULL,NULL,''),(532529,5325,2,'红河','hong he','hoh','红河县',NULL,NULL,''),(532530,5325,2,'金平苗族瑶族傣族自治县','jin ping miao zu yao zu dai zu zi zhi xian','jipm','金平苗族瑶族傣族自治县',NULL,NULL,''),(532531,5325,2,'绿春','lv chun','lvc','绿春县',NULL,NULL,''),(532532,5325,2,'河口瑶族自治县','he kou yao zu zi zhi xian','heky','河口瑶族自治县',NULL,NULL,''),(532601,5326,2,'文山','wen shan','wes','文山市',NULL,NULL,''),(532622,5326,2,'砚山','yan shan','yas','砚山县',NULL,NULL,''),(532623,5326,2,'西畴','xi chou','xic','西畴县',NULL,NULL,''),(532624,5326,2,'麻栗坡','ma li po','malp','麻栗坡县',NULL,NULL,''),(532625,5326,2,'马关','ma guan','mag','马关县',NULL,NULL,''),(532626,5326,2,'丘北','qiu bei','qib','丘北县',NULL,NULL,''),(532627,5326,2,'广南','guang nan','gun','广南县',NULL,NULL,''),(532628,5326,2,'富宁','fu ning','fun','富宁县',NULL,NULL,''),(532801,5328,2,'景洪','jing hong','jih','景洪市',NULL,NULL,''),(532822,5328,2,'勐海','meng hai','meh','勐海县',NULL,NULL,''),(532823,5328,2,'勐腊','meng la','mel','勐腊县',NULL,NULL,''),(532901,5329,2,'大理','da li','dal','大理市',NULL,NULL,''),(532922,5329,2,'漾濞彝族自治县','yang bi yi zu zi zhi xian','yaby','漾濞彝族自治县',NULL,NULL,''),(532923,5329,2,'祥云','xiang yun','xiy','祥云县',NULL,NULL,''),(532924,5329,2,'宾川','bin chuan','bic','宾川县',NULL,NULL,''),(532925,5329,2,'弥渡','mi du','mid','弥渡县',NULL,NULL,''),(532926,5329,2,'南涧彝族自治县','nan jian yi zu zi zhi xian','najy','南涧彝族自治县',NULL,NULL,''),(532927,5329,2,'巍山彝族回族自治县','wei shan yi zu hui zu zi zhi xian','wesy','巍山彝族回族自治县',NULL,NULL,''),(532928,5329,2,'永平','yong ping','yop','永平县',NULL,NULL,''),(532929,5329,2,'云龙','yun long','yul','云龙县',NULL,NULL,''),(532930,5329,2,'洱源','er yuan','ery','洱源县',NULL,NULL,''),(532931,5329,2,'剑川','jian chuan','jic','剑川县',NULL,NULL,''),(532932,5329,2,'鹤庆','he qing','heq','鹤庆县',NULL,NULL,''),(533102,5331,2,'瑞丽','rui li','rul','瑞丽市',NULL,NULL,''),(533103,5331,2,'芒市','mang shi','mas','芒市',NULL,NULL,''),(533122,5331,2,'梁河','liang he','lih','梁河县',NULL,NULL,''),(533123,5331,2,'盈江','ying jiang','yij','盈江县',NULL,NULL,''),(533124,5331,2,'陇川','long chuan','loc','陇川县',NULL,NULL,''),(533301,5333,2,'泸水','lu shui','lus','泸水市',NULL,NULL,''),(533323,5333,2,'福贡','fu gong','fug','福贡县',NULL,NULL,''),(533324,5333,2,'贡山独龙族怒族自治县','gong shan du long zu nu zu zi zhi xian','gosd','贡山独龙族怒族自治县',NULL,NULL,''),(533325,5333,2,'兰坪白族普米族自治县','lan ping bai zu pu mi zu zi zhi xian','lapb','兰坪白族普米族自治县',NULL,NULL,''),(533401,5334,2,'香格里拉','xiang ge li la','xigl','香格里拉市',NULL,NULL,''),(533422,5334,2,'德钦','de qin','deq','德钦县',NULL,NULL,''),(533423,5334,2,'维西傈僳族自治县','wei xi li su zu zi zhi xian','wexl','维西傈僳族自治县',NULL,NULL,''),(540102,5401,2,'城关','cheng guan','chg','城关区',NULL,NULL,''),(540103,5401,2,'堆龙德庆','dui long de qing','duld','堆龙德庆区',NULL,NULL,''),(540121,5401,2,'林周','lin zhou','liz','林周县',NULL,NULL,''),(540122,5401,2,'当雄','dang xiong','dax','当雄县',NULL,NULL,''),(540123,5401,2,'尼木','ni mu','nim','尼木县',NULL,NULL,''),(540124,5401,2,'曲水','qu shui','qus','曲水县',NULL,NULL,''),(540126,5401,2,'达孜','da zi','daz','达孜县',NULL,NULL,''),(540127,5401,2,'墨竹工卡','mo zhu gong ka','mozg','墨竹工卡县',NULL,NULL,''),(540171,5401,2,'格尔木藏青工业园','ge er mu zang qing gong ye yuan','geem','格尔木藏青工业园区',NULL,NULL,''),(540172,5401,2,'拉萨经济技术开发区','la sa jing ji ji shu kai fa qu','lasj','拉萨经济技术开发区',NULL,NULL,''),(540173,5401,2,'西藏文化旅游创意园','xi zang wen hua lv you chuang yi yuan','xizw','西藏文化旅游创意园区',NULL,NULL,''),(540174,5401,2,'达孜工业园','da zi gong ye yuan','dazg','达孜工业园区',NULL,NULL,''),(540202,5402,2,'桑珠孜','sang zhu zi','sazz','桑珠孜区',NULL,NULL,''),(540221,5402,2,'南木林','nan mu lin','naml','南木林县',NULL,NULL,''),(540222,5402,2,'江孜','jiang zi','jiz','江孜县',NULL,NULL,''),(540223,5402,2,'定日','ding ri','dir','定日县',NULL,NULL,''),(540224,5402,2,'萨迦','sa jia','saj','萨迦县',NULL,NULL,''),(540225,5402,2,'拉孜','la zi','laz','拉孜县',NULL,NULL,''),(540226,5402,2,'昂仁','ang ren','anr','昂仁县',NULL,NULL,''),(540227,5402,2,'谢通门','xie tong men','xitm','谢通门县',NULL,NULL,''),(540228,5402,2,'白朗','bai lang','bal','白朗县',NULL,NULL,''),(540229,5402,2,'仁布','ren bu','reb','仁布县',NULL,NULL,''),(540230,5402,2,'康马','kang ma','kam','康马县',NULL,NULL,''),(540231,5402,2,'定结','ding jie','dij','定结县',NULL,NULL,''),(540232,5402,2,'仲巴','zhong ba','zhb','仲巴县',NULL,NULL,''),(540233,5402,2,'亚东','ya dong','yad','亚东县',NULL,NULL,''),(540234,5402,2,'吉隆','ji long','jil','吉隆县',NULL,NULL,''),(540235,5402,2,'聂拉木','nie la mu','nilm','聂拉木县',NULL,NULL,''),(540236,5402,2,'萨嘎','sa ga','sag','萨嘎县',NULL,NULL,''),(540237,5402,2,'岗巴','gang ba','gab','岗巴县',NULL,NULL,''),(540302,5403,2,'卡若','ka ruo','kar','卡若区',NULL,NULL,''),(540321,5403,2,'江达','jiang da','jid','江达县',NULL,NULL,''),(540322,5403,2,'贡觉','gong jue','goj','贡觉县',NULL,NULL,''),(540323,5403,2,'类乌齐','lei wu qi','lewq','类乌齐县',NULL,NULL,''),(540324,5403,2,'丁青','ding qing','diq','丁青县',NULL,NULL,''),(540325,5403,2,'察雅','cha ya','chy','察雅县',NULL,NULL,''),(540326,5403,2,'八宿','ba su','bas','八宿县',NULL,NULL,''),(540327,5403,2,'左贡','zuo gong','zug','左贡县',NULL,NULL,''),(540328,5403,2,'芒康','mang kang','mak','芒康县',NULL,NULL,''),(540329,5403,2,'洛隆','luo long','lul','洛隆县',NULL,NULL,''),(540330,5403,2,'边坝','bian ba','bib','边坝县',NULL,NULL,''),(540402,5404,2,'巴宜','ba yi','bay','巴宜区',NULL,NULL,''),(540421,5404,2,'工布江达','gong bu jiang da','gobj','工布江达县',NULL,NULL,''),(540422,5404,2,'米林','mi lin','mil','米林县',NULL,NULL,''),(540423,5404,2,'墨脱','mo tuo','mot','墨脱县',NULL,NULL,''),(540424,5404,2,'波密','bo mi','bom','波密县',NULL,NULL,''),(540425,5404,2,'察隅','cha yu','chy','察隅县',NULL,NULL,''),(540426,5404,2,'朗县','lang xian','lax','朗县',NULL,NULL,''),(540502,5405,2,'乃东','nai dong','nad','乃东区',NULL,NULL,''),(540521,5405,2,'扎囊','zha nang','zhn','扎囊县',NULL,NULL,''),(540522,5405,2,'贡嘎','gong ga','gog','贡嘎县',NULL,NULL,''),(540523,5405,2,'桑日','sang ri','sar','桑日县',NULL,NULL,''),(540524,5405,2,'琼结','qiong jie','qij','琼结县',NULL,NULL,''),(540525,5405,2,'曲松','qu song','qus','曲松县',NULL,NULL,''),(540526,5405,2,'措美','cuo mei','cum','措美县',NULL,NULL,''),(540527,5405,2,'洛扎','luo zha','luz','洛扎县',NULL,NULL,''),(540528,5405,2,'加查','jia cha','jic','加查县',NULL,NULL,''),(540529,5405,2,'隆子','long zi','loz','隆子县',NULL,NULL,''),(540530,5405,2,'错那','cuo na','cun','错那县',NULL,NULL,''),(540531,5405,2,'浪卡子','lang qia zi','laqz','浪卡子县',NULL,NULL,''),(542421,5424,2,'那曲','na qu','naq','那曲县',NULL,NULL,''),(542422,5424,2,'嘉黎','jia li','jil','嘉黎县',NULL,NULL,''),(542423,5424,2,'比如','bi ru','bir','比如县',NULL,NULL,''),(542424,5424,2,'聂荣','nie rong','nir','聂荣县',NULL,NULL,''),(542425,5424,2,'安多','an duo','and','安多县',NULL,NULL,''),(542426,5424,2,'申扎','shen zha','shz','申扎县',NULL,NULL,''),(542427,5424,2,'索县','suo xian','sux','索县',NULL,NULL,''),(542428,5424,2,'班戈','ban ge','bag','班戈县',NULL,NULL,''),(542429,5424,2,'巴青','ba qing','baq','巴青县',NULL,NULL,''),(542430,5424,2,'尼玛','ni ma','nim','尼玛县',NULL,NULL,''),(542431,5424,2,'双湖','shuang hu','shh','双湖县',NULL,NULL,''),(542521,5425,2,'普兰','pu lan','pul','普兰县',NULL,NULL,''),(542522,5425,2,'札达','zha da','zhd','札达县',NULL,NULL,''),(542523,5425,2,'噶尔','ga er','gae','噶尔县',NULL,NULL,''),(542524,5425,2,'日土','ri tu','rit','日土县',NULL,NULL,''),(542525,5425,2,'革吉','ge ji','gej','革吉县',NULL,NULL,''),(542526,5425,2,'改则','gai ze','gaz','改则县',NULL,NULL,''),(542527,5425,2,'措勤','cuo qin','cuq','措勤县',NULL,NULL,''),(610102,6101,2,'新城','xin cheng','xic','新城区',NULL,NULL,''),(610103,6101,2,'碑林','bei lin','bel','碑林区',NULL,NULL,''),(610104,6101,2,'莲湖','lian hu','lih','莲湖区',NULL,NULL,''),(610111,6101,2,'灞桥','ba qiao','baq','灞桥区',NULL,NULL,''),(610112,6101,2,'未央','wei yang','wey','未央区',NULL,NULL,''),(610113,6101,2,'雁塔','yan ta','yat','雁塔区',NULL,NULL,''),(610114,6101,2,'阎良','yan liang','yal','阎良区',NULL,NULL,''),(610115,6101,2,'临潼','lin tong','lit','临潼区',NULL,NULL,''),(610116,6101,2,'长安','chang an','cha','长安区',NULL,NULL,''),(610117,6101,2,'高陵','gao ling','gal','高陵区',NULL,NULL,''),(610118,6101,2,'鄠邑','hu yi','huy','鄠邑区',NULL,NULL,''),(610122,6101,2,'蓝田','lan tian','lat','蓝田县',NULL,NULL,''),(610124,6101,2,'周至','zhou zhi','zhz','周至县',NULL,NULL,''),(610202,6102,2,'王益','wang yi','way','王益区',NULL,NULL,''),(610203,6102,2,'印台','yin tai','yit','印台区',NULL,NULL,''),(610204,6102,2,'耀州','yao zhou','yaz','耀州区',NULL,NULL,''),(610222,6102,2,'宜君','yi jun','yij','宜君县',NULL,NULL,''),(610302,6103,2,'渭滨','wei bin','web','渭滨区',NULL,NULL,''),(610303,6103,2,'金台','jin tai','jit','金台区',NULL,NULL,''),(610304,6103,2,'陈仓','chen cang','chc','陈仓区',NULL,NULL,''),(610322,6103,2,'凤翔','feng xiang','fex','凤翔县',NULL,NULL,''),(610323,6103,2,'岐山','qi shan','qis','岐山县',NULL,NULL,''),(610324,6103,2,'扶风','fu feng','fuf','扶风县',NULL,NULL,''),(610326,6103,2,'眉县','mei xian','mex','眉县',NULL,NULL,''),(610327,6103,2,'陇县','long xian','lox','陇县',NULL,NULL,''),(610328,6103,2,'千阳','qian yang','qiy','千阳县',NULL,NULL,''),(610329,6103,2,'麟游','lin you','liy','麟游县',NULL,NULL,''),(610330,6103,2,'凤县','feng xian','fex','凤县',NULL,NULL,''),(610331,6103,2,'太白','tai bai','tab','太白县',NULL,NULL,''),(610402,6104,2,'秦都','qin du','qid','秦都区',NULL,NULL,''),(610403,6104,2,'杨陵','yang ling','yal','杨陵区',NULL,NULL,''),(610404,6104,2,'渭城','wei cheng','wec','渭城区',NULL,NULL,''),(610422,6104,2,'三原','san yuan','say','三原县',NULL,NULL,''),(610423,6104,2,'泾阳','jing yang','jiy','泾阳县',NULL,NULL,''),(610424,6104,2,'乾县','qian xian','qix','乾县',NULL,NULL,''),(610425,6104,2,'礼泉','li quan','liq','礼泉县',NULL,NULL,''),(610426,6104,2,'永寿','yong shou','yos','永寿县',NULL,NULL,''),(610427,6104,2,'彬县','bin xian','bix','彬县',NULL,NULL,''),(610428,6104,2,'长武','chang wu','chw','长武县',NULL,NULL,''),(610429,6104,2,'旬邑','xun yi','xuy','旬邑县',NULL,NULL,''),(610430,6104,2,'淳化','chun hua','chh','淳化县',NULL,NULL,''),(610431,6104,2,'武功','wu gong','wug','武功县',NULL,NULL,''),(610481,6104,2,'兴平','xing ping','xip','兴平市',NULL,NULL,''),(610502,6105,2,'临渭','lin wei','liw','临渭区',NULL,NULL,''),(610503,6105,2,'华州','hua zhou','huz','华州区',NULL,NULL,''),(610522,6105,2,'潼关','tong guan','tog','潼关县',NULL,NULL,''),(610523,6105,2,'大荔','da li','dal','大荔县',NULL,NULL,''),(610524,6105,2,'合阳','he yang','hey','合阳县',NULL,NULL,''),(610525,6105,2,'澄城','cheng cheng','chc','澄城县',NULL,NULL,''),(610526,6105,2,'蒲城','pu cheng','puc','蒲城县',NULL,NULL,''),(610527,6105,2,'白水','bai shui','bas','白水县',NULL,NULL,''),(610528,6105,2,'富平','fu ping','fup','富平县',NULL,NULL,''),(610581,6105,2,'韩城','han cheng','hac','韩城市',NULL,NULL,''),(610582,6105,2,'华阴','hua yin','huy','华阴市',NULL,NULL,''),(610602,6106,2,'宝塔','bao ta','bat','宝塔区',NULL,NULL,''),(610603,6106,2,'安塞','an sai','ans','安塞区',NULL,NULL,''),(610621,6106,2,'延长','yan chang','yac','延长县',NULL,NULL,''),(610622,6106,2,'延川','yan chuan','yac','延川县',NULL,NULL,''),(610623,6106,2,'子长','zi chang','zic','子长县',NULL,NULL,''),(610625,6106,2,'志丹','zhi dan','zhd','志丹县',NULL,NULL,''),(610626,6106,2,'吴起','wu qi','wuq','吴起县',NULL,NULL,''),(610627,6106,2,'甘泉','gan quan','gaq','甘泉县',NULL,NULL,''),(610628,6106,2,'富县','fu xian','fux','富县',NULL,NULL,''),(610629,6106,2,'洛川','luo chuan','luc','洛川县',NULL,NULL,''),(610630,6106,2,'宜川','yi chuan','yic','宜川县',NULL,NULL,''),(610631,6106,2,'黄龙','huang long','hul','黄龙县',NULL,NULL,''),(610632,6106,2,'黄陵','huang ling','hul','黄陵县',NULL,NULL,''),(610702,6107,2,'汉台','han tai','hat','汉台区',NULL,NULL,''),(610703,6107,2,'南郑','nan zheng','naz','南郑区',NULL,NULL,''),(610722,6107,2,'城固','cheng gu','chg','城固县',NULL,NULL,''),(610723,6107,2,'洋县','yang xian','yax','洋县',NULL,NULL,''),(610724,6107,2,'西乡','xi xiang','xix','西乡县',NULL,NULL,''),(610725,6107,2,'勉县','mian xian','mix','勉县',NULL,NULL,''),(610726,6107,2,'宁强','ning qiang','niq','宁强县',NULL,NULL,''),(610727,6107,2,'略阳','lve yang','lvy','略阳县',NULL,NULL,''),(610728,6107,2,'镇巴','zhen ba','zhb','镇巴县',NULL,NULL,''),(610729,6107,2,'留坝','liu ba','lib','留坝县',NULL,NULL,''),(610730,6107,2,'佛坪','fo ping','fop','佛坪县',NULL,NULL,''),(610802,6108,2,'榆阳','yu yang','yuy','榆阳区',NULL,NULL,''),(610803,6108,2,'横山','heng shan','hes','横山区',NULL,NULL,''),(610822,6108,2,'府谷','fu gu','fug','府谷县',NULL,NULL,''),(610824,6108,2,'靖边','jing bian','jib','靖边县',NULL,NULL,''),(610825,6108,2,'定边','ding bian','dib','定边县',NULL,NULL,''),(610826,6108,2,'绥德','sui de','sud','绥德县',NULL,NULL,''),(610827,6108,2,'米脂','mi zhi','miz','米脂县',NULL,NULL,''),(610828,6108,2,'佳县','jia xian','jix','佳县',NULL,NULL,''),(610829,6108,2,'吴堡','wu bu','wub','吴堡县',NULL,NULL,''),(610830,6108,2,'清涧','qing jian','qij','清涧县',NULL,NULL,''),(610831,6108,2,'子洲','zi zhou','ziz','子洲县',NULL,NULL,''),(610881,6108,2,'神木','shen mu','shm','神木市',NULL,NULL,''),(610902,6109,2,'汉滨','han bin','hab','汉滨区',NULL,NULL,''),(610921,6109,2,'汉阴','han yin','hay','汉阴县',NULL,NULL,''),(610922,6109,2,'石泉','shi quan','shq','石泉县',NULL,NULL,''),(610923,6109,2,'宁陕','ning shan','nis','宁陕县',NULL,NULL,''),(610924,6109,2,'紫阳','zi yang','ziy','紫阳县',NULL,NULL,''),(610925,6109,2,'岚皋','lan gao','lag','岚皋县',NULL,NULL,''),(610926,6109,2,'平利','ping li','pil','平利县',NULL,NULL,''),(610927,6109,2,'镇坪','zhen ping','zhp','镇坪县',NULL,NULL,''),(610928,6109,2,'旬阳','xun yang','xuy','旬阳县',NULL,NULL,''),(610929,6109,2,'白河','bai he','bah','白河县',NULL,NULL,''),(611002,6110,2,'商州','shang zhou','shz','商州区',NULL,NULL,''),(611021,6110,2,'洛南','luo nan','lun','洛南县',NULL,NULL,''),(611022,6110,2,'丹凤','dan feng','daf','丹凤县',NULL,NULL,''),(611023,6110,2,'商南','shang nan','shn','商南县',NULL,NULL,''),(611024,6110,2,'山阳','shan yang','shy','山阳县',NULL,NULL,''),(611025,6110,2,'镇安','zhen an','zha','镇安县',NULL,NULL,''),(611026,6110,2,'柞水','zha shui','zhs','柞水县',NULL,NULL,''),(620102,6201,2,'城关','cheng guan','chg','城关区',NULL,NULL,''),(620103,6201,2,'七里河','qi li he','qilh','七里河区',NULL,NULL,''),(620104,6201,2,'西固','xi gu','xig','西固区',NULL,NULL,''),(620105,6201,2,'安宁','an ning','ann','安宁区',NULL,NULL,''),(620111,6201,2,'红古','hong gu','hog','红古区',NULL,NULL,''),(620121,6201,2,'永登','yong deng','yod','永登县',NULL,NULL,''),(620122,6201,2,'皋兰','gao lan','gal','皋兰县',NULL,NULL,''),(620123,6201,2,'榆中','yu zhong','yuz','榆中县',NULL,NULL,''),(620171,6201,2,'兰州新区','lan zhou xin qu','lazx','兰州新区',NULL,NULL,''),(620201,6202,2,'市辖区','shi xia qu','shxq','市辖区',NULL,NULL,''),(620302,6203,2,'金川','jin chuan','jic','金川区',NULL,NULL,''),(620321,6203,2,'永昌','yong chang','yoc','永昌县',NULL,NULL,''),(620402,6204,2,'白银','bai yin','bay','白银区',NULL,NULL,''),(620403,6204,2,'平川','ping chuan','pic','平川区',NULL,NULL,''),(620421,6204,2,'靖远','jing yuan','jiy','靖远县',NULL,NULL,''),(620422,6204,2,'会宁','hui ning','hun','会宁县',NULL,NULL,''),(620423,6204,2,'景泰','jing tai','jit','景泰县',NULL,NULL,''),(620502,6205,2,'秦州','qin zhou','qiz','秦州区',NULL,NULL,''),(620503,6205,2,'麦积','mai ji','maj','麦积区',NULL,NULL,''),(620521,6205,2,'清水','qing shui','qis','清水县',NULL,NULL,''),(620522,6205,2,'秦安','qin an','qia','秦安县',NULL,NULL,''),(620523,6205,2,'甘谷','gan gu','gag','甘谷县',NULL,NULL,''),(620524,6205,2,'武山','wu shan','wus','武山县',NULL,NULL,''),(620525,6205,2,'张家川回族自治县','zhang jia chuan hui zu zi zhi xian','zhjc','张家川回族自治县',NULL,NULL,''),(620602,6206,2,'凉州','liang zhou','liz','凉州区',NULL,NULL,''),(620621,6206,2,'民勤','min qin','miq','民勤县',NULL,NULL,''),(620622,6206,2,'古浪','gu lang','gul','古浪县',NULL,NULL,''),(620623,6206,2,'天祝藏族自治县','tian zhu zang zu zi zhi xian','tizz','天祝藏族自治县',NULL,NULL,''),(620702,6207,2,'甘州','gan zhou','gaz','甘州区',NULL,NULL,''),(620721,6207,2,'肃南裕固族自治县','su nan yu gu zu zi zhi xian','suny','肃南裕固族自治县',NULL,NULL,''),(620722,6207,2,'民乐','min yue','miy','民乐县',NULL,NULL,''),(620723,6207,2,'临泽','lin ze','liz','临泽县',NULL,NULL,''),(620724,6207,2,'高台','gao tai','gat','高台县',NULL,NULL,''),(620725,6207,2,'山丹','shan dan','shd','山丹县',NULL,NULL,''),(620802,6208,2,'崆峒','kong tong','kot','崆峒区',NULL,NULL,''),(620821,6208,2,'泾川','jing chuan','jic','泾川县',NULL,NULL,''),(620822,6208,2,'灵台','ling tai','lit','灵台县',NULL,NULL,''),(620823,6208,2,'崇信','chong xin','chx','崇信县',NULL,NULL,''),(620824,6208,2,'华亭','hua ting','hut','华亭县',NULL,NULL,''),(620825,6208,2,'庄浪','zhuang lang','zhl','庄浪县',NULL,NULL,''),(620826,6208,2,'静宁','jing ning','jin','静宁县',NULL,NULL,''),(620871,6208,2,'平凉工业园','ping liang gong ye yuan','pilg','平凉工业园区',NULL,NULL,''),(620902,6209,2,'肃州','su zhou','suz','肃州区',NULL,NULL,''),(620921,6209,2,'金塔','jin ta','jit','金塔县',NULL,NULL,''),(620922,6209,2,'瓜州','gua zhou','guz','瓜州县',NULL,NULL,''),(620923,6209,2,'肃北蒙古族自治县','su bei meng gu zu zi zhi xian','subm','肃北蒙古族自治县',NULL,NULL,''),(620924,6209,2,'阿克塞哈萨克族自治县','a ke sai ha sa ke zu zi zhi xian','aks','阿克塞哈萨克族自治县',NULL,NULL,''),(620981,6209,2,'玉门','yu men','yum','玉门市',NULL,NULL,''),(620982,6209,2,'敦煌','dun huang','duh','敦煌市',NULL,NULL,''),(621002,6210,2,'西峰','xi feng','xif','西峰区',NULL,NULL,''),(621021,6210,2,'庆城','qing cheng','qic','庆城县',NULL,NULL,''),(621022,6210,2,'环县','huan xian','hux','环县',NULL,NULL,''),(621023,6210,2,'华池','hua chi','huc','华池县',NULL,NULL,''),(621024,6210,2,'合水','he shui','hes','合水县',NULL,NULL,''),(621025,6210,2,'正宁','zheng ning','zhn','正宁县',NULL,NULL,''),(621026,6210,2,'宁县','ning xian','nix','宁县',NULL,NULL,''),(621027,6210,2,'镇原','zhen yuan','zhy','镇原县',NULL,NULL,''),(621102,6211,2,'安定','an ding','and','安定区',NULL,NULL,''),(621121,6211,2,'通渭','tong wei','tow','通渭县',NULL,NULL,''),(621122,6211,2,'陇西','long xi','lox','陇西县',NULL,NULL,''),(621123,6211,2,'渭源','wei yuan','wey','渭源县',NULL,NULL,''),(621124,6211,2,'临洮','lin tao','lit','临洮县',NULL,NULL,''),(621125,6211,2,'漳县','zhang xian','zhx','漳县',NULL,NULL,''),(621126,6211,2,'岷县','min xian','mix','岷县',NULL,NULL,''),(621202,6212,2,'武都','wu du','wud','武都区',NULL,NULL,''),(621221,6212,2,'成县','cheng xian','chx','成县',NULL,NULL,''),(621222,6212,2,'文县','wen xian','wex','文县',NULL,NULL,''),(621223,6212,2,'宕昌','dang chang','dac','宕昌县',NULL,NULL,''),(621224,6212,2,'康县','kang xian','kax','康县',NULL,NULL,''),(621225,6212,2,'西和','xi he','xih','西和县',NULL,NULL,''),(621226,6212,2,'礼县','li xian','lix','礼县',NULL,NULL,''),(621227,6212,2,'徽县','hui xian','hux','徽县',NULL,NULL,''),(621228,6212,2,'两当','liang dang','lid','两当县',NULL,NULL,''),(622901,6229,2,'临夏市','lin xia shi','lixs','临夏市',NULL,NULL,''),(622921,6229,2,'临夏县','lin xia xian','lixx','临夏县',NULL,NULL,''),(622922,6229,2,'康乐','kang le','kal','康乐县',NULL,NULL,''),(622923,6229,2,'永靖','yong jing','yoj','永靖县',NULL,NULL,''),(622924,6229,2,'广河','guang he','guh','广河县',NULL,NULL,''),(622925,6229,2,'和政','he zheng','hez','和政县',NULL,NULL,''),(622926,6229,2,'东乡族自治县','dong xiang zu zi zhi xian','doxz','东乡族自治县',NULL,NULL,''),(622927,6229,2,'积石山保安族东乡族撒拉族自治县','ji shi shan bao an zu dong xiang zu sa la zu zi zhi xian','jiss','积石山保安族东乡族撒拉族自治县',NULL,NULL,''),(623001,6230,2,'合作','he zuo','hez','合作市',NULL,NULL,''),(623021,6230,2,'临潭','lin tan','lit','临潭县',NULL,NULL,''),(623022,6230,2,'卓尼','zhuo ni','zhn','卓尼县',NULL,NULL,''),(623023,6230,2,'舟曲','zhou qu','zhq','舟曲县',NULL,NULL,''),(623024,6230,2,'迭部','die bu','dib','迭部县',NULL,NULL,''),(623025,6230,2,'玛曲','ma qu','maq','玛曲县',NULL,NULL,''),(623026,6230,2,'碌曲','lu qu','luq','碌曲县',NULL,NULL,''),(623027,6230,2,'夏河','xia he','xih','夏河县',NULL,NULL,''),(630102,6301,2,'城东','cheng dong','chd','城东区',NULL,NULL,''),(630103,6301,2,'城中','cheng zhong','chz','城中区',NULL,NULL,''),(630104,6301,2,'城西','cheng xi','chx','城西区',NULL,NULL,''),(630105,6301,2,'城北','cheng bei','chb','城北区',NULL,NULL,''),(630121,6301,2,'大通回族土族自治县','da tong hui zu tu zu zi zhi xian','dath','大通回族土族自治县',NULL,NULL,''),(630122,6301,2,'湟中','huang zhong','huz','湟中县',NULL,NULL,''),(630123,6301,2,'湟源','huang yuan','huy','湟源县',NULL,NULL,''),(630202,6302,2,'乐都','le du','led','乐都区',NULL,NULL,''),(630203,6302,2,'平安','ping an','pia','平安区',NULL,NULL,''),(630222,6302,2,'民和回族土族自治县','min he hui zu tu zu zi zhi xian','mihh','民和回族土族自治县',NULL,NULL,''),(630223,6302,2,'互助土族自治县','hu zhu tu zu zi zhi xian','huzt','互助土族自治县',NULL,NULL,''),(630224,6302,2,'化隆回族自治县','hua long hui zu zi zhi xian','hulh','化隆回族自治县',NULL,NULL,''),(630225,6302,2,'循化撒拉族自治县','xun hua sa la zu zi zhi xian','xuhs','循化撒拉族自治县',NULL,NULL,''),(632221,6322,2,'门源回族自治县','men yuan hui zu zi zhi xian','meyh','门源回族自治县',NULL,NULL,''),(632222,6322,2,'祁连','qi lian','qil','祁连县',NULL,NULL,''),(632223,6322,2,'海晏','hai yan','hay','海晏县',NULL,NULL,''),(632224,6322,2,'刚察','gang cha','gac','刚察县',NULL,NULL,''),(632321,6323,2,'同仁','tong ren','tor','同仁县',NULL,NULL,''),(632322,6323,2,'尖扎','jian zha','jiz','尖扎县',NULL,NULL,''),(632323,6323,2,'泽库','ze ku','zek','泽库县',NULL,NULL,''),(632324,6323,2,'河南蒙古族自治县','he nan meng gu zu zi zhi xian','henm','河南蒙古族自治县',NULL,NULL,''),(632521,6325,2,'共和','gong he','goh','共和县',NULL,NULL,''),(632522,6325,2,'同德','tong de','tod','同德县',NULL,NULL,''),(632523,6325,2,'贵德','gui de','gud','贵德县',NULL,NULL,''),(632524,6325,2,'兴海','xing hai','xih','兴海县',NULL,NULL,''),(632525,6325,2,'贵南','gui nan','gun','贵南县',NULL,NULL,''),(632621,6326,2,'玛沁','ma qin','maq','玛沁县',NULL,NULL,''),(632622,6326,2,'班玛','ban ma','bam','班玛县',NULL,NULL,''),(632623,6326,2,'甘德','gan de','gad','甘德县',NULL,NULL,''),(632624,6326,2,'达日','da ri','dar','达日县',NULL,NULL,''),(632625,6326,2,'久治','jiu zhi','jiz','久治县',NULL,NULL,''),(632626,6326,2,'玛多','ma duo','mad','玛多县',NULL,NULL,''),(632701,6327,2,'玉树','yu shu','yus','玉树市',NULL,NULL,''),(632722,6327,2,'杂多','za duo','zad','杂多县',NULL,NULL,''),(632723,6327,2,'称多','cheng duo','chd','称多县',NULL,NULL,''),(632724,6327,2,'治多','zhi duo','zhd','治多县',NULL,NULL,''),(632725,6327,2,'囊谦','nang qian','naq','囊谦县',NULL,NULL,''),(632726,6327,2,'曲麻莱','qu ma lai','quml','曲麻莱县',NULL,NULL,''),(632801,6328,2,'格尔木','ge er mu','geem','格尔木市',NULL,NULL,''),(632802,6328,2,'德令哈','de ling ha','delh','德令哈市',NULL,NULL,''),(632821,6328,2,'乌兰','wu lan','wul','乌兰县',NULL,NULL,''),(632822,6328,2,'都兰','du lan','dul','都兰县',NULL,NULL,''),(632823,6328,2,'天峻','tian jun','tij','天峻县',NULL,NULL,''),(632857,6328,2,'大柴旦行政委员会','da chai dan xing zheng wei yuan hui','dacd','大柴旦行政委员会',NULL,NULL,''),(632858,6328,2,'冷湖行政委员会','leng hu xing zheng wei yuan hui','lehx','冷湖行政委员会',NULL,NULL,''),(632859,6328,2,'茫崖行政委员会','mang ya xing zheng wei yuan hui','mayx','茫崖行政委员会',NULL,NULL,''),(640104,6401,2,'兴庆','xing qing','xiq','兴庆区',NULL,NULL,''),(640105,6401,2,'西夏','xi xia','xix','西夏区',NULL,NULL,''),(640106,6401,2,'金凤','jin feng','jif','金凤区',NULL,NULL,''),(640121,6401,2,'永宁','yong ning','yon','永宁县',NULL,NULL,''),(640122,6401,2,'贺兰','he lan','hel','贺兰县',NULL,NULL,''),(640181,6401,2,'灵武','ling wu','liw','灵武市',NULL,NULL,''),(640202,6402,2,'大武口','da wu kou','dawk','大武口区',NULL,NULL,''),(640205,6402,2,'惠农','hui nong','hun','惠农区',NULL,NULL,''),(640221,6402,2,'平罗','ping luo','pil','平罗县',NULL,NULL,''),(640302,6403,2,'利通','li tong','lit','利通区',NULL,NULL,''),(640303,6403,2,'红寺堡','hong si bu','hosb','红寺堡区',NULL,NULL,''),(640323,6403,2,'盐池','yan chi','yac','盐池县',NULL,NULL,''),(640324,6403,2,'同心','tong xin','tox','同心县',NULL,NULL,''),(640381,6403,2,'青铜峡','qing tong xia','qitx','青铜峡市',NULL,NULL,''),(640402,6404,2,'原州','yuan zhou','yuz','原州区',NULL,NULL,''),(640422,6404,2,'西吉','xi ji','xij','西吉县',NULL,NULL,''),(640423,6404,2,'隆德','long de','lod','隆德县',NULL,NULL,''),(640424,6404,2,'泾源','jing yuan','jiy','泾源县',NULL,NULL,''),(640425,6404,2,'彭阳','peng yang','pey','彭阳县',NULL,NULL,''),(640502,6405,2,'沙坡头','sha po tou','shpt','沙坡头区',NULL,NULL,''),(640521,6405,2,'中宁','zhong ning','zhn','中宁县',NULL,NULL,''),(640522,6405,2,'海原','hai yuan','hay','海原县',NULL,NULL,''),(650102,6501,2,'天山','tian shan','tis','天山区',NULL,NULL,''),(650103,6501,2,'沙依巴克','sha yi ba ke','shyb','沙依巴克区',NULL,NULL,''),(650104,6501,2,'新市','xin shi','xis','新市区',NULL,NULL,''),(650105,6501,2,'水磨沟','shui mo gou','shmg','水磨沟区',NULL,NULL,''),(650106,6501,2,'头屯河','tou tun he','toth','头屯河区',NULL,NULL,''),(650107,6501,2,'达坂城','da ban cheng','dabc','达坂城区',NULL,NULL,''),(650109,6501,2,'米东','mi dong','mid','米东区',NULL,NULL,''),(650121,6501,2,'乌鲁木齐','wu lu mu qi','wulm','乌鲁木齐县',NULL,NULL,''),(650171,6501,2,'乌鲁木齐经济技术开发区','wu lu mu qi jing ji ji shu kai fa qu','wulm','乌鲁木齐经济技术开发区',NULL,NULL,''),(650172,6501,2,'乌鲁木齐高新技术产业开发区','wu lu mu qi gao xin ji shu chan ye kai fa qu','wulm','乌鲁木齐高新技术产业开发区',NULL,NULL,''),(650202,6502,2,'独山子','du shan zi','dusz','独山子区',NULL,NULL,''),(650203,6502,2,'克拉玛依','ke la ma yi','kelm','克拉玛依区',NULL,NULL,''),(650204,6502,2,'白碱滩','bai jian tan','bajt','白碱滩区',NULL,NULL,''),(650205,6502,2,'乌尔禾','wu er he','wueh','乌尔禾区',NULL,NULL,''),(650402,6504,2,'高昌','gao chang','gac','高昌区',NULL,NULL,''),(650421,6504,2,'鄯善','shan shan','shs','鄯善县',NULL,NULL,''),(650422,6504,2,'托克逊','tuo ke xun','tukx','托克逊县',NULL,NULL,''),(650502,6505,2,'伊州','yi zhou','yiz','伊州区',NULL,NULL,''),(650521,6505,2,'巴里坤哈萨克自治县','ba li kun ha sa ke zi zhi xian','balk','巴里坤哈萨克自治县',NULL,NULL,''),(650522,6505,2,'伊吾','yi wu','yiw','伊吾县',NULL,NULL,''),(652301,6523,2,'昌吉','chang ji','chj','昌吉市',NULL,NULL,''),(652302,6523,2,'阜康','fu kang','fuk','阜康市',NULL,NULL,''),(652323,6523,2,'呼图壁','hu tu bi','hutb','呼图壁县',NULL,NULL,''),(652324,6523,2,'玛纳斯','ma na si','mans','玛纳斯县',NULL,NULL,''),(652325,6523,2,'奇台','qi tai','qit','奇台县',NULL,NULL,''),(652327,6523,2,'吉木萨尔','ji mu sa er','jims','吉木萨尔县',NULL,NULL,''),(652328,6523,2,'木垒哈萨克自治县','mu lei ha sa ke zi zhi xian','mulh','木垒哈萨克自治县',NULL,NULL,''),(652701,6527,2,'博乐','bo le','bol','博乐市',NULL,NULL,''),(652702,6527,2,'阿拉山口','a la shan kou','als','阿拉山口市',NULL,NULL,''),(652722,6527,2,'精河','jing he','jih','精河县',NULL,NULL,''),(652723,6527,2,'温泉','wen quan','weq','温泉县',NULL,NULL,''),(652801,6528,2,'库尔勒','ku er le','kuel','库尔勒市',NULL,NULL,''),(652822,6528,2,'轮台','lun tai','lut','轮台县',NULL,NULL,''),(652823,6528,2,'尉犁','yu li','yul','尉犁县',NULL,NULL,''),(652824,6528,2,'若羌','ruo qiang','ruq','若羌县',NULL,NULL,''),(652825,6528,2,'且末','qie mo','qim','且末县',NULL,NULL,''),(652826,6528,2,'焉耆回族自治县','yan qi hui zu zi zhi xian','yaqh','焉耆回族自治县',NULL,NULL,''),(652827,6528,2,'和静','he jing','hej','和静县',NULL,NULL,''),(652828,6528,2,'和硕','he shuo','hes','和硕县',NULL,NULL,''),(652829,6528,2,'博湖','bo hu','boh','博湖县',NULL,NULL,''),(652871,6528,2,'库尔勒经济技术开发区','ku er le jing ji ji shu kai fa qu','kuel','库尔勒经济技术开发区',NULL,NULL,''),(652901,6529,2,'阿克苏','a ke su','aks','阿克苏市',NULL,NULL,''),(652922,6529,2,'温宿','wen su','wes','温宿县',NULL,NULL,''),(652923,6529,2,'库车','ku che','kuc','库车县',NULL,NULL,''),(652924,6529,2,'沙雅','sha ya','shy','沙雅县',NULL,NULL,''),(652925,6529,2,'新和','xin he','xih','新和县',NULL,NULL,''),(652926,6529,2,'拜城','bai cheng','bac','拜城县',NULL,NULL,''),(652927,6529,2,'乌什','wu shi','wus','乌什县',NULL,NULL,''),(652928,6529,2,'阿瓦提','a wa ti','awt','阿瓦提县',NULL,NULL,''),(652929,6529,2,'柯坪','ke ping','kep','柯坪县',NULL,NULL,''),(653001,6530,2,'阿图什','a tu shi','ats','阿图什市',NULL,NULL,''),(653022,6530,2,'阿克陶','a ke tao','akt','阿克陶县',NULL,NULL,''),(653023,6530,2,'阿合奇','a he qi','ahq','阿合奇县',NULL,NULL,''),(653024,6530,2,'乌恰','wu qia','wuq','乌恰县',NULL,NULL,''),(653101,6531,2,'喀什','ka shi','kas','喀什市',NULL,NULL,''),(653121,6531,2,'疏附','shu fu','shf','疏附县',NULL,NULL,''),(653122,6531,2,'疏勒','shu le','shl','疏勒县',NULL,NULL,''),(653123,6531,2,'英吉沙','ying ji sha','yijs','英吉沙县',NULL,NULL,''),(653124,6531,2,'泽普','ze pu','zep','泽普县',NULL,NULL,''),(653125,6531,2,'莎车','sha che','shc','莎车县',NULL,NULL,''),(653126,6531,2,'叶城','ye cheng','yec','叶城县',NULL,NULL,''),(653127,6531,2,'麦盖提','mai gai ti','magt','麦盖提县',NULL,NULL,''),(653128,6531,2,'岳普湖','yue pu hu','yuph','岳普湖县',NULL,NULL,''),(653129,6531,2,'伽师','jia shi','jis','伽师县',NULL,NULL,''),(653130,6531,2,'巴楚','ba chu','bac','巴楚县',NULL,NULL,''),(653131,6531,2,'塔什库尔干塔吉克自治县','ta shi ku er gan ta ji ke zi zhi xian','task','塔什库尔干塔吉克自治县',NULL,NULL,''),(653201,6532,2,'和田市','he tian shi','hets','和田市',NULL,NULL,''),(653221,6532,2,'和田县','he tian xian','hetx','和田县',NULL,NULL,''),(653222,6532,2,'墨玉','mo yu','moy','墨玉县',NULL,NULL,''),(653223,6532,2,'皮山','pi shan','pis','皮山县',NULL,NULL,''),(653224,6532,2,'洛浦','luo pu','lup','洛浦县',NULL,NULL,''),(653225,6532,2,'策勒','ce le','cel','策勒县',NULL,NULL,''),(653226,6532,2,'于田','yu tian','yut','于田县',NULL,NULL,''),(653227,6532,2,'民丰','min feng','mif','民丰县',NULL,NULL,''),(654002,6540,2,'伊宁市','yi ning shi','yins','伊宁市',NULL,NULL,''),(654003,6540,2,'奎屯','kui tun','kut','奎屯市',NULL,NULL,''),(654004,6540,2,'霍尔果斯','huo er guo si','hueg','霍尔果斯市',NULL,NULL,''),(654021,6540,2,'伊宁县','yi ning xian','yinx','伊宁县',NULL,NULL,''),(654022,6540,2,'察布查尔锡伯自治县','cha bu cha er xi bo zi zhi xian','chbc','察布查尔锡伯自治县',NULL,NULL,''),(654023,6540,2,'霍城','huo cheng','huc','霍城县',NULL,NULL,''),(654024,6540,2,'巩留','gong liu','gol','巩留县',NULL,NULL,''),(654025,6540,2,'新源','xin yuan','xiy','新源县',NULL,NULL,''),(654026,6540,2,'昭苏','zhao su','zhs','昭苏县',NULL,NULL,''),(654027,6540,2,'特克斯','te ke si','teks','特克斯县',NULL,NULL,''),(654028,6540,2,'尼勒克','ni le ke','nilk','尼勒克县',NULL,NULL,''),(654201,6542,2,'塔城','ta cheng','tac','塔城市',NULL,NULL,''),(654202,6542,2,'乌苏','wu su','wus','乌苏市',NULL,NULL,''),(654221,6542,2,'额敏','e min','em','额敏县',NULL,NULL,''),(654223,6542,2,'沙湾','sha wan','shw','沙湾县',NULL,NULL,''),(654224,6542,2,'托里','tuo li','tul','托里县',NULL,NULL,''),(654225,6542,2,'裕民','yu min','yum','裕民县',NULL,NULL,''),(654226,6542,2,'和布克赛尔蒙古自治县','he bu ke sai er meng gu zi zhi xian','hebk','和布克赛尔蒙古自治县',NULL,NULL,''),(654301,6543,2,'阿勒泰','a le tai','alt','阿勒泰市',NULL,NULL,''),(654321,6543,2,'布尔津','bu er jin','buej','布尔津县',NULL,NULL,''),(654322,6543,2,'富蕴','fu yun','fuy','富蕴县',NULL,NULL,''),(654323,6543,2,'福海','fu hai','fuh','福海县',NULL,NULL,''),(654324,6543,2,'哈巴河','ha ba he','habh','哈巴河县',NULL,NULL,''),(654325,6543,2,'青河','qing he','qih','青河县',NULL,NULL,''),(654326,6543,2,'吉木乃','ji mu nai','jimn','吉木乃县',NULL,NULL,''),(659001,6590,2,'石河子','shi he zi','shhz','石河子市',NULL,NULL,''),(659002,6590,2,'阿拉尔','a la er','ale','阿拉尔市',NULL,NULL,''),(659003,6590,2,'图木舒克','tu mu shu ke','tums','图木舒克市',NULL,NULL,''),(659004,6590,2,'五家渠','wu jia qu','wujq','五家渠市',NULL,NULL,''),(659006,6590,2,'铁门关','tie men guan','timg','铁门关市',NULL,NULL,''),(900100,9001,2,'香港','xiang gang','xig','',NULL,NULL,''),(900200,9002,2,'澳门','ao men','aom','',NULL,NULL,''),(900300,9003,2,'台湾','tai wan','taw','',NULL,NULL,''),(910100,9101,2,'海外','hai wai','haw','',NULL,NULL,'');
/*!40000 ALTER TABLE `districts` ENABLE KEYS */;
UNLOCK TABLES;

--
-- Table structure for table `gen_table`
--

DROP TABLE IF EXISTS `gen_table`;
/*!40101 SET @saved_cs_client     = @@character_set_client */;
/*!40101 SET character_set_client = utf8 */;
CREATE TABLE `gen_table` (
  `table_id` bigint(20) NOT NULL AUTO_INCREMENT COMMENT '编号',
  `table_name` varchar(200) DEFAULT '' COMMENT '表名称',
  `table_comment` varchar(500) DEFAULT '' COMMENT '表描述',
  `class_name` varchar(100) DEFAULT '' COMMENT '实体类名称',
  `tpl_category` varchar(200) DEFAULT 'crud' COMMENT '使用的模板（crud单表操作 tree树表操作）',
  `package_name` varchar(100) DEFAULT NULL COMMENT '生成包路径',
  `module_name` varchar(30) DEFAULT NULL COMMENT '生成模块名',
  `business_name` varchar(30) DEFAULT NULL COMMENT '生成业务名',
  `function_name` varchar(50) DEFAULT NULL COMMENT '生成功能名',
  `function_author` varchar(50) DEFAULT NULL COMMENT '生成功能作者',
  `options` varchar(1000) DEFAULT NULL COMMENT '其它生成选项',
  `create_by` varchar(64) DEFAULT '' COMMENT '创建者',
  `create_time` datetime DEFAULT NULL COMMENT '创建时间',
  `update_by` varchar(64) DEFAULT '' COMMENT '更新者',
  `update_time` datetime DEFAULT NULL COMMENT '更新时间',
  `remark` varchar(500) DEFAULT NULL COMMENT '备注',
  PRIMARY KEY (`table_id`) USING BTREE
) ENGINE=InnoDB AUTO_INCREMENT=20 DEFAULT CHARSET=utf8mb4 ROW_FORMAT=DYNAMIC COMMENT='代码生成业务表';
/*!40101 SET character_set_client = @saved_cs_client */;

--
-- Dumping data for table `gen_table`
--

LOCK TABLES `gen_table` WRITE;
/*!40000 ALTER TABLE `gen_table` DISABLE KEYS */;
INSERT INTO `gen_table` VALUES (1,'store_goods_cate','商城商品分类','StoreGoodsCate','tree','com.ruoyi.shop','shop','cate','商城商品分类','hupeng','{\"treeName\":\"cate_title\",\"treeParentCode\":\"pid\",\"treeCode\":\"id\"}','admin','2019-08-22 09:59:25','','2019-08-22 11:04:52',''),(2,'store_goods_brand','产品品牌','StoreGoodsBrand','crud','com.ruoyi.shop','shop','brand','产品品牌','hupeng','{\"treeName\":\"\",\"treeParentCode\":\"\",\"treeCode\":\"\"}','admin','2019-08-23 18:21:24','','2019-08-23 18:24:11',''),(3,'store_goods_type','商品类型(商品模型)表','StoreGoodsType','crud','com.ruoyi.shop','shop','type','商品类型(商品模型)','hupeng','{\"treeName\":\"\",\"treeParentCode\":\"\",\"treeCode\":\"\"}','admin','2019-08-24 14:16:00','','2019-08-24 14:16:23',''),(4,'store_goods_attribute','商品的属性表(独立)','StoreGoodsAttribute','crud','com.ruoyi.shop','shop','attribute','商品的属性(独立)','hupeng','{\"treeName\":\"\",\"treeParentCode\":\"\",\"treeCode\":\"\"}','admin','2019-08-24 14:44:41','','2019-08-24 14:47:04',''),(5,'store_spec','商品规格表(独立)','StoreSpec','crud','com.ruoyi.shop','shop','spec','商品规格(独立)','hupeng','{\"treeName\":\"\",\"treeParentCode\":\"\",\"treeCode\":\"\"}','admin','2019-08-25 09:40:12','','2019-08-25 09:45:36',''),(6,'store_spec_goods_price','商品规格关联价格表','StoreSpecGoodsPrice','crud','com.ruoyi.shop','shop','price','商品规格关联价格','hupeng',NULL,'admin','2019-08-25 09:40:12','',NULL,NULL),(7,'store_spec_item','规格项','StoreSpecItem','crud','com.ruoyi.shop','shop','item','规格项','hupeng',NULL,'admin','2019-08-25 09:40:12','',NULL,NULL),(8,'store_goods','商品主表','StoreGoods','crud','com.ruoyi.shop','shop','goods','商品主','hupeng','{\"treeName\":\"\",\"treeParentCode\":\"\",\"treeCode\":\"\"}','admin','2019-08-25 14:00:14','','2019-08-25 14:14:00',''),(9,'store_goods_attr','商品关联的属性表(与商品相关)','StoreGoodsAttr','crud','com.ruoyi.shop','shop','attr','商品关联的属性(与商品相关)','hupeng',NULL,'admin','2019-08-26 13:38:54','',NULL,NULL),(10,'store_coupon','优惠券主表','StoreCoupon','crud','com.ruoyi.shop','shop','coupon','优惠券主','hupeng','{\"treeName\":\"\",\"treeParentCode\":\"\",\"treeCode\":\"\"}','admin','2019-08-29 19:16:19','','2019-08-29 19:22:06',''),(11,'store_coupon_list','优惠券记录表','StoreCouponList','crud','com.ruoyi.shop','shop','list','优惠券记录','hupeng',NULL,'admin','2019-08-29 19:16:19','',NULL,NULL),(12,'store_order','订单主表','StoreOrder','crud','com.ruoyi.shop','shop','order','订单主','hupeng','{\"treeName\":\"\",\"treeParentCode\":\"\",\"treeCode\":\"\"}','admin','2019-08-29 19:45:09','','2019-08-29 19:53:53',''),(13,'store_order_goods','订单商品表与订单主表关联','StoreOrderGoods','crud','com.ruoyi.shop','shop','goods','订单商品与订单主关联','hupeng',NULL,'admin','2019-08-29 19:45:10','',NULL,NULL),(14,'store_order_goods_remark','订单商品备注表','StoreOrderGoodsRemark','crud','com.ruoyi.shop','shop','remark','订单商品备注','hupeng',NULL,'admin','2019-08-29 19:45:10','',NULL,NULL),(15,'store_member','商城会员信息','StoreMember','crud','com.ruoyi.shop','shop','member','商城会员信息','hupeng','{\"treeName\":\"\",\"treeParentCode\":\"\",\"treeCode\":\"\"}','admin','2019-08-30 13:40:31','','2019-08-30 13:44:56',''),(16,'wechat_news','微信图文表','WechatNews','crud','com.ruoyi.system','system','news','微信图文','ruoyi',NULL,'admin','2019-10-20 03:11:57','',NULL,NULL),(17,'wechat_news_article','微信素材表','WechatNewsArticle','crud','com.ruoyi.system','system','article','微信素材','ruoyi',NULL,'admin','2019-10-20 03:11:57','',NULL,NULL),(18,'wechat_news_image','微信服务器图片','WechatNewsImage','crud','com.ruoyi.system','system','image','微信服务器图片','ruoyi',NULL,'admin','2019-10-20 03:11:57','',NULL,NULL),(19,'wechat_news_media','微信素材表','WechatNewsMedia','crud','com.ruoyi.system','system','media','微信素材','ruoyi',NULL,'admin','2019-10-20 03:11:58','',NULL,NULL);
/*!40000 ALTER TABLE `gen_table` ENABLE KEYS */;
UNLOCK TABLES;

--
-- Table structure for table `gen_table_column`
--

DROP TABLE IF EXISTS `gen_table_column`;
/*!40101 SET @saved_cs_client     = @@character_set_client */;
/*!40101 SET character_set_client = utf8 */;
CREATE TABLE `gen_table_column` (
  `column_id` bigint(20) NOT NULL AUTO_INCREMENT COMMENT '编号',
  `table_id` varchar(64) DEFAULT NULL COMMENT '归属表编号',
  `column_name` varchar(200) DEFAULT NULL COMMENT '列名称',
  `column_comment` varchar(500) DEFAULT NULL COMMENT '列描述',
  `column_type` varchar(100) DEFAULT NULL COMMENT '列类型',
  `java_type` varchar(500) DEFAULT NULL COMMENT 'JAVA类型',
  `java_field` varchar(200) DEFAULT NULL COMMENT 'JAVA字段名',
  `is_pk` char(1) DEFAULT NULL COMMENT '是否主键（1是）',
  `is_increment` char(1) DEFAULT NULL COMMENT '是否自增（1是）',
  `is_required` char(1) DEFAULT NULL COMMENT '是否必填（1是）',
  `is_insert` char(1) DEFAULT NULL COMMENT '是否为插入字段（1是）',
  `is_edit` char(1) DEFAULT NULL COMMENT '是否编辑字段（1是）',
  `is_list` char(1) DEFAULT NULL COMMENT '是否列表字段（1是）',
  `is_query` char(1) DEFAULT NULL COMMENT '是否查询字段（1是）',
  `query_type` varchar(200) DEFAULT 'EQ' COMMENT '查询方式（等于、不等于、大于、小于、范围）',
  `html_type` varchar(200) DEFAULT NULL COMMENT '显示类型（文本框、文本域、下拉框、复选框、单选框、日期控件）',
  `dict_type` varchar(200) DEFAULT '' COMMENT '字典类型',
  `sort` int(11) DEFAULT NULL COMMENT '排序',
  `create_by` varchar(64) DEFAULT '' COMMENT '创建者',
  `create_time` datetime DEFAULT NULL COMMENT '创建时间',
  `update_by` varchar(64) DEFAULT '' COMMENT '更新者',
  `update_time` datetime DEFAULT NULL COMMENT '更新时间',
  PRIMARY KEY (`column_id`) USING BTREE
) ENGINE=InnoDB AUTO_INCREMENT=253 DEFAULT CHARSET=utf8mb4 ROW_FORMAT=DYNAMIC COMMENT='代码生成业务表字段';
/*!40101 SET character_set_client = @saved_cs_client */;

--
-- Dumping data for table `gen_table_column`
--

LOCK TABLES `gen_table_column` WRITE;
/*!40000 ALTER TABLE `gen_table_column` DISABLE KEYS */;
INSERT INTO `gen_table_column` VALUES (1,'1','id','null','bigint(20) unsigned','Long','id','1','1',NULL,'1',NULL,NULL,NULL,'EQ','input','',1,'admin','2019-08-22 09:59:25',NULL,'2019-08-22 11:04:52'),(2,'1','pid','上级分类编号','bigint(20) unsigned','Long','pid','0','0',NULL,'1','1','1','1','EQ','input','',2,'admin','2019-08-22 09:59:25',NULL,'2019-08-22 11:04:52'),(3,'1','brand_id','品牌ID','bigint(20)','Long','brandId','0','0',NULL,NULL,NULL,NULL,NULL,'EQ','input','',3,'admin','2019-08-22 09:59:25',NULL,'2019-08-22 11:04:52'),(4,'1','cate_title','商品分类名称','varchar(255)','String','cateTitle','0','0',NULL,'1','1','1','1','EQ','input','',4,'admin','2019-08-22 09:59:25',NULL,'2019-08-22 11:04:52'),(5,'1','cate_desc','商品描述','text','String','cateDesc','0','0',NULL,'1','1','1',NULL,'EQ','textarea','',5,'admin','2019-08-22 09:59:25',NULL,'2019-08-22 11:04:52'),(6,'1','img_url','缩略图url','varchar(200)','String','imgUrl','0','0',NULL,'1','1',NULL,NULL,'EQ','input','',6,'admin','2019-08-22 09:59:25',NULL,'2019-08-22 11:04:52'),(7,'1','sort','商品分类排序','bigint(20) unsigned','Long','sort','0','0',NULL,'1','1','1',NULL,'EQ','input','',7,'admin','2019-08-22 09:59:25',NULL,'2019-08-22 11:04:52'),(8,'1','status','分类状态','bigint(1) unsigned','Integer','status','0','0',NULL,NULL,NULL,'1',NULL,'EQ','radio','',8,'admin','2019-08-22 09:59:25',NULL,'2019-08-22 11:04:52'),(9,'1','is_deleted','删除状态(1删除,0未删除)','bigint(1) unsigned','Integer','isDeleted','0','0',NULL,NULL,NULL,NULL,NULL,'EQ','input','',9,'admin','2019-08-22 09:59:25',NULL,'2019-08-22 11:04:52'),(10,'1','create_at','创建时间','timestamp','Date','createAt','0','0',NULL,NULL,NULL,'1',NULL,'EQ','datetime','',10,'admin','2019-08-22 09:59:25',NULL,'2019-08-22 11:04:52'),(11,'2','id','null','int(11) unsigned','Long','id','1','1',NULL,'1',NULL,NULL,NULL,'EQ','input','',1,'admin','2019-08-23 18:21:25',NULL,'2019-08-23 18:24:11'),(12,'2','brand_logo','品牌logo','varchar(1024)','String','brandLogo','0','0',NULL,'1','1',NULL,NULL,'EQ','textarea','',2,'admin','2019-08-23 18:21:25',NULL,'2019-08-23 18:24:11'),(13,'2','brand_cover','品牌封面','varchar(1024)','String','brandCover','0','0',NULL,NULL,NULL,NULL,NULL,'EQ','textarea','',3,'admin','2019-08-23 18:21:25',NULL,'2019-08-23 18:24:11'),(14,'2','brand_title','商品品牌名称','varchar(255)','String','brandTitle','0','0',NULL,'1','1','1','1','EQ','input','',4,'admin','2019-08-23 18:21:25',NULL,'2019-08-23 18:24:11'),(15,'2','brand_desc','商品品牌描述','text','String','brandDesc','0','0',NULL,'1','1',NULL,NULL,'EQ','input','',5,'admin','2019-08-23 18:21:25',NULL,'2019-08-23 18:24:11'),(16,'2','brand_detail','品牌图文信息','text','String','brandDetail','0','0',NULL,NULL,NULL,NULL,NULL,'EQ','input','',6,'admin','2019-08-23 18:21:25',NULL,'2019-08-23 18:24:11'),(17,'2','sort','商品分类排序','int(11) unsigned','Long','sort','0','0',NULL,NULL,NULL,NULL,NULL,'EQ','input','',7,'admin','2019-08-23 18:21:25',NULL,'2019-08-23 18:24:11'),(18,'2','status','商品状态','tinyint(1) unsigned','Integer','status','0','0',NULL,NULL,NULL,'1',NULL,'EQ','radio','',8,'admin','2019-08-23 18:21:25',NULL,'2019-08-23 18:24:11'),(19,'2','is_deleted','删除状态(1删除,0未删除)','tinyint(1) unsigned','Integer','isDeleted','0','0',NULL,NULL,NULL,NULL,NULL,'EQ','input','',9,'admin','2019-08-23 18:21:25',NULL,'2019-08-23 18:24:11'),(20,'2','create_at','创建时间','timestamp','Date','createAt','0','0',NULL,NULL,NULL,'1',NULL,'EQ','datetime','',10,'admin','2019-08-23 18:21:25',NULL,'2019-08-23 18:24:11'),(21,'3','id','id自增','smallint(5) unsigned','Integer','id','1','1',NULL,'1',NULL,NULL,NULL,'EQ','input','',1,'admin','2019-08-24 14:16:00',NULL,'2019-08-24 14:16:23'),(22,'3','name','类型名称','varchar(60)','String','name','0','0','1','1','1','1','1','LIKE','input','',2,'admin','2019-08-24 14:16:00',NULL,'2019-08-24 14:16:23'),(23,'4','attr_id','属性id','int(11) unsigned','Long','attrId','1','1',NULL,'1',NULL,NULL,NULL,'EQ','input','',1,'admin','2019-08-24 14:44:41',NULL,'2019-08-24 14:47:04'),(24,'4','attr_name','属性名称','varchar(60)','String','attrName','0','0','1','1','1','1','1','LIKE','input','',2,'admin','2019-08-24 14:44:41',NULL,'2019-08-24 14:47:04'),(25,'4','type_id','属性分类id(商品模型id)','smallint(5) unsigned','Integer','typeId','0','0','1','1','1','1',NULL,'EQ','input','',3,'admin','2019-08-24 14:44:41',NULL,'2019-08-24 14:47:04'),(26,'4','attr_index','0不需要检索 1关键字检索 2范围检索','tinyint(1) unsigned','Integer','attrIndex','0','0','1',NULL,NULL,NULL,NULL,'EQ','input','',4,'admin','2019-08-24 14:44:41',NULL,'2019-08-24 14:47:04'),(27,'4','attr_type','0唯一属性 1单选属性 2复选属性','tinyint(1) unsigned','Integer','attrType','0','0','1',NULL,NULL,NULL,NULL,'EQ','select','',5,'admin','2019-08-24 14:44:41',NULL,'2019-08-24 14:47:04'),(28,'4','attr_input_type','0 手工录入 1从列表中选择 2多行文本框','tinyint(1) unsigned','Integer','attrInputType','0','0','1',NULL,NULL,NULL,NULL,'EQ','select','',6,'admin','2019-08-24 14:44:41',NULL,'2019-08-24 14:47:04'),(29,'4','attr_values','可选值列表','text','String','attrValues','0','0','1',NULL,NULL,NULL,NULL,'EQ','input','',7,'admin','2019-08-24 14:44:41',NULL,'2019-08-24 14:47:04'),(30,'4','sort','属性排序','tinyint(3) unsigned','Integer','sort','0','0','1',NULL,NULL,NULL,NULL,'EQ','input','',8,'admin','2019-08-24 14:44:41',NULL,'2019-08-24 14:47:04'),(31,'5','id','规格表','int(11)','Long','id','1','1',NULL,'1',NULL,NULL,NULL,'EQ','input','',1,'admin','2019-08-25 09:40:12',NULL,'2019-08-25 09:45:36'),(32,'5','type_id','规格类型','int(11)','Long','typeId','0','0',NULL,'1','1','1',NULL,'EQ','select','',2,'admin','2019-08-25 09:40:12',NULL,'2019-08-25 09:45:36'),(33,'5','name','规格名称','varchar(55)','String','name','0','0',NULL,'1','1','1','1','LIKE','input','',3,'admin','2019-08-25 09:40:12',NULL,'2019-08-25 09:45:36'),(34,'5','sort','排序','int(11)','Long','sort','0','0',NULL,NULL,NULL,NULL,NULL,'EQ','input','',4,'admin','2019-08-25 09:40:12',NULL,'2019-08-25 09:45:36'),(35,'5','search_index','是否需要检索：1是，0否','tinyint(1)','Integer','searchIndex','0','0',NULL,NULL,NULL,NULL,NULL,'EQ','input','',5,'admin','2019-08-25 09:40:12',NULL,'2019-08-25 09:45:36'),(36,'6','item_id','规格商品id','bigint(20) unsigned','Long','itemId','1','1',NULL,'1',NULL,NULL,NULL,'EQ','input','',1,'admin','2019-08-25 09:40:12','',NULL),(37,'6','goods_id','商品id','int(11)','Long','goodsId','0','0',NULL,'1','1','1','1','EQ','input','',2,'admin','2019-08-25 09:40:12','',NULL),(38,'6','key','规格键名','varchar(255)','String','key','0','0',NULL,'1','1','1','1','EQ','input','',3,'admin','2019-08-25 09:40:12','',NULL),(39,'6','key_name','规格键名中文','varchar(255)','String','keyName','0','0',NULL,'1','1','1','1','LIKE','input','',4,'admin','2019-08-25 09:40:12','',NULL),(40,'6','price','价格(供货价格)','decimal(10,2)','Double','price','0','0',NULL,'1','1','1','1','EQ','input','',5,'admin','2019-08-25 09:40:12','',NULL),(41,'6','market_price','零售价格','double(10,2) unsigned','Double','marketPrice','0','0',NULL,'1','1','1','1','EQ','input','',6,'admin','2019-08-25 09:40:12','',NULL),(42,'6','store_count','库存数量','int(11) unsigned','Long','storeCount','0','0',NULL,'1','1','1','1','EQ','input','',7,'admin','2019-08-25 09:40:12','',NULL),(43,'6','bar_code','商品条形码','varchar(32)','String','barCode','0','0',NULL,'1','1','1','1','EQ','input','',8,'admin','2019-08-25 09:40:12','',NULL),(44,'6','sku','SKU','varchar(128)','String','sku','0','0',NULL,'1','1','1','1','EQ','input','',9,'admin','2019-08-25 09:40:12','',NULL),(45,'6','spec_img','规格商品主图','varchar(255)','String','specImg','0','0',NULL,'1','1','1','1','EQ','input','',10,'admin','2019-08-25 09:40:12','',NULL),(46,'6','prom_id','活动id','int(10)','Integer','promId','0','0',NULL,'1','1','1','1','EQ','input','',11,'admin','2019-08-25 09:40:12','',NULL),(47,'6','prom_type','参加活动类型','tinyint(2)','Integer','promType','0','0',NULL,'1','1','1','1','EQ','select','',12,'admin','2019-08-25 09:40:12','',NULL),(48,'7','id','规格项id','int(11)','Long','id','1','1',NULL,'1',NULL,NULL,NULL,'EQ','input','',1,'admin','2019-08-25 09:40:12','',NULL),(49,'7','spec_id','规格id','int(11)','Long','specId','0','0',NULL,'1','1','1','1','EQ','input','',2,'admin','2019-08-25 09:40:12','',NULL),(50,'7','item','规格项','varchar(54)','String','item','0','0',NULL,'1','1','1','1','EQ','input','',3,'admin','2019-08-25 09:40:12','',NULL),(51,'8','goods_id','商品id','mediumint(8) unsigned','Integer','goodsId','1','1',NULL,'1',NULL,NULL,NULL,'EQ','input','',1,'admin','2019-08-25 14:00:15',NULL,'2019-08-25 14:14:00'),(52,'8','cate_id','分类id','int(11) unsigned','Long','cateId','0','0','1','1','1','1',NULL,'EQ','select','',2,'admin','2019-08-25 14:00:15',NULL,'2019-08-25 14:14:00'),(53,'8','extend_cat_id','扩展分类id','int(11)','Long','extendCatId','0','0',NULL,NULL,NULL,NULL,NULL,'EQ','input','',3,'admin','2019-08-25 14:00:15',NULL,'2019-08-25 14:14:00'),(54,'8','goods_sn','商品编号','varchar(60)','String','goodsSn','0','0','1','1','1','1','1','EQ','input','',4,'admin','2019-08-25 14:00:15',NULL,'2019-08-25 14:14:00'),(55,'8','goods_name','商品名称','varchar(120)','String','goodsName','0','0','1','1','1','1','1','LIKE','input','',5,'admin','2019-08-25 14:00:15',NULL,'2019-08-25 14:14:00'),(56,'8','click_count','点击数','int(10) unsigned','Integer','clickCount','0','0','1',NULL,NULL,NULL,NULL,'EQ','input','',6,'admin','2019-08-25 14:00:15',NULL,'2019-08-25 14:14:00'),(57,'8','brand_id','品牌id','smallint(5) unsigned','Integer','brandId','0','0','1','1','1','1',NULL,'EQ','select','',7,'admin','2019-08-25 14:00:15',NULL,'2019-08-25 14:14:00'),(58,'8','store_count','库存数量','smallint(5)','Integer','storeCount','0','0','1',NULL,NULL,'1',NULL,'EQ','input','',8,'admin','2019-08-25 14:00:15',NULL,'2019-08-25 14:14:00'),(59,'8','comment_count','商品评论数','smallint(5)','Integer','commentCount','0','0',NULL,NULL,NULL,NULL,NULL,'EQ','input','',9,'admin','2019-08-25 14:00:15',NULL,'2019-08-25 14:14:00'),(60,'8','weight','商品重量克为单位','int(11) unsigned','Long','weight','0','0','1',NULL,NULL,NULL,NULL,'EQ','input','',10,'admin','2019-08-25 14:00:15',NULL,'2019-08-25 14:14:00'),(61,'8','volume','商品体积。单位立方米','double(10,4) unsigned','Double','volume','0','0','1',NULL,NULL,NULL,NULL,'EQ','input','',11,'admin','2019-08-25 14:00:15',NULL,'2019-08-25 14:14:00'),(62,'8','market_price','市场价(零售价)','decimal(10,2) unsigned','Double','marketPrice','0','0','1','1','1','1',NULL,'EQ','input','',12,'admin','2019-08-25 14:00:15',NULL,'2019-08-25 14:14:00'),(63,'8','shop_price','本店价(供货价)','decimal(10,2) unsigned','Double','shopPrice','0','0','1','1','1','1',NULL,'EQ','input','',13,'admin','2019-08-25 14:00:15',NULL,'2019-08-25 14:14:00'),(64,'8','cost_price','商品成本价','decimal(10,2)','Double','costPrice','0','0',NULL,NULL,NULL,NULL,NULL,'EQ','input','',14,'admin','2019-08-25 14:00:15',NULL,'2019-08-25 14:14:00'),(65,'8','price_ladder','价格阶梯','text','String','priceLadder','0','0',NULL,NULL,NULL,NULL,NULL,'EQ','input','',15,'admin','2019-08-25 14:00:15',NULL,'2019-08-25 14:14:00'),(66,'8','keywords','商品关键词','varchar(255)','String','keywords','0','0','1','1','1',NULL,NULL,'EQ','input','',16,'admin','2019-08-25 14:00:15',NULL,'2019-08-25 14:14:00'),(67,'8','goods_remark','商品简单描述','varchar(255)','String','goodsRemark','0','0','1','1','1',NULL,NULL,'EQ','textarea','',17,'admin','2019-08-25 14:00:15',NULL,'2019-08-25 14:14:00'),(68,'8','goods_content','商品详细描述','text','String','goodsContent','0','0',NULL,'1','1',NULL,NULL,'EQ','textarea','',18,'admin','2019-08-25 14:00:15',NULL,'2019-08-25 14:14:00'),(69,'8','mobile_content','手机端商品详情','text','String','mobileContent','0','0',NULL,NULL,NULL,NULL,NULL,'EQ','input','',19,'admin','2019-08-25 14:00:15',NULL,'2019-08-25 14:14:00'),(70,'8','goods_logo','商品上传原始图(主图)','varchar(255)','String','goodsLogo','0','0','1','1','1',NULL,NULL,'EQ','input','',20,'admin','2019-08-25 14:00:15',NULL,'2019-08-25 14:14:00'),(71,'8','is_virtual','是否为虚拟商品 1是，0否','tinyint(3) unsigned','Integer','isVirtual','0','0','1',NULL,NULL,NULL,NULL,'EQ','input','',21,'admin','2019-08-25 14:00:15',NULL,'2019-08-25 14:14:00'),(72,'8','virtual_indate','虚拟商品有效期','int(11)','Long','virtualIndate','0','0',NULL,NULL,NULL,NULL,NULL,'EQ','input','',22,'admin','2019-08-25 14:00:15',NULL,'2019-08-25 14:14:00'),(73,'8','virtual_limit','虚拟商品购买上限','smallint(6)','Integer','virtualLimit','0','0',NULL,NULL,NULL,NULL,NULL,'EQ','input','',23,'admin','2019-08-25 14:00:15',NULL,'2019-08-25 14:14:00'),(74,'8','virtual_refund','是否允许过期退款， 1是，0否','tinyint(1)','Integer','virtualRefund','0','0',NULL,NULL,NULL,NULL,NULL,'EQ','input','',24,'admin','2019-08-25 14:00:15',NULL,'2019-08-25 14:14:00'),(75,'8','is_on_sale','是否上架 0-未上架 1-销售中','tinyint(1) unsigned','Integer','isOnSale','0','0','1',NULL,NULL,'1',NULL,'EQ','input','',25,'admin','2019-08-25 14:00:15',NULL,'2019-08-25 14:14:00'),(76,'8','is_free_shipping','是否包邮0否1是','tinyint(1) unsigned','Integer','isFreeShipping','0','0','1',NULL,NULL,NULL,NULL,'EQ','input','',26,'admin','2019-08-25 14:00:15',NULL,'2019-08-25 14:14:00'),(77,'8','on_time','商品上架时间','int(10) unsigned','Integer','onTime','0','0','1',NULL,NULL,NULL,NULL,'EQ','input','',27,'admin','2019-08-25 14:00:15',NULL,'2019-08-25 14:14:00'),(78,'8','sort','商品排序','smallint(4) unsigned','Integer','sort','0','0','1','1','1','1',NULL,'EQ','input','',28,'admin','2019-08-25 14:00:15',NULL,'2019-08-25 14:14:00'),(79,'8','is_recommend','是否推荐0-未推荐 1-已推荐','tinyint(1) unsigned','Integer','isRecommend','0','0','1',NULL,NULL,'1',NULL,'EQ','input','',29,'admin','2019-08-25 14:00:15',NULL,'2019-08-25 14:14:00'),(80,'8','is_new','是否新品0-不是 1-是','tinyint(1) unsigned','Integer','isNew','0','0','1',NULL,NULL,'1',NULL,'EQ','input','',30,'admin','2019-08-25 14:00:15',NULL,'2019-08-25 14:14:00'),(81,'8','is_hot','是否热卖','tinyint(1)','Integer','isHot','0','0',NULL,NULL,NULL,NULL,NULL,'EQ','input','',31,'admin','2019-08-25 14:00:15',NULL,'2019-08-25 14:14:00'),(82,'8','last_update','最后更新时间','int(10) unsigned','Integer','lastUpdate','0','0','1',NULL,NULL,NULL,NULL,'EQ','input','',32,'admin','2019-08-25 14:00:15',NULL,'2019-08-25 14:14:00'),(83,'8','goods_type','商品所属类型id，取值表goods_type的id','smallint(5) unsigned','Integer','goodsType','0','0','1',NULL,NULL,NULL,NULL,'EQ','select','',33,'admin','2019-08-25 14:00:15',NULL,'2019-08-25 14:14:00'),(84,'8','spec_type','商品规格类型，取值表goods_type的id','smallint(5)','Integer','specType','0','0',NULL,NULL,NULL,NULL,NULL,'EQ','select','',34,'admin','2019-08-25 14:00:15',NULL,'2019-08-25 14:14:00'),(85,'8','give_integral','购买商品赠送积分','mediumint(8) unsigned','Integer','giveIntegral','0','0','1',NULL,NULL,NULL,NULL,'EQ','input','',35,'admin','2019-08-25 14:00:15',NULL,'2019-08-25 14:14:00'),(86,'8','exchange_integral','积分兑换：0不参与积分兑换，积分和现金的兑换比例见后台配置','int(10)','Integer','exchangeIntegral','0','0','1',NULL,NULL,NULL,NULL,'EQ','input','',36,'admin','2019-08-25 14:00:15',NULL,'2019-08-25 14:14:00'),(87,'8','suppliers_id','供货商ID','smallint(5) unsigned','Integer','suppliersId','0','0','1',NULL,NULL,NULL,NULL,'EQ','input','',37,'admin','2019-08-25 14:00:15',NULL,'2019-08-25 14:14:00'),(88,'8','sales_sum','商品销量','int(11)','Long','salesSum','0','0',NULL,NULL,NULL,NULL,NULL,'EQ','input','',38,'admin','2019-08-25 14:00:15',NULL,'2019-08-25 14:14:00'),(89,'8','prom_type','0默认1抢购2团购3优惠促销4预售5虚拟(5其实没用)6拼团','tinyint(1)','Integer','promType','0','0',NULL,NULL,NULL,NULL,NULL,'EQ','select','',39,'admin','2019-08-25 14:00:15',NULL,'2019-08-25 14:14:00'),(90,'8','prom_id','优惠活动id','int(11)','Long','promId','0','0','1',NULL,NULL,NULL,NULL,'EQ','input','',40,'admin','2019-08-25 14:00:15',NULL,'2019-08-25 14:14:00'),(91,'8','commission','佣金用于分销分成','decimal(10,2)','Double','commission','0','0',NULL,NULL,NULL,NULL,NULL,'EQ','input','',41,'admin','2019-08-25 14:00:15',NULL,'2019-08-25 14:14:00'),(92,'8','spu','SPU','varchar(128)','String','spu','0','0',NULL,NULL,NULL,NULL,NULL,'EQ','input','',42,'admin','2019-08-25 14:00:15',NULL,'2019-08-25 14:14:00'),(93,'8','sku','SKU','varchar(128)','String','sku','0','0',NULL,NULL,NULL,NULL,NULL,'EQ','input','',43,'admin','2019-08-25 14:00:15',NULL,'2019-08-25 14:14:00'),(94,'8','template_id','运费模板ID','int(11) unsigned','Long','templateId','0','0',NULL,NULL,NULL,NULL,NULL,'EQ','input','',44,'admin','2019-08-25 14:00:15',NULL,'2019-08-25 14:14:00'),(95,'8','goods_video','视频','varchar(255)','String','goodsVideo','0','0',NULL,NULL,NULL,NULL,NULL,'EQ','input','',45,'admin','2019-08-25 14:00:15',NULL,'2019-08-25 14:14:00'),(96,'9','goods_attr_id','商品属性id自增','int(10) unsigned','Integer','goodsAttrId','1','1',NULL,'1',NULL,NULL,NULL,'EQ','input','',1,'admin','2019-08-26 13:38:54','',NULL),(97,'9','goods_id','商品id','mediumint(8) unsigned','Integer','goodsId','0','0','1','1','1','1','1','EQ','input','',2,'admin','2019-08-26 13:38:54','',NULL),(98,'9','attr_id','属性id','smallint(5) unsigned','Integer','attrId','0','0','1','1','1','1','1','EQ','input','',3,'admin','2019-08-26 13:38:54','',NULL),(99,'9','attr_value','属性值','text','String','attrValue','0','0','1','1','1','1','1','EQ','input','',4,'admin','2019-08-26 13:38:54','',NULL),(100,'9','attr_price','属性价格','varchar(255)','String','attrPrice','0','0','1','1','1','1','1','EQ','input','',5,'admin','2019-08-26 13:38:54','',NULL),(101,'10','id','表id','int(8)','Integer','id','1','1',NULL,'1',NULL,NULL,NULL,'EQ','input','',1,'admin','2019-08-29 19:16:19',NULL,'2019-08-29 19:22:06'),(102,'10','name','优惠券名字','varchar(50)','String','name','0','0','1','1','1','1','1','LIKE','input','',2,'admin','2019-08-29 19:16:19',NULL,'2019-08-29 19:22:06'),(103,'10','type','发放类型 0下单赠送1 指定发放 2 免费领取 3线下发放','tinyint(1) unsigned','Integer','type','0','0','1',NULL,NULL,NULL,NULL,'EQ','select','',3,'admin','2019-08-29 19:16:19',NULL,'2019-08-29 19:22:06'),(104,'10','money','优惠券金额','decimal(10,2)','Double','money','0','0','1','1','1','1',NULL,'EQ','input','',4,'admin','2019-08-29 19:16:19',NULL,'2019-08-29 19:22:06'),(105,'10','condition','使用条件，满多少金额','decimal(10,2)','Double','condition','0','0','1','1','1','1',NULL,'EQ','input','',5,'admin','2019-08-29 19:16:19',NULL,'2019-08-29 19:22:06'),(106,'10','createnum','发放数量','int(11)','Long','createnum','0','0',NULL,'1','1','1',NULL,'EQ','input','',6,'admin','2019-08-29 19:16:19',NULL,'2019-08-29 19:22:06'),(107,'10','send_num','已领取数量','int(11)','Long','sendNum','0','0',NULL,NULL,NULL,'1',NULL,'EQ','input','',7,'admin','2019-08-29 19:16:19',NULL,'2019-08-29 19:22:06'),(108,'10','use_num','已使用数量','int(11)','Long','useNum','0','0',NULL,NULL,NULL,NULL,NULL,'EQ','input','',8,'admin','2019-08-29 19:16:19',NULL,'2019-08-29 19:22:06'),(109,'10','send_start_time','发放开始时间','int(11)','Long','sendStartTime','0','0',NULL,NULL,NULL,NULL,NULL,'EQ','input','',9,'admin','2019-08-29 19:16:19',NULL,'2019-08-29 19:22:06'),(110,'10','send_end_time','发放结束时间','int(11)','Long','sendEndTime','0','0',NULL,NULL,NULL,NULL,NULL,'EQ','input','',10,'admin','2019-08-29 19:16:19',NULL,'2019-08-29 19:22:06'),(111,'10','use_start_time','使用开始时间','int(11)','Long','useStartTime','0','0',NULL,'1','1','1',NULL,'EQ','datetime','',11,'admin','2019-08-29 19:16:19',NULL,'2019-08-29 19:22:06'),(112,'10','use_end_time','使用结束时间','int(11)','Long','useEndTime','0','0',NULL,'1','1','1',NULL,'EQ','datetime','',12,'admin','2019-08-29 19:16:19',NULL,'2019-08-29 19:22:06'),(113,'10','add_time','添加时间','int(11)','Long','addTime','0','0',NULL,NULL,NULL,NULL,NULL,'EQ','input','',13,'admin','2019-08-29 19:16:19',NULL,'2019-08-29 19:22:06'),(114,'10','status','状态：1有效,2无效','int(2)','Integer','status','0','0',NULL,NULL,NULL,NULL,NULL,'EQ','radio','',14,'admin','2019-08-29 19:16:19',NULL,'2019-08-29 19:22:06'),(115,'10','use_type','使用范围：0全店通用1指定商品可用2指定分类商品可用','tinyint(1)','Integer','useType','0','0',NULL,NULL,NULL,NULL,NULL,'EQ','select','',15,'admin','2019-08-29 19:16:19',NULL,'2019-08-29 19:22:06'),(116,'11','id','表id','int(8)','Integer','id','1','1',NULL,'1',NULL,NULL,NULL,'EQ','input','',1,'admin','2019-08-29 19:16:19','',NULL),(117,'11','cid','优惠券 对应coupon表id','int(8)','Integer','cid','0','0','1','1','1','1','1','EQ','input','',2,'admin','2019-08-29 19:16:19','',NULL),(118,'11','type','发放类型 1 按订单发放 2 注册 3 邀请 4 按用户发放','tinyint(1) unsigned','Integer','type','0','0','1','1','1','1','1','EQ','select','',3,'admin','2019-08-29 19:16:19','',NULL),(119,'11','uid','用户id','int(8)','Integer','uid','0','0','1','1','1','1','1','EQ','input','',4,'admin','2019-08-29 19:16:19','',NULL),(120,'11','order_id','订单id','int(8)','Integer','orderId','0','0','1','1','1','1','1','EQ','input','',5,'admin','2019-08-29 19:16:19','',NULL),(121,'11','get_order_id','优惠券来自订单ID','int(11)','Long','getOrderId','0','0',NULL,'1','1','1','1','EQ','input','',6,'admin','2019-08-29 19:16:19','',NULL),(122,'11','use_time','使用时间','int(11)','Long','useTime','0','0','1','1','1','1','1','EQ','input','',7,'admin','2019-08-29 19:16:19','',NULL),(123,'11','code','优惠券兑换码','varchar(10)','String','code','0','0',NULL,'1','1','1','1','EQ','input','',8,'admin','2019-08-29 19:16:19','',NULL),(124,'11','send_time','发放时间','int(11)','Long','sendTime','0','0','1','1','1','1','1','EQ','input','',9,'admin','2019-08-29 19:16:19','',NULL),(125,'11','status','0未使用1已使用2已过期','tinyint(1)','Integer','status','0','0',NULL,'1','1','1','1','EQ','radio','',10,'admin','2019-08-29 19:16:19','',NULL),(126,'12','order_id','订单id','mediumint(8) unsigned','Integer','orderId','1','1',NULL,'1',NULL,NULL,NULL,'EQ','input','',1,'admin','2019-08-29 19:45:09',NULL,'2019-08-29 19:53:53'),(127,'12','order_sn','订单编号','varchar(20)','String','orderSn','0','0','1',NULL,NULL,'1','1','EQ','input','',2,'admin','2019-08-29 19:45:09',NULL,'2019-08-29 19:53:53'),(128,'12','user_id','用户id','mediumint(8) unsigned','Integer','userId','0','0','1','1','1','1',NULL,'EQ','input','',3,'admin','2019-08-29 19:45:09',NULL,'2019-08-29 19:53:53'),(129,'12','order_status','订单状态 0-未确认 1-已确认(已收货） 2-已评价','tinyint(1) unsigned','Integer','orderStatus','0','0','1','1','1','1','1','EQ','radio','',4,'admin','2019-08-29 19:45:10',NULL,'2019-08-29 19:53:53'),(130,'12','shipping_status','发货状态 0-未发货 1-已发货 2-退货中 3-退货完成','tinyint(1) unsigned','Integer','shippingStatus','0','0','1','1','1','1',NULL,'EQ','radio','',5,'admin','2019-08-29 19:45:10',NULL,'2019-08-29 19:53:53'),(131,'12','pay_status','支付状态 0-未支付 1-已支付','tinyint(1) unsigned','Integer','payStatus','0','0','1','1','1','1',NULL,'EQ','radio','',6,'admin','2019-08-29 19:45:10',NULL,'2019-08-29 19:53:53'),(132,'12','consignee','收货人','varchar(60)','String','consignee','0','0','1','1','1','1',NULL,'EQ','input','',7,'admin','2019-08-29 19:45:10',NULL,'2019-08-29 19:53:53'),(133,'12','country','国家','int(11) unsigned','Long','country','0','0',NULL,'1','1','1',NULL,'EQ','input','',8,'admin','2019-08-29 19:45:10',NULL,'2019-08-29 19:53:53'),(134,'12','province','省份','int(11) unsigned','Long','province','0','0',NULL,'1','1','1',NULL,'EQ','input','',9,'admin','2019-08-29 19:45:10',NULL,'2019-08-29 19:53:53'),(135,'12','city','城市','int(11) unsigned','Long','city','0','0',NULL,'1','1','1',NULL,'EQ','input','',10,'admin','2019-08-29 19:45:10',NULL,'2019-08-29 19:53:53'),(136,'12','district','县区','int(11) unsigned','Long','district','0','0',NULL,'1','1','1',NULL,'EQ','input','',11,'admin','2019-08-29 19:45:10',NULL,'2019-08-29 19:53:53'),(137,'12','twon','乡镇','int(11)','Long','twon','0','0',NULL,'1','1','1',NULL,'EQ','input','',12,'admin','2019-08-29 19:45:10',NULL,'2019-08-29 19:53:53'),(138,'12','city_info','地区地址','varchar(200)','String','cityInfo','0','0',NULL,'1','1','1',NULL,'EQ','input','',13,'admin','2019-08-29 19:45:10',NULL,'2019-08-29 19:53:53'),(139,'12','address','地址详细地址','varchar(255)','String','address','0','0','1','1','1','1',NULL,'EQ','input','',14,'admin','2019-08-29 19:45:10',NULL,'2019-08-29 19:53:53'),(140,'12','zipcode','邮政编码','varchar(60)','String','zipcode','0','0',NULL,NULL,NULL,NULL,NULL,'EQ','input','',15,'admin','2019-08-29 19:45:10',NULL,'2019-08-29 19:53:53'),(141,'12','mobile','手机','varchar(60)','String','mobile','0','0','1','1','1','1','1','EQ','input','',16,'admin','2019-08-29 19:45:10',NULL,'2019-08-29 19:53:53'),(142,'12','email','邮件','varchar(60)','String','email','0','0',NULL,NULL,NULL,NULL,NULL,'EQ','input','',17,'admin','2019-08-29 19:45:10',NULL,'2019-08-29 19:53:53'),(143,'12','receive_type','收货方式 1-物流 2-快递 3-自取','tinyint(1) unsigned','Integer','receiveType','0','0',NULL,NULL,NULL,NULL,NULL,'EQ','select','',18,'admin','2019-08-29 19:45:10',NULL,'2019-08-29 19:53:53'),(144,'12','shipping_code','物流code 单号','varchar(32)','String','shippingCode','0','0',NULL,'1','1',NULL,'1','EQ','input','',19,'admin','2019-08-29 19:45:10',NULL,'2019-08-29 19:53:53'),(145,'12','shipping_name','物流名称','varchar(120)','String','shippingName','0','0',NULL,'1','1',NULL,'1','LIKE','input','',20,'admin','2019-08-29 19:45:10',NULL,'2019-08-29 19:53:53'),(146,'12','pay_code','支付code','varchar(32)','String','payCode','0','0','1',NULL,NULL,NULL,NULL,'EQ','input','',21,'admin','2019-08-29 19:45:10',NULL,'2019-08-29 19:53:53'),(147,'12','pay_method','支付方式1-微信2-余额3-转账','tinyint(1) unsigned','Integer','payMethod','0','0','1','1','1','1','1','EQ','input','',22,'admin','2019-08-29 19:45:10',NULL,'2019-08-29 19:53:53'),(148,'12','recharge_id','支付方式为转账的转账id','int(10) unsigned','Integer','rechargeId','0','0',NULL,NULL,NULL,NULL,NULL,'EQ','input','',23,'admin','2019-08-29 19:45:10',NULL,'2019-08-29 19:53:53'),(149,'12','pay_name','支付方式名称','varchar(120)','String','payName','0','0','1',NULL,NULL,NULL,NULL,'LIKE','input','',24,'admin','2019-08-29 19:45:10',NULL,'2019-08-29 19:53:53'),(150,'12','invoice_title','发票抬头','varchar(256)','String','invoiceTitle','0','0',NULL,NULL,NULL,NULL,NULL,'EQ','input','',25,'admin','2019-08-29 19:45:10',NULL,'2019-08-29 19:53:53'),(151,'12','taxpayer','纳税人识别号','varchar(30)','String','taxpayer','0','0',NULL,NULL,NULL,NULL,NULL,'EQ','input','',26,'admin','2019-08-29 19:45:10',NULL,'2019-08-29 19:53:53'),(152,'12','goods_price','商品总价','decimal(10,2)','Double','goodsPrice','0','0','1','1','1','1',NULL,'EQ','input','',27,'admin','2019-08-29 19:45:10',NULL,'2019-08-29 19:53:53'),(153,'12','shipping_price','邮费','decimal(10,2)','Double','shippingPrice','0','0','1',NULL,NULL,NULL,NULL,'EQ','input','',28,'admin','2019-08-29 19:45:10',NULL,'2019-08-29 19:53:53'),(154,'12','user_money','使用余额','decimal(10,2)','Double','userMoney','0','0','1',NULL,NULL,NULL,NULL,'EQ','input','',29,'admin','2019-08-29 19:45:10',NULL,'2019-08-29 19:53:53'),(155,'12','coupon_price','优惠券抵扣','decimal(10,2)','Double','couponPrice','0','0',NULL,NULL,NULL,'1','1','EQ','input','',30,'admin','2019-08-29 19:45:10',NULL,'2019-08-29 19:53:53'),(156,'12','integral','使用积分','int(10) unsigned','Integer','integral','0','0','1',NULL,NULL,NULL,NULL,'EQ','input','',31,'admin','2019-08-29 19:45:10',NULL,'2019-08-29 19:53:53'),(157,'12','integral_money','使用积分抵多少钱','decimal(10,2)','Double','integralMoney','0','0','1',NULL,NULL,NULL,NULL,'EQ','input','',32,'admin','2019-08-29 19:45:10',NULL,'2019-08-29 19:53:53'),(158,'12','order_amount','应付款金额','decimal(10,2)','Double','orderAmount','0','0','1','1','1','1','1','EQ','input','',33,'admin','2019-08-29 19:45:10',NULL,'2019-08-29 19:53:53'),(159,'12','total_amount','订单总价','decimal(10,2)','Double','totalAmount','0','0',NULL,'1','1','1','1','EQ','input','',34,'admin','2019-08-29 19:45:10',NULL,'2019-08-29 19:53:53'),(160,'12','add_time','下单时间','int(10) unsigned','Integer','addTime','0','0','1',NULL,NULL,'1',NULL,'EQ','input','',35,'admin','2019-08-29 19:45:10',NULL,'2019-08-29 19:53:53'),(161,'12','shipping_time','最后新发货时间','int(11)','Long','shippingTime','0','0',NULL,NULL,NULL,'1',NULL,'EQ','input','',36,'admin','2019-08-29 19:45:10',NULL,'2019-08-29 19:53:53'),(162,'12','confirm_time','收货确认时间','int(10)','Integer','confirmTime','0','0',NULL,NULL,NULL,'1',NULL,'EQ','input','',37,'admin','2019-08-29 19:45:10',NULL,'2019-08-29 19:53:53'),(163,'12','pay_time','支付时间','int(10) unsigned','Integer','payTime','0','0','1',NULL,NULL,'1',NULL,'EQ','input','',38,'admin','2019-08-29 19:45:10',NULL,'2019-08-29 19:53:53'),(164,'12','transaction_id','第三方平台交易流水号','varchar(255)','String','transactionId','0','0',NULL,NULL,NULL,NULL,NULL,'EQ','input','',39,'admin','2019-08-29 19:45:10',NULL,'2019-08-29 19:53:53'),(165,'12','prom_id','活动ID','int(11) unsigned','Long','promId','0','0',NULL,NULL,NULL,NULL,NULL,'EQ','input','',40,'admin','2019-08-29 19:45:10',NULL,'2019-08-29 19:53:53'),(166,'12','prom_type','订单类型：0普通订单4预售订单5虚拟订单6拼团订单','tinyint(4) unsigned','Integer','promType','0','0',NULL,NULL,NULL,NULL,NULL,'EQ','select','',41,'admin','2019-08-29 19:45:10',NULL,'2019-08-29 19:53:53'),(167,'12','order_prom_id','活动id','smallint(6)','Integer','orderPromId','0','0','1',NULL,NULL,NULL,NULL,'EQ','input','',42,'admin','2019-08-29 19:45:10',NULL,'2019-08-29 19:53:53'),(168,'12','order_prom_amount','活动优惠金额','decimal(10,2)','Double','orderPromAmount','0','0','1',NULL,NULL,NULL,NULL,'EQ','input','',43,'admin','2019-08-29 19:45:10',NULL,'2019-08-29 19:53:53'),(169,'12','discount','价格调整','decimal(10,2)','Double','discount','0','0','1','1','1',NULL,NULL,'EQ','input','',44,'admin','2019-08-29 19:45:10',NULL,'2019-08-29 19:53:53'),(170,'12','user_note','用户备注','varchar(255)','String','userNote','0','0',NULL,NULL,NULL,NULL,NULL,'EQ','input','',45,'admin','2019-08-29 19:45:10',NULL,'2019-08-29 19:53:53'),(171,'12','admin_note','管理员备注','varchar(255)','String','adminNote','0','0',NULL,NULL,NULL,NULL,NULL,'EQ','input','',46,'admin','2019-08-29 19:45:10',NULL,'2019-08-29 19:53:53'),(172,'12','parent_sn','父单单号','varchar(100)','String','parentSn','0','0',NULL,NULL,NULL,NULL,NULL,'EQ','input','',47,'admin','2019-08-29 19:45:10',NULL,'2019-08-29 19:53:53'),(173,'12','is_distribut','是否已分成0未分成1已分成','tinyint(1)','Integer','isDistribut','0','0',NULL,NULL,NULL,NULL,NULL,'EQ','input','',48,'admin','2019-08-29 19:45:10',NULL,'2019-08-29 19:53:53'),(174,'12','paid_money','订金','decimal(10,2)','Double','paidMoney','0','0',NULL,NULL,NULL,NULL,NULL,'EQ','input','',49,'admin','2019-08-29 19:45:10',NULL,'2019-08-29 19:53:53'),(175,'12','deleted_time','删除|取消时间','int(11) unsigned','Long','deletedTime','0','0',NULL,NULL,NULL,NULL,NULL,'EQ','input','',50,'admin','2019-08-29 19:45:10',NULL,'2019-08-29 19:53:53'),(176,'12','deleted','用户假删除标识,1:删除,0未删除','tinyint(1)','Integer','deleted','0','0','1',NULL,NULL,NULL,NULL,'EQ','input','',51,'admin','2019-08-29 19:45:10',NULL,'2019-08-29 19:53:53'),(177,'12','edit_money','管理后台修改变动的价格','varchar(50)','String','editMoney','0','0',NULL,'1','1','1',NULL,'EQ','input','',52,'admin','2019-08-29 19:45:10',NULL,'2019-08-29 19:53:53'),(178,'13','rec_id','表id自增','mediumint(8) unsigned','Integer','recId','1','1',NULL,'1',NULL,NULL,NULL,'EQ','input','',1,'admin','2019-08-29 19:45:10','',NULL),(179,'13','order_id','订单id','mediumint(8) unsigned','Integer','orderId','0','0','1','1','1','1','1','EQ','input','',2,'admin','2019-08-29 19:45:10','',NULL),(180,'13','goods_id','商品id','mediumint(8) unsigned','Integer','goodsId','0','0','1','1','1','1','1','EQ','input','',3,'admin','2019-08-29 19:45:10','',NULL),(181,'13','goods_name','商品名称','varchar(120)','String','goodsName','0','0','1','1','1','1','1','LIKE','input','',4,'admin','2019-08-29 19:45:10','',NULL),(182,'13','goods_sn','商品货号','varchar(60)','String','goodsSn','0','0','1','1','1','1','1','EQ','input','',5,'admin','2019-08-29 19:45:10','',NULL),(183,'13','goods_num','购买数量','smallint(5) unsigned','Integer','goodsNum','0','0','1','1','1','1','1','EQ','input','',6,'admin','2019-08-29 19:45:10','',NULL),(184,'13','market_price','市场价','decimal(10,2) unsigned','Double','marketPrice','0','0','1','1','1','1','1','EQ','input','',7,'admin','2019-08-29 19:45:10','',NULL),(185,'13','goods_price','本店价(供货价)','decimal(10,2) unsigned','Double','goodsPrice','0','0','1','1','1','1','1','EQ','input','',8,'admin','2019-08-29 19:45:10','',NULL),(186,'13','cost_price','商品成本价','decimal(10,2)','Double','costPrice','0','0',NULL,'1','1','1','1','EQ','input','',9,'admin','2019-08-29 19:45:10','',NULL),(187,'13','member_goods_price','会员折扣价','decimal(10,2)','Double','memberGoodsPrice','0','0',NULL,'1','1','1','1','EQ','input','',10,'admin','2019-08-29 19:45:10','',NULL),(188,'13','give_integral','购买商品赠送积分','mediumint(8) unsigned','Integer','giveIntegral','0','0',NULL,'1','1','1','1','EQ','input','',11,'admin','2019-08-29 19:45:10','',NULL),(189,'13','spec_key','商品规格key','varchar(128)','String','specKey','0','0',NULL,'1','1','1','1','EQ','input','',12,'admin','2019-08-29 19:45:10','',NULL),(190,'13','spec_key_name','规格对应的中文名字','varchar(128)','String','specKeyName','0','0',NULL,'1','1','1','1','LIKE','input','',13,'admin','2019-08-29 19:45:10','',NULL),(191,'13','bar_code','条码','varchar(64)','String','barCode','0','0',NULL,'1','1','1','1','EQ','input','',14,'admin','2019-08-29 19:45:10','',NULL),(192,'13','is_comment','是否评价','tinyint(1)','Integer','isComment','0','0',NULL,'1','1','1','1','EQ','input','',15,'admin','2019-08-29 19:45:10','',NULL),(193,'13','prom_type','0 普通订单,1 限时抢购, 2 团购 , 3 促销优惠,4预售','tinyint(1) unsigned','Integer','promType','0','0',NULL,'1','1','1','1','EQ','select','',16,'admin','2019-08-29 19:45:10','',NULL),(194,'13','prom_id','活动id','int(11) unsigned','Long','promId','0','0',NULL,'1','1','1','1','EQ','input','',17,'admin','2019-08-29 19:45:10','',NULL),(195,'13','is_send','0未发货，1已发货，2已换货，3已退货','tinyint(1)','Integer','isSend','0','0',NULL,'1','1','1','1','EQ','input','',18,'admin','2019-08-29 19:45:10','',NULL),(196,'13','delivery_id','发货单ID','int(11)','Long','deliveryId','0','0',NULL,'1','1','1','1','EQ','input','',19,'admin','2019-08-29 19:45:10','',NULL),(197,'13','sku','sku','varchar(128)','String','sku','0','0',NULL,'1','1','1','1','EQ','input','',20,'admin','2019-08-29 19:45:10','',NULL),(198,'14','id',NULL,'int(10) unsigned','Integer','id','1','1',NULL,'1',NULL,NULL,NULL,'EQ','input','',1,'admin','2019-08-29 19:45:10','',NULL),(199,'14','order_id','订单id','int(10) unsigned','Integer','orderId','0','0',NULL,'1','1','1','1','EQ','input','',2,'admin','2019-08-29 19:45:10','',NULL),(200,'14','goods_id','商品id','int(10) unsigned','Integer','goodsId','0','0',NULL,'1','1','1','1','EQ','input','',3,'admin','2019-08-29 19:45:10','',NULL),(201,'14','remark','商品备注','varchar(255)','String','remark','0','0',NULL,'1','1','1',NULL,'EQ','input','',4,'admin','2019-08-29 19:45:10','',NULL),(202,'15','id','null','bigint(20) unsigned','Long','id','1','1',NULL,'1',NULL,NULL,NULL,'EQ','input','',1,'admin','2019-08-30 13:40:31',NULL,'2019-08-30 13:44:56'),(203,'15','vip_no','vip编号','varchar(10)','String','vipNo','0','0',NULL,NULL,NULL,NULL,NULL,'EQ','input','',2,'admin','2019-08-30 13:40:31',NULL,'2019-08-30 13:44:56'),(204,'15','openid','会员微信OPENID','varchar(100)','String','openid','0','0',NULL,NULL,NULL,NULL,'1','EQ','input','',3,'admin','2019-08-30 13:40:31',NULL,'2019-08-30 13:44:56'),(205,'15','phone','会员手机号','varchar(16)','String','phone','0','0',NULL,'1','1','1','1','EQ','input','',4,'admin','2019-08-30 13:40:31',NULL,'2019-08-30 13:44:56'),(206,'15','password','登录密码','varchar(64)','String','password','0','0',NULL,NULL,NULL,NULL,NULL,'EQ','input','',5,'admin','2019-08-30 13:40:31',NULL,'2019-08-30 13:44:56'),(207,'15','nickname','会员昵称','varchar(20)','String','nickname','0','0',NULL,'1','1','1','1','LIKE','input','',6,'admin','2019-08-30 13:40:31',NULL,'2019-08-30 13:44:56'),(208,'15','headimg','会员头像','varchar(500)','String','headimg','0','0',NULL,NULL,NULL,'1',NULL,'EQ','textarea','',7,'admin','2019-08-30 13:40:31',NULL,'2019-08-30 13:44:56'),(209,'15','sex','性别','char(2)','String','sex','0','0',NULL,NULL,NULL,NULL,NULL,'EQ','select','',8,'admin','2019-08-30 13:40:31',NULL,'2019-08-30 13:44:56'),(210,'15','level','会员级别','tinyint(2) unsigned','Integer','level','0','0',NULL,'1','1','1','1','EQ','input','',9,'admin','2019-08-30 13:40:31',NULL,'2019-08-30 13:44:56'),(211,'15','total_amount','消费累计额度 用于用户等级','decimal(10,2) unsigned','Double','totalAmount','0','0',NULL,NULL,NULL,NULL,NULL,'EQ','input','',10,'admin','2019-08-30 13:40:31',NULL,'2019-08-30 13:44:56'),(212,'15','user_money','用户金额','decimal(8,2)','Double','userMoney','0','0',NULL,NULL,NULL,'1',NULL,'EQ','input','',11,'admin','2019-08-30 13:40:31',NULL,'2019-08-30 13:44:56'),(213,'15','distribut_money','累积分佣金额','decimal(8,2) unsigned','Double','distributMoney','0','0',NULL,NULL,NULL,NULL,NULL,'EQ','input','',12,'admin','2019-08-30 13:40:31',NULL,'2019-08-30 13:44:56'),(214,'15','frozen_money','冻结金额','double(8,2) unsigned','Double','frozenMoney','0','0',NULL,NULL,NULL,NULL,NULL,'EQ','input','',13,'admin','2019-08-30 13:40:31',NULL,'2019-08-30 13:44:56'),(215,'15','underling_number','用户下线总数','int(5) unsigned','Integer','underlingNumber','0','0',NULL,NULL,NULL,NULL,NULL,'EQ','input','',14,'admin','2019-08-30 13:40:31',NULL,'2019-08-30 13:44:56'),(216,'15','pay_points','消费积分','int(8) unsigned','Integer','payPoints','0','0',NULL,NULL,NULL,'1',NULL,'EQ','input','',15,'admin','2019-08-30 13:40:31',NULL,'2019-08-30 13:44:56'),(217,'15','address_id','默认收货地址','int(10) unsigned','Integer','addressId','0','0',NULL,NULL,NULL,NULL,NULL,'EQ','input','',16,'admin','2019-08-30 13:40:31',NULL,'2019-08-30 13:44:56'),(218,'15','remark','会员个性签名','varchar(500)','String','remark','0','0',NULL,NULL,NULL,NULL,NULL,'EQ','textarea','',17,'admin','2019-08-30 13:40:31',NULL,'2019-08-30 13:44:56'),(219,'15','status','会员状态0待审核 1-已审核 2-已拒绝','tinyint(1) unsigned','Integer','status','0','0',NULL,NULL,NULL,NULL,NULL,'EQ','radio','',18,'admin','2019-08-30 13:40:31',NULL,'2019-08-30 13:44:56'),(220,'15','create_time','null','bigint(20) unsigned','Long','createTime','0','0',NULL,NULL,NULL,NULL,NULL,'EQ','input','',19,'admin','2019-08-30 13:40:31',NULL,'2019-08-30 13:44:56'),(221,'15','create_at','创建时间','timestamp','Date','createAt','0','0',NULL,NULL,NULL,'1',NULL,'EQ','datetime','',20,'admin','2019-08-30 13:40:31',NULL,'2019-08-30 13:44:56'),(222,'15','status_time','审核时间','bigint(20) unsigned','Long','statusTime','0','0',NULL,NULL,NULL,NULL,NULL,'EQ','input','',21,'admin','2019-08-30 13:40:31',NULL,'2019-08-30 13:44:56'),(223,'16','id',NULL,'bigint(20) unsigned','Long','id','1','1',NULL,'1',NULL,NULL,NULL,'EQ','input','',1,'admin','2019-10-20 03:11:57','',NULL),(224,'16','media_id','永久素材MediaID','varchar(100)','String','mediaId','0','0',NULL,'1','1','1','1','EQ','input','',2,'admin','2019-10-20 03:11:57','',NULL),(225,'16','local_url','永久素材显示URL','varchar(300)','String','localUrl','0','0',NULL,'1','1','1','1','EQ','input','',3,'admin','2019-10-20 03:11:57','',NULL),(226,'16','article_id','关联图文ID，用，号做分割','varchar(60)','String','articleId','0','0',NULL,'1','1','1','1','EQ','input','',4,'admin','2019-10-20 03:11:57','',NULL),(227,'16','is_deleted','是否删除','tinyint(1) unsigned','Integer','isDeleted','0','0',NULL,'1','1','1','1','EQ','input','',5,'admin','2019-10-20 03:11:57','',NULL),(228,'16','create_at','创建时间','timestamp','Date','createAt','0','0',NULL,'1','1','1','1','EQ','datetime','',6,'admin','2019-10-20 03:11:57','',NULL),(229,'16','create_by','创建人','bigint(20)','Long','createBy','0','0',NULL,'1',NULL,NULL,NULL,'EQ','input','',7,'admin','2019-10-20 03:11:57','',NULL),(230,'17','id',NULL,'bigint(20) unsigned','Long','id','1','1',NULL,'1',NULL,NULL,NULL,'EQ','input','',1,'admin','2019-10-20 03:11:57','',NULL),(231,'17','title','素材标题','varchar(50)','String','title','0','0',NULL,'1','1','1','1','EQ','input','',2,'admin','2019-10-20 03:11:57','',NULL),(232,'17','local_url','永久素材显示URL','varchar(300)','String','localUrl','0','0',NULL,'1','1','1','1','EQ','input','',3,'admin','2019-10-20 03:11:57','',NULL),(233,'17','show_cover_pic','是否显示封面 0不显示，1 显示','tinyint(4) unsigned','Integer','showCoverPic','0','0',NULL,'1','1','1','1','EQ','input','',4,'admin','2019-10-20 03:11:57','',NULL),(234,'17','author','作者','varchar(20)','String','author','0','0',NULL,'1','1','1','1','EQ','input','',5,'admin','2019-10-20 03:11:57','',NULL),(235,'17','digest','摘要内容','varchar(300)','String','digest','0','0',NULL,'1','1','1','1','EQ','input','',6,'admin','2019-10-20 03:11:57','',NULL),(236,'17','content','图文内容','longtext','String','content','0','0',NULL,'1','1','1','1','EQ','input','',7,'admin','2019-10-20 03:11:57','',NULL),(237,'17','content_source_url','图文消息原文地址','varchar(200)','String','contentSourceUrl','0','0',NULL,'1','1','1','1','EQ','input','',8,'admin','2019-10-20 03:11:57','',NULL),(238,'17','create_at','创建时间','timestamp','Date','createAt','0','0',NULL,'1','1','1','1','EQ','datetime','',9,'admin','2019-10-20 03:11:57','',NULL),(239,'17','create_by','创建人','bigint(20)','Long','createBy','0','0',NULL,'1',NULL,NULL,NULL,'EQ','input','',10,'admin','2019-10-20 03:11:57','',NULL),(240,'18','id',NULL,'bigint(20) unsigned','Long','id','1','1',NULL,'1',NULL,NULL,NULL,'EQ','input','',1,'admin','2019-10-20 03:11:58','',NULL),(241,'18','md5','文件md5','varchar(32)','String','md5','0','0',NULL,'1','1','1','1','EQ','input','',2,'admin','2019-10-20 03:11:58','',NULL),(242,'18','local_url','本地文件链接','varchar(300)','String','localUrl','0','0',NULL,'1','1','1','1','EQ','input','',3,'admin','2019-10-20 03:11:58','',NULL),(243,'18','media_url','远程图片链接','varchar(300)','String','mediaUrl','0','0',NULL,'1','1','1','1','EQ','input','',4,'admin','2019-10-20 03:11:58','',NULL),(244,'18','create_at','创建时间','timestamp','Date','createAt','0','0',NULL,'1','1','1','1','EQ','datetime','',5,'admin','2019-10-20 03:11:58','',NULL),(245,'19','id',NULL,'bigint(20) unsigned','Long','id','1','1',NULL,'1',NULL,NULL,NULL,'EQ','input','',1,'admin','2019-10-20 03:11:58','',NULL),(246,'19','appid','公众号ID','varchar(100)','String','appid','0','0',NULL,'1','1','1','1','EQ','input','',2,'admin','2019-10-20 03:11:58','',NULL),(247,'19','md5','文件md5','varchar(32)','String','md5','0','0',NULL,'1','1','1','1','EQ','input','',3,'admin','2019-10-20 03:11:58','',NULL),(248,'19','type','媒体类型','varchar(20)','String','type','0','0',NULL,'1','1','1','1','EQ','select','',4,'admin','2019-10-20 03:11:58','',NULL),(249,'19','media_id','永久素材MediaID','varchar(100)','String','mediaId','0','0',NULL,'1','1','1','1','EQ','input','',5,'admin','2019-10-20 03:11:58','',NULL),(250,'19','local_url','本地文件链接','varchar(300)','String','localUrl','0','0',NULL,'1','1','1','1','EQ','input','',6,'admin','2019-10-20 03:11:58','',NULL),(251,'19','media_url','远程图片链接','varchar(300)','String','mediaUrl','0','0',NULL,'1','1','1','1','EQ','input','',7,'admin','2019-10-20 03:11:58','',NULL),(252,'19','create_at','创建时间','timestamp','Date','createAt','0','0',NULL,'1','1','1','1','EQ','datetime','',8,'admin','2019-10-20 03:11:58','',NULL);
/*!40000 ALTER TABLE `gen_table_column` ENABLE KEYS */;
UNLOCK TABLES;

--
-- Table structure for table `qrtz_blob_triggers`
--

DROP TABLE IF EXISTS `qrtz_blob_triggers`;
/*!40101 SET @saved_cs_client     = @@character_set_client */;
/*!40101 SET character_set_client = utf8 */;
CREATE TABLE `qrtz_blob_triggers` (
  `sched_name` varchar(120) NOT NULL,
  `trigger_name` varchar(200) NOT NULL,
  `trigger_group` varchar(200) NOT NULL,
  `blob_data` text,
  PRIMARY KEY (`sched_name`,`trigger_name`,`trigger_group`) USING BTREE,
  CONSTRAINT `qrtz_blob_triggers_ibfk_1` FOREIGN KEY (`sched_name`, `trigger_name`, `trigger_group`) REFERENCES `qrtz_triggers` (`sched_name`, `trigger_name`, `trigger_group`)
) ENGINE=InnoDB DEFAULT CHARSET=utf8mb4 ROW_FORMAT=DYNAMIC;
/*!40101 SET character_set_client = @saved_cs_client */;

--
-- Dumping data for table `qrtz_blob_triggers`
--

LOCK TABLES `qrtz_blob_triggers` WRITE;
/*!40000 ALTER TABLE `qrtz_blob_triggers` DISABLE KEYS */;
/*!40000 ALTER TABLE `qrtz_blob_triggers` ENABLE KEYS */;
UNLOCK TABLES;

--
-- Table structure for table `qrtz_calendars`
--

DROP TABLE IF EXISTS `qrtz_calendars`;
/*!40101 SET @saved_cs_client     = @@character_set_client */;
/*!40101 SET character_set_client = utf8 */;
CREATE TABLE `qrtz_calendars` (
  `sched_name` varchar(120) NOT NULL,
  `calendar_name` varchar(200) NOT NULL,
  `calendar` blob NOT NULL,
  PRIMARY KEY (`sched_name`,`calendar_name`) USING BTREE
) ENGINE=InnoDB DEFAULT CHARSET=utf8mb4 ROW_FORMAT=DYNAMIC;
/*!40101 SET character_set_client = @saved_cs_client */;

--
-- Dumping data for table `qrtz_calendars`
--

LOCK TABLES `qrtz_calendars` WRITE;
/*!40000 ALTER TABLE `qrtz_calendars` DISABLE KEYS */;
/*!40000 ALTER TABLE `qrtz_calendars` ENABLE KEYS */;
UNLOCK TABLES;

--
-- Table structure for table `qrtz_cron_triggers`
--

DROP TABLE IF EXISTS `qrtz_cron_triggers`;
/*!40101 SET @saved_cs_client     = @@character_set_client */;
/*!40101 SET character_set_client = utf8 */;
CREATE TABLE `qrtz_cron_triggers` (
  `sched_name` varchar(120) NOT NULL,
  `trigger_name` varchar(200) NOT NULL,
  `trigger_group` varchar(200) NOT NULL,
  `cron_expression` varchar(200) NOT NULL,
  `time_zone_id` varchar(80) DEFAULT NULL,
  PRIMARY KEY (`sched_name`,`trigger_name`,`trigger_group`) USING BTREE,
  CONSTRAINT `qrtz_cron_triggers_ibfk_1` FOREIGN KEY (`sched_name`, `trigger_name`, `trigger_group`) REFERENCES `qrtz_triggers` (`sched_name`, `trigger_name`, `trigger_group`)
) ENGINE=InnoDB DEFAULT CHARSET=utf8mb4 ROW_FORMAT=DYNAMIC;
/*!40101 SET character_set_client = @saved_cs_client */;

--
-- Dumping data for table `qrtz_cron_triggers`
--

LOCK TABLES `qrtz_cron_triggers` WRITE;
/*!40000 ALTER TABLE `qrtz_cron_triggers` DISABLE KEYS */;
INSERT INTO `qrtz_cron_triggers` VALUES ('RuoyiScheduler','TASK_CLASS_NAME1','DEFAULT','0/10 * * * * ?','Asia/Shanghai'),('RuoyiScheduler','TASK_CLASS_NAME2','DEFAULT','0/15 * * * * ?','Asia/Shanghai'),('RuoyiScheduler','TASK_CLASS_NAME3','DEFAULT','0/20 * * * * ?','Asia/Shanghai');
/*!40000 ALTER TABLE `qrtz_cron_triggers` ENABLE KEYS */;
UNLOCK TABLES;

--
-- Table structure for table `qrtz_fired_triggers`
--

DROP TABLE IF EXISTS `qrtz_fired_triggers`;
/*!40101 SET @saved_cs_client     = @@character_set_client */;
/*!40101 SET character_set_client = utf8 */;
CREATE TABLE `qrtz_fired_triggers` (
  `sched_name` varchar(120) NOT NULL,
  `entry_id` varchar(95) NOT NULL,
  `trigger_name` varchar(200) NOT NULL,
  `trigger_group` varchar(200) NOT NULL,
  `instance_name` varchar(200) NOT NULL,
  `fired_time` bigint(13) NOT NULL,
  `sched_time` bigint(13) NOT NULL,
  `priority` int(11) NOT NULL,
  `state` varchar(16) NOT NULL,
  `job_name` varchar(200) DEFAULT NULL,
  `job_group` varchar(200) DEFAULT NULL,
  `is_nonconcurrent` varchar(1) DEFAULT NULL,
  `requests_recovery` varchar(1) DEFAULT NULL,
  PRIMARY KEY (`sched_name`,`entry_id`) USING BTREE
) ENGINE=InnoDB DEFAULT CHARSET=utf8mb4 ROW_FORMAT=DYNAMIC;
/*!40101 SET character_set_client = @saved_cs_client */;

--
-- Dumping data for table `qrtz_fired_triggers`
--

LOCK TABLES `qrtz_fired_triggers` WRITE;
/*!40000 ALTER TABLE `qrtz_fired_triggers` DISABLE KEYS */;
/*!40000 ALTER TABLE `qrtz_fired_triggers` ENABLE KEYS */;
UNLOCK TABLES;

--
-- Table structure for table `qrtz_job_details`
--

DROP TABLE IF EXISTS `qrtz_job_details`;
/*!40101 SET @saved_cs_client     = @@character_set_client */;
/*!40101 SET character_set_client = utf8 */;
CREATE TABLE `qrtz_job_details` (
  `sched_name` varchar(120) NOT NULL,
  `job_name` varchar(200) NOT NULL,
  `job_group` varchar(200) NOT NULL,
  `description` varchar(250) DEFAULT NULL,
  `job_class_name` varchar(250) NOT NULL,
  `is_durable` varchar(1) NOT NULL,
  `is_nonconcurrent` varchar(1) NOT NULL,
  `is_update_data` varchar(1) NOT NULL,
  `requests_recovery` varchar(1) NOT NULL,
  `job_data` blob,
  PRIMARY KEY (`sched_name`,`job_name`,`job_group`) USING BTREE
) ENGINE=InnoDB DEFAULT CHARSET=utf8mb4 ROW_FORMAT=DYNAMIC;
/*!40101 SET character_set_client = @saved_cs_client */;

--
-- Dumping data for table `qrtz_job_details`
--

LOCK TABLES `qrtz_job_details` WRITE;
/*!40000 ALTER TABLE `qrtz_job_details` DISABLE KEYS */;
INSERT INTO `qrtz_job_details` VALUES ('RuoyiScheduler','TASK_CLASS_NAME1','DEFAULT',NULL,'com.ruoyi.quartz.util.QuartzDisallowConcurrentExecution','0','1','0','0','\\0sr\0org.quartz.JobDataMap迩\\0\0xr\0&org.quartz.utils.StringKeyDirtyFlagMap\\\](\0Z\0allowsTransientDataxr\0org.quartz.utils.DirtyFlagMap\.(v\n\\0Z\0dirtyL\0mapt\0Ljava/util/Map;xpsr\0java.util.HashMap\\`\\0F\0\nloadFactorI\0	thresholdxp?@\0\0\0\0\0w\0\0\0\0\0\0t\0TASK_PROPERTIESsr\0com.ruoyi.quartz.domain.SysJob\0\0\0\0\0\0\0\0L\0\nconcurrentt\0Ljava/lang/String;L\0cronExpressionq\0~\0	L\0invokeTargetq\0~\0	L\0jobGroupq\0~\0	L\0jobIdt\0Ljava/lang/Long;L\0jobNameq\0~\0	L\0\rmisfirePolicyq\0~\0	L\0statusq\0~\0	xr\0\'com.ruoyi.common.core.domain.BaseEntity\0\0\0\0\0\0\0\0L\0createByq\0~\0	L\0\ncreateTimet\0Ljava/util/Date;L\0paramsq\0~\0L\0remarkq\0~\0	L\0searchValueq\0~\0	L\0updateByq\0~\0	L\0\nupdateTimeq\0~\0xpt\0adminsr\0java.util.DatehjKYt\0\0xpw\0\0b,\)\xpt\0\0pppt\01t\00/10 * * * * ?t\0ryTask.ryNoParamst\0DEFAULTsr\0java.lang.Long;\̏#\\0J\0valuexr\0java.lang.Number\\0\0xp\0\0\0\0\0\0\0t\0系统默认（无参）t\03t\01x\0'),('RuoyiScheduler','TASK_CLASS_NAME2','DEFAULT',NULL,'com.ruoyi.quartz.util.QuartzDisallowConcurrentExecution','0','1','0','0','\\0sr\0org.quartz.JobDataMap迩\\0\0xr\0&org.quartz.utils.StringKeyDirtyFlagMap\\\](\0Z\0allowsTransientDataxr\0org.quartz.utils.DirtyFlagMap\.(v\n\\0Z\0dirtyL\0mapt\0Ljava/util/Map;xpsr\0java.util.HashMap\\`\\0F\0\nloadFactorI\0	thresholdxp?@\0\0\0\0\0w\0\0\0\0\0\0t\0TASK_PROPERTIESsr\0com.ruoyi.quartz.domain.SysJob\0\0\0\0\0\0\0\0L\0\nconcurrentt\0Ljava/lang/String;L\0cronExpressionq\0~\0	L\0invokeTargetq\0~\0	L\0jobGroupq\0~\0	L\0jobIdt\0Ljava/lang/Long;L\0jobNameq\0~\0	L\0\rmisfirePolicyq\0~\0	L\0statusq\0~\0	xr\0\'com.ruoyi.common.core.domain.BaseEntity\0\0\0\0\0\0\0\0L\0createByq\0~\0	L\0\ncreateTimet\0Ljava/util/Date;L\0paramsq\0~\0L\0remarkq\0~\0	L\0searchValueq\0~\0	L\0updateByq\0~\0	L\0\nupdateTimeq\0~\0xpt\0adminsr\0java.util.DatehjKYt\0\0xpw\0\0b,\)\xpt\0\0pppt\01t\00/15 * * * * ?t\0ryTask.ryParams(\'ry\')t\0DEFAULTsr\0java.lang.Long;\̏#\\0J\0valuexr\0java.lang.Number\\0\0xp\0\0\0\0\0\0\0t\0系统默认（有参）t\03t\01x\0'),('RuoyiScheduler','TASK_CLASS_NAME3','DEFAULT',NULL,'com.ruoyi.quartz.util.QuartzDisallowConcurrentExecution','0','1','0','0','\\0sr\0org.quartz.JobDataMap迩\\0\0xr\0&org.quartz.utils.StringKeyDirtyFlagMap\\\](\0Z\0allowsTransientDataxr\0org.quartz.utils.DirtyFlagMap\.(v\n\\0Z\0dirtyL\0mapt\0Ljava/util/Map;xpsr\0java.util.HashMap\\`\\0F\0\nloadFactorI\0	thresholdxp?@\0\0\0\0\0w\0\0\0\0\0\0t\0TASK_PROPERTIESsr\0com.ruoyi.quartz.domain.SysJob\0\0\0\0\0\0\0\0L\0\nconcurrentt\0Ljava/lang/String;L\0cronExpressionq\0~\0	L\0invokeTargetq\0~\0	L\0jobGroupq\0~\0	L\0jobIdt\0Ljava/lang/Long;L\0jobNameq\0~\0	L\0\rmisfirePolicyq\0~\0	L\0statusq\0~\0	xr\0\'com.ruoyi.common.core.domain.BaseEntity\0\0\0\0\0\0\0\0L\0createByq\0~\0	L\0\ncreateTimet\0Ljava/util/Date;L\0paramsq\0~\0L\0remarkq\0~\0	L\0searchValueq\0~\0	L\0updateByq\0~\0	L\0\nupdateTimeq\0~\0xpt\0adminsr\0java.util.DatehjKYt\0\0xpw\0\0b,\)\xpt\0\0pppt\01t\00/20 * * * * ?t\08ryTask.ryMultipleParams(\'ry\', true, 2000L, 316.50D, 100)t\0DEFAULTsr\0java.lang.Long;\̏#\\0J\0valuexr\0java.lang.Number\\0\0xp\0\0\0\0\0\0\0t\0系统默认（多参）t\03t\01x\0');
/*!40000 ALTER TABLE `qrtz_job_details` ENABLE KEYS */;
UNLOCK TABLES;

--
-- Table structure for table `qrtz_locks`
--

DROP TABLE IF EXISTS `qrtz_locks`;
/*!40101 SET @saved_cs_client     = @@character_set_client */;
/*!40101 SET character_set_client = utf8 */;
CREATE TABLE `qrtz_locks` (
  `sched_name` varchar(120) NOT NULL,
  `lock_name` varchar(40) NOT NULL,
  PRIMARY KEY (`sched_name`,`lock_name`) USING BTREE
) ENGINE=InnoDB DEFAULT CHARSET=utf8mb4 ROW_FORMAT=DYNAMIC;
/*!40101 SET character_set_client = @saved_cs_client */;

--
-- Dumping data for table `qrtz_locks`
--

LOCK TABLES `qrtz_locks` WRITE;
/*!40000 ALTER TABLE `qrtz_locks` DISABLE KEYS */;
INSERT INTO `qrtz_locks` VALUES ('RuoyiScheduler','STATE_ACCESS'),('RuoyiScheduler','TRIGGER_ACCESS');
/*!40000 ALTER TABLE `qrtz_locks` ENABLE KEYS */;
UNLOCK TABLES;

--
-- Table structure for table `qrtz_paused_trigger_grps`
--

DROP TABLE IF EXISTS `qrtz_paused_trigger_grps`;
/*!40101 SET @saved_cs_client     = @@character_set_client */;
/*!40101 SET character_set_client = utf8 */;
CREATE TABLE `qrtz_paused_trigger_grps` (
  `sched_name` varchar(120) NOT NULL,
  `trigger_group` varchar(200) NOT NULL,
  PRIMARY KEY (`sched_name`,`trigger_group`) USING BTREE
) ENGINE=InnoDB DEFAULT CHARSET=utf8mb4 ROW_FORMAT=DYNAMIC;
/*!40101 SET character_set_client = @saved_cs_client */;

--
-- Dumping data for table `qrtz_paused_trigger_grps`
--

LOCK TABLES `qrtz_paused_trigger_grps` WRITE;
/*!40000 ALTER TABLE `qrtz_paused_trigger_grps` DISABLE KEYS */;
/*!40000 ALTER TABLE `qrtz_paused_trigger_grps` ENABLE KEYS */;
UNLOCK TABLES;

--
-- Table structure for table `qrtz_scheduler_state`
--

DROP TABLE IF EXISTS `qrtz_scheduler_state`;
/*!40101 SET @saved_cs_client     = @@character_set_client */;
/*!40101 SET character_set_client = utf8 */;
CREATE TABLE `qrtz_scheduler_state` (
  `sched_name` varchar(120) NOT NULL,
  `instance_name` varchar(200) NOT NULL,
  `last_checkin_time` bigint(13) NOT NULL,
  `checkin_interval` bigint(13) NOT NULL,
  PRIMARY KEY (`sched_name`,`instance_name`) USING BTREE
) ENGINE=InnoDB DEFAULT CHARSET=utf8mb4 ROW_FORMAT=DYNAMIC;
/*!40101 SET character_set_client = @saved_cs_client */;

--
-- Dumping data for table `qrtz_scheduler_state`
--

LOCK TABLES `qrtz_scheduler_state` WRITE;
/*!40000 ALTER TABLE `qrtz_scheduler_state` DISABLE KEYS */;
INSERT INTO `qrtz_scheduler_state` VALUES ('RuoyiScheduler','PC-20130101KWFB1571583198008',1571586414080,15000);
/*!40000 ALTER TABLE `qrtz_scheduler_state` ENABLE KEYS */;
UNLOCK TABLES;

--
-- Table structure for table `qrtz_simple_triggers`
--

DROP TABLE IF EXISTS `qrtz_simple_triggers`;
/*!40101 SET @saved_cs_client     = @@character_set_client */;
/*!40101 SET character_set_client = utf8 */;
CREATE TABLE `qrtz_simple_triggers` (
  `sched_name` varchar(120) NOT NULL,
  `trigger_name` varchar(200) NOT NULL,
  `trigger_group` varchar(200) NOT NULL,
  `repeat_count` bigint(7) NOT NULL,
  `repeat_interval` bigint(12) NOT NULL,
  `times_triggered` bigint(10) NOT NULL,
  PRIMARY KEY (`sched_name`,`trigger_name`,`trigger_group`) USING BTREE,
  CONSTRAINT `qrtz_simple_triggers_ibfk_1` FOREIGN KEY (`sched_name`, `trigger_name`, `trigger_group`) REFERENCES `qrtz_triggers` (`sched_name`, `trigger_name`, `trigger_group`)
) ENGINE=InnoDB DEFAULT CHARSET=utf8mb4 ROW_FORMAT=DYNAMIC;
/*!40101 SET character_set_client = @saved_cs_client */;

--
-- Dumping data for table `qrtz_simple_triggers`
--

LOCK TABLES `qrtz_simple_triggers` WRITE;
/*!40000 ALTER TABLE `qrtz_simple_triggers` DISABLE KEYS */;
/*!40000 ALTER TABLE `qrtz_simple_triggers` ENABLE KEYS */;
UNLOCK TABLES;

--
-- Table structure for table `qrtz_simprop_triggers`
--

DROP TABLE IF EXISTS `qrtz_simprop_triggers`;
/*!40101 SET @saved_cs_client     = @@character_set_client */;
/*!40101 SET character_set_client = utf8 */;
CREATE TABLE `qrtz_simprop_triggers` (
  `sched_name` varchar(120) NOT NULL,
  `trigger_name` varchar(200) NOT NULL,
  `trigger_group` varchar(200) NOT NULL,
  `str_prop_1` varchar(512) DEFAULT NULL,
  `str_prop_2` varchar(512) DEFAULT NULL,
  `str_prop_3` varchar(512) DEFAULT NULL,
  `int_prop_1` int(11) DEFAULT NULL,
  `int_prop_2` int(11) DEFAULT NULL,
  `long_prop_1` bigint(20) DEFAULT NULL,
  `long_prop_2` bigint(20) DEFAULT NULL,
  `dec_prop_1` decimal(13,4) DEFAULT NULL,
  `dec_prop_2` decimal(13,4) DEFAULT NULL,
  `bool_prop_1` varchar(1) DEFAULT NULL,
  `bool_prop_2` varchar(1) DEFAULT NULL,
  PRIMARY KEY (`sched_name`,`trigger_name`,`trigger_group`) USING BTREE,
  CONSTRAINT `qrtz_simprop_triggers_ibfk_1` FOREIGN KEY (`sched_name`, `trigger_name`, `trigger_group`) REFERENCES `qrtz_triggers` (`sched_name`, `trigger_name`, `trigger_group`)
) ENGINE=InnoDB DEFAULT CHARSET=utf8mb4 ROW_FORMAT=DYNAMIC;
/*!40101 SET character_set_client = @saved_cs_client */;

--
-- Dumping data for table `qrtz_simprop_triggers`
--

LOCK TABLES `qrtz_simprop_triggers` WRITE;
/*!40000 ALTER TABLE `qrtz_simprop_triggers` DISABLE KEYS */;
/*!40000 ALTER TABLE `qrtz_simprop_triggers` ENABLE KEYS */;
UNLOCK TABLES;

--
-- Table structure for table `qrtz_triggers`
--

DROP TABLE IF EXISTS `qrtz_triggers`;
/*!40101 SET @saved_cs_client     = @@character_set_client */;
/*!40101 SET character_set_client = utf8 */;
CREATE TABLE `qrtz_triggers` (
  `sched_name` varchar(120) NOT NULL,
  `trigger_name` varchar(200) NOT NULL,
  `trigger_group` varchar(200) NOT NULL,
  `job_name` varchar(200) NOT NULL,
  `job_group` varchar(200) NOT NULL,
  `description` varchar(250) DEFAULT NULL,
  `next_fire_time` bigint(13) DEFAULT NULL,
  `prev_fire_time` bigint(13) DEFAULT NULL,
  `priority` int(11) DEFAULT NULL,
  `trigger_state` varchar(16) NOT NULL,
  `trigger_type` varchar(8) NOT NULL,
  `start_time` bigint(13) NOT NULL,
  `end_time` bigint(13) DEFAULT NULL,
  `calendar_name` varchar(200) DEFAULT NULL,
  `misfire_instr` smallint(2) DEFAULT NULL,
  `job_data` blob,
  PRIMARY KEY (`sched_name`,`trigger_name`,`trigger_group`) USING BTREE,
  KEY `sched_name` (`sched_name`,`job_name`,`job_group`) USING BTREE,
  CONSTRAINT `qrtz_triggers_ibfk_1` FOREIGN KEY (`sched_name`, `job_name`, `job_group`) REFERENCES `qrtz_job_details` (`sched_name`, `job_name`, `job_group`)
) ENGINE=InnoDB DEFAULT CHARSET=utf8mb4 ROW_FORMAT=DYNAMIC;
/*!40101 SET character_set_client = @saved_cs_client */;

--
-- Dumping data for table `qrtz_triggers`
--

LOCK TABLES `qrtz_triggers` WRITE;
/*!40000 ALTER TABLE `qrtz_triggers` DISABLE KEYS */;
INSERT INTO `qrtz_triggers` VALUES ('RuoyiScheduler','TASK_CLASS_NAME1','DEFAULT','TASK_CLASS_NAME1','DEFAULT',NULL,1571583200000,-1,5,'PAUSED','CRON',1571583199000,0,NULL,2,''),('RuoyiScheduler','TASK_CLASS_NAME2','DEFAULT','TASK_CLASS_NAME2','DEFAULT',NULL,1571583210000,-1,5,'PAUSED','CRON',1571583200000,0,NULL,2,''),('RuoyiScheduler','TASK_CLASS_NAME3','DEFAULT','TASK_CLASS_NAME3','DEFAULT',NULL,1571583220000,-1,5,'PAUSED','CRON',1571583201000,0,NULL,2,'');
/*!40000 ALTER TABLE `qrtz_triggers` ENABLE KEYS */;
UNLOCK TABLES;

--
-- Table structure for table `store_ads`
--

DROP TABLE IF EXISTS `store_ads`;
/*!40101 SET @saved_cs_client     = @@character_set_client */;
/*!40101 SET character_set_client = utf8 */;
CREATE TABLE `store_ads` (
  `id` int(10) unsigned NOT NULL AUTO_INCREMENT,
  `video_url` varchar(200) DEFAULT NULL COMMENT '视频url',
  `url` varchar(200) NOT NULL COMMENT '轮播图片地址',
  `type` tinyint(200) DEFAULT '1' COMMENT '类型1-视频 2-图片',
  `sort` smallint(4) unsigned DEFAULT '0' COMMENT '序号',
  `create_time` bigint(20) unsigned NOT NULL DEFAULT '0' COMMENT '创建时间',
  PRIMARY KEY (`id`) USING BTREE
) ENGINE=MyISAM AUTO_INCREMENT=13 DEFAULT CHARSET=utf8 ROW_FORMAT=DYNAMIC COMMENT='首页轮播广告';
/*!40101 SET character_set_client = @saved_cs_client */;

--
-- Dumping data for table `store_ads`
--

LOCK TABLES `store_ads` WRITE;
/*!40000 ALTER TABLE `store_ads` DISABLE KEYS */;
INSERT INTO `store_ads` VALUES (9,'https://admin.mijia321.com/static/upload/e38690a86e1ef621/313ee2689043da13.mp4','http://www.testxcx.com/static/upload/27b30e42b57aceb8/fea8d48a46cd2470.jpg',1,0,0),(11,'','https://admin.mijia321.com/static/upload/145bb741db89d1a0/b7fbb8665bd0b890.jpg',2,0,1536502777),(12,'','https://admin.mijia321.com/static/upload/279ee243f5b38111/ce8c807ed75ffe59.jpg',2,0,1536503300);
/*!40000 ALTER TABLE `store_ads` ENABLE KEYS */;
UNLOCK TABLES;

--
-- Table structure for table `store_cart`
--

DROP TABLE IF EXISTS `store_cart`;
/*!40101 SET @saved_cs_client     = @@character_set_client */;
/*!40101 SET character_set_client = utf8 */;
CREATE TABLE `store_cart` (
  `id` int(8) unsigned NOT NULL AUTO_INCREMENT COMMENT '购物车表',
  `user_id` mediumint(8) unsigned NOT NULL DEFAULT '0' COMMENT '用户id',
  `session_id` char(128) CHARACTER SET utf8 COLLATE utf8_bin DEFAULT '' COMMENT 'session',
  `goods_id` mediumint(8) unsigned NOT NULL DEFAULT '0' COMMENT '商品id',
  `goods_sn` varchar(60) NOT NULL DEFAULT '' COMMENT '商品货号',
  `goods_logo` varchar(255) DEFAULT '',
  `goods_name` varchar(120) NOT NULL DEFAULT '' COMMENT '商品名称',
  `market_price` decimal(10,2) unsigned NOT NULL DEFAULT '0.00' COMMENT '零售价',
  `goods_price` decimal(10,2) NOT NULL DEFAULT '0.00' COMMENT '本店价(进货价)',
  `member_goods_price` decimal(10,2) DEFAULT '0.00' COMMENT '会员折扣价',
  `goods_num` smallint(5) unsigned DEFAULT '0' COMMENT '购买数量',
  `spec_key` varchar(64) DEFAULT '' COMMENT '商品规格key 对应store_spec_goods_price 表',
  `spec_key_name` varchar(64) DEFAULT '' COMMENT '商品规格组合名称',
  `bar_code` varchar(64) DEFAULT '' COMMENT '商品条码',
  `selected` tinyint(1) DEFAULT '1' COMMENT '购物车选中状态',
  `add_time` datetime DEFAULT NULL COMMENT '加入购物车的时间',
  `prom_type` tinyint(1) DEFAULT '0' COMMENT '0 普通订单,1 限时抢购, 2 团购 , 3 促销优惠',
  `prom_id` int(11) DEFAULT '0' COMMENT '活动id',
  `sku` varchar(128) DEFAULT '' COMMENT 'sku',
  PRIMARY KEY (`id`) USING BTREE,
  KEY `session_id` (`session_id`) USING BTREE,
  KEY `user_id` (`user_id`) USING BTREE,
  KEY `goods_id` (`goods_id`) USING BTREE,
  KEY `spec_key` (`spec_key`) USING BTREE
) ENGINE=InnoDB AUTO_INCREMENT=114 DEFAULT CHARSET=utf8 ROW_FORMAT=DYNAMIC COMMENT='购物车表';
/*!40101 SET character_set_client = @saved_cs_client */;

--
-- Dumping data for table `store_cart`
--

LOCK TABLES `store_cart` WRITE;
/*!40000 ALTER TABLE `store_cart` DISABLE KEYS */;
INSERT INTO `store_cart` VALUES (113,3,'',4,'222','222','222',0.00,0.00,0.00,0,'','','',1,NULL,0,0,'');
/*!40000 ALTER TABLE `store_cart` ENABLE KEYS */;
UNLOCK TABLES;

--
-- Table structure for table `store_code`
--

DROP TABLE IF EXISTS `store_code`;
/*!40101 SET @saved_cs_client     = @@character_set_client */;
/*!40101 SET character_set_client = utf8 */;
CREATE TABLE `store_code` (
  `code_id` int(10) unsigned NOT NULL AUTO_INCREMENT,
  `phone` char(11) NOT NULL COMMENT '手机号',
  `code` char(6) NOT NULL COMMENT '验证码',
  `type` tinyint(1) unsigned NOT NULL DEFAULT '0' COMMENT '注册类型 0：注册  1:密码找回 ',
  `create_time` int(10) NOT NULL DEFAULT '0' COMMENT '创建时间',
  PRIMARY KEY (`code_id`) USING BTREE
) ENGINE=InnoDB AUTO_INCREMENT=9949 DEFAULT CHARSET=utf8mb4 ROW_FORMAT=DYNAMIC COMMENT='手机验证码表';
/*!40101 SET character_set_client = @saved_cs_client */;

--
-- Dumping data for table `store_code`
--

LOCK TABLES `store_code` WRITE;
/*!40000 ALTER TABLE `store_code` DISABLE KEYS */;
INSERT INTO `store_code` VALUES (9933,'15136175246','250175',1,1532235215),(9934,'15136175246','473170',1,1532237173),(9935,'15136175246','630991',1,1532238675),(9936,'15601064107','481368',1,1536414746),(9937,'15601064105','707445',1,1536414778),(9938,'13131313131','641772',1,1536415119),(9939,'15612121212','556793',1,1536415160),(9940,'13131312020','671335',1,1536415244),(9941,'15601064107','886733',1,1536415783),(9942,'17610570135','835969',1,1536416040),(9943,'17610570135','232940',1,1536416707),(9944,'15601064107','375484',1,1536416734),(9945,'18905970273','506991',1,1537176135),(9946,'15136175246','639663',1,1537271645),(9947,'18905970273','861394',1,1537339855),(9948,'17610570135','761656',1,1538032004);
/*!40000 ALTER TABLE `store_code` ENABLE KEYS */;
UNLOCK TABLES;

--
-- Table structure for table `store_comment`
--

DROP TABLE IF EXISTS `store_comment`;
/*!40101 SET @saved_cs_client     = @@character_set_client */;
/*!40101 SET character_set_client = utf8 */;
CREATE TABLE `store_comment` (
  `comment_id` int(10) unsigned NOT NULL AUTO_INCREMENT COMMENT '评论id',
  `goods_id` mediumint(8) unsigned NOT NULL DEFAULT '0' COMMENT '商品id',
  `email` varchar(60) DEFAULT '' COMMENT 'email邮箱',
  `username` varchar(60) NOT NULL DEFAULT '' COMMENT '用户名',
  `content` text NOT NULL COMMENT '评论内容',
  `add_time` int(10) unsigned NOT NULL DEFAULT '0' COMMENT '添加时间',
  `ip_address` varchar(15) DEFAULT '' COMMENT 'ip地址',
  `is_show` tinyint(1) unsigned DEFAULT '0' COMMENT '是否显示',
  `parent_id` int(10) unsigned DEFAULT '0' COMMENT '父id',
  `user_id` int(10) unsigned NOT NULL DEFAULT '0' COMMENT '评论用户',
  `img` text COMMENT '晒单图片',
  `order_id` mediumint(8) DEFAULT '0' COMMENT '订单id',
  `deliver_rank` tinyint(1) unsigned DEFAULT '0' COMMENT '物流评价等级',
  `goods_rank` tinyint(1) DEFAULT '0' COMMENT '商品评价等级',
  `service_rank` tinyint(1) DEFAULT '0' COMMENT '商家服务态度评价等级',
  `zan_num` int(10) DEFAULT '0' COMMENT '被赞数',
  `zan_userid` varchar(255) DEFAULT '' COMMENT '点赞用户id',
  `is_anonymous` tinyint(1) DEFAULT '0' COMMENT '是否匿名评价:0不是，1是',
  `rec_id` int(11) DEFAULT NULL COMMENT '订单商品表ID',
  PRIMARY KEY (`comment_id`) USING BTREE,
  KEY `parent_id` (`parent_id`) USING BTREE,
  KEY `id_value` (`goods_id`) USING BTREE,
  KEY `order_id` (`order_id`) USING BTREE,
  KEY `user_id` (`user_id`) USING BTREE
) ENGINE=InnoDB AUTO_INCREMENT=11 DEFAULT CHARSET=utf8 ROW_FORMAT=DYNAMIC COMMENT='商品评论表';
/*!40101 SET character_set_client = @saved_cs_client */;

--
-- Dumping data for table `store_comment`
--

LOCK TABLES `store_comment` WRITE;
/*!40000 ALTER TABLE `store_comment` DISABLE KEYS */;
INSERT INTO `store_comment` VALUES (1,5,'','胡鹏','haoping',1533046281,'',0,0,1,NULL,1639,0,0,0,0,'',0,NULL),(2,5,'','高晓松','评价内容',1539076970,'',0,0,2,NULL,4,0,0,0,0,'',0,NULL),(3,6,'','高晓松','评价内容',1539076970,'',0,0,2,NULL,4,0,0,0,0,'',0,NULL),(4,4,'','高晓松','2222',1539201129,'',0,0,2,NULL,1763,0,0,0,0,'',0,NULL),(5,5,'','高晓松','22222',1539201363,'',0,0,2,NULL,1761,0,0,0,0,'',0,NULL),(6,5,'','高晓松','222',1539201390,'',0,0,2,NULL,1759,0,0,0,0,'',0,NULL),(7,4,'','林建宾','',1539226890,'',0,0,7,NULL,1764,0,0,0,0,'',0,NULL),(8,5,'','林建宾','啊啊啊啊啊',1539240054,'',0,0,7,NULL,1700,0,0,0,0,'',0,NULL),(9,4,'','林建宾','肩胛骨寂寞',1539240191,'',0,0,7,NULL,1695,0,0,0,0,'',0,NULL),(10,5,'','林建宾','',1539243601,'',0,0,7,NULL,1849,0,0,0,0,'',0,NULL);
/*!40000 ALTER TABLE `store_comment` ENABLE KEYS */;
UNLOCK TABLES;

--
-- Table structure for table `store_coupon`
--

DROP TABLE IF EXISTS `store_coupon`;
/*!40101 SET @saved_cs_client     = @@character_set_client */;
/*!40101 SET character_set_client = utf8 */;
CREATE TABLE `store_coupon` (
  `id` int(8) NOT NULL AUTO_INCREMENT COMMENT '表id',
  `name` varchar(50) NOT NULL DEFAULT '' COMMENT '优惠券名字',
  `type` tinyint(1) unsigned NOT NULL DEFAULT '2' COMMENT '发放类型 0下单赠送1 指定发放 2 免费领取 3线下发放',
  `money` decimal(10,2) NOT NULL DEFAULT '0.00' COMMENT '优惠券金额',
  `condition` decimal(10,2) NOT NULL DEFAULT '0.00' COMMENT '使用条件，满多少金额',
  `createnum` int(11) DEFAULT '0' COMMENT '发放数量',
  `send_num` int(11) DEFAULT '0' COMMENT '已领取数量',
  `use_num` int(11) DEFAULT '0' COMMENT '已使用数量',
  `send_start_time` int(11) DEFAULT NULL COMMENT '发放开始时间',
  `send_end_time` int(11) DEFAULT NULL COMMENT '发放结束时间',
  `use_start_time` datetime DEFAULT NULL COMMENT '使用开始时间',
  `use_end_time` datetime DEFAULT NULL COMMENT '使用结束时间',
  `add_time` int(11) DEFAULT NULL COMMENT '添加时间',
  `status` int(2) DEFAULT NULL COMMENT '状态：1有效,2无效',
  `use_type` tinyint(1) DEFAULT '0' COMMENT '使用范围：0全店通用1指定商品可用2指定分类商品可用',
  PRIMARY KEY (`id`) USING BTREE,
  KEY `use_end_time` (`use_end_time`) USING BTREE
) ENGINE=InnoDB AUTO_INCREMENT=24 DEFAULT CHARSET=utf8 ROW_FORMAT=DYNAMIC COMMENT='优惠券主表';
/*!40101 SET character_set_client = @saved_cs_client */;

--
-- Dumping data for table `store_coupon`
--

LOCK TABLES `store_coupon` WRITE;
/*!40000 ALTER TABLE `store_coupon` DISABLE KEYS */;
INSERT INTO `store_coupon` VALUES (21,'新客户优惠券',2,50.00,300.00,100,1,0,NULL,NULL,'2019-08-15 10:35:09','2019-09-27 10:35:14',1509008166,1,0),(22,'优惠券01',2,20.00,200.00,1000,0,4,NULL,NULL,'2019-08-08 10:35:17','2019-09-10 10:35:21',1533040174,NULL,0),(23,'五一促销1',2,10.00,100.00,1000,0,0,NULL,NULL,'2019-08-21 00:00:00','2019-09-30 00:00:00',NULL,NULL,0);
/*!40000 ALTER TABLE `store_coupon` ENABLE KEYS */;
UNLOCK TABLES;

--
-- Table structure for table `store_coupon_list`
--

DROP TABLE IF EXISTS `store_coupon_list`;
/*!40101 SET @saved_cs_client     = @@character_set_client */;
/*!40101 SET character_set_client = utf8 */;
CREATE TABLE `store_coupon_list` (
  `id` int(8) NOT NULL AUTO_INCREMENT COMMENT '表id',
  `cid` int(8) NOT NULL DEFAULT '0' COMMENT '优惠券 对应coupon表id',
  `type` tinyint(1) unsigned NOT NULL DEFAULT '2' COMMENT '发放类型 1 按订单发放 2 注册 3 邀请 4 按用户发放',
  `uid` int(8) NOT NULL DEFAULT '0' COMMENT '用户id',
  `order_id` int(8) NOT NULL DEFAULT '0' COMMENT '订单id',
  `get_order_id` int(11) DEFAULT '0' COMMENT '优惠券来自订单ID',
  `use_time` int(11) NOT NULL DEFAULT '0' COMMENT '使用时间',
  `code` varchar(10) DEFAULT '' COMMENT '优惠券兑换码',
  `send_time` int(11) NOT NULL DEFAULT '0' COMMENT '发放时间',
  `status` tinyint(1) DEFAULT '0' COMMENT '0未使用1已使用2已过期',
  PRIMARY KEY (`id`) USING BTREE,
  KEY `cid` (`cid`) USING BTREE,
  KEY `uid` (`uid`) USING BTREE,
  KEY `code` (`code`) USING BTREE,
  KEY `order_id` (`order_id`) USING BTREE
) ENGINE=InnoDB AUTO_INCREMENT=201 DEFAULT CHARSET=utf8 ROW_FORMAT=DYNAMIC COMMENT='优惠券记录表';
/*!40101 SET character_set_client = @saved_cs_client */;

--
-- Dumping data for table `store_coupon_list`
--

LOCK TABLES `store_coupon_list` WRITE;
/*!40000 ALTER TABLE `store_coupon_list` DISABLE KEYS */;
INSERT INTO `store_coupon_list` VALUES (193,21,2,1,0,0,0,'',1532056369,0),(194,22,4,7,0,0,1539050142,'',1537436694,0),(195,22,4,3,0,0,1539237126,'',1537436694,0),(196,22,4,1,0,0,0,'',1537436694,0),(197,22,4,2,0,0,1539021653,'',1538037967,0),(198,21,4,2,0,0,0,'',1538037976,0),(199,21,4,3,0,0,1568620478,'',1538038018,1),(200,21,4,7,0,0,0,'',1539249927,0);
/*!40000 ALTER TABLE `store_coupon_list` ENABLE KEYS */;
UNLOCK TABLES;

--
-- Table structure for table `store_express`
--

DROP TABLE IF EXISTS `store_express`;
/*!40101 SET @saved_cs_client     = @@character_set_client */;
/*!40101 SET character_set_client = utf8 */;
CREATE TABLE `store_express` (
  `id` bigint(20) unsigned NOT NULL AUTO_INCREMENT,
  `express_title` varchar(50) DEFAULT '' COMMENT '快递公司名称',
  `express_code` varchar(50) DEFAULT '' COMMENT '快递公司代码',
  `express_desc` text COMMENT '快递公司描述',
  `status` tinyint(1) unsigned DEFAULT '1' COMMENT '状态(0.无效,1.有效)',
  `sort` bigint(20) unsigned DEFAULT '0' COMMENT '排序',
  `is_deleted` tinyint(1) unsigned DEFAULT '0' COMMENT '删除状态(1删除,0未删除)',
  `create_at` timestamp NULL DEFAULT CURRENT_TIMESTAMP COMMENT '创建时间',
  PRIMARY KEY (`id`) USING BTREE
) ENGINE=InnoDB AUTO_INCREMENT=95 DEFAULT CHARSET=utf8 ROW_FORMAT=DYNAMIC COMMENT='商城快递配置';
/*!40101 SET character_set_client = @saved_cs_client */;

--
-- Dumping data for table `store_express`
--

LOCK TABLES `store_express` WRITE;
/*!40000 ALTER TABLE `store_express` DISABLE KEYS */;
INSERT INTO `store_express` VALUES (5,'AAE全球专递','aae','顺丰快递公司',0,0,0,'2017-09-12 03:53:40'),(6,'安捷快递','anjie','',0,0,0,'2017-09-13 07:27:26'),(7,'安信达快递','anxindakuaixi',NULL,0,0,0,'2017-09-13 08:05:19'),(8,'彪记快递','biaojikuaidi',NULL,0,0,0,'2017-09-13 08:05:26'),(9,'BHT','bht','',0,0,0,'2017-09-13 08:05:37'),(10,'百福东方国际物流','baifudongfang',NULL,0,0,0,'2017-09-13 08:05:41'),(11,'中国东方（COE）','coe',NULL,0,0,0,'2017-09-13 08:05:48'),(12,'长宇物流','changyuwuliu',NULL,0,0,0,'2017-09-13 08:05:58'),(13,'大田物流','datianwuliu',NULL,0,0,0,'2017-09-13 08:06:06'),(14,'德邦物流','debangwuliu',NULL,1,1,0,'2017-09-13 08:06:14'),(15,'DHL','dhl',NULL,0,0,0,'2017-09-13 08:06:24'),(16,'DPEX','dpex',NULL,0,0,0,'2017-09-13 08:06:29'),(17,'d速快递','dsukuaidi',NULL,0,0,0,'2017-09-13 08:06:34'),(18,'递四方','disifang',NULL,0,0,0,'2017-09-13 08:06:40'),(19,'EMS快递','ems','',1,0,0,'2017-09-13 08:06:47'),(20,'FEDEX（国外）','fedex',NULL,0,0,0,'2017-09-13 08:06:56'),(21,'飞康达物流','feikangda',NULL,0,0,0,'2017-09-13 08:07:03'),(22,'凤凰快递','fenghuangkuaidi',NULL,0,0,0,'2017-09-13 08:07:10'),(23,'飞快达','feikuaida',NULL,0,0,0,'2017-09-13 08:07:16'),(24,'国通快递','guotongkuaidi',NULL,0,0,0,'2017-09-13 08:07:27'),(25,'港中能达物流','ganzhongnengda',NULL,0,0,0,'2017-09-13 08:07:33'),(26,'广东邮政物流','guangdongyouzhengwuliu',NULL,0,0,0,'2017-09-13 08:08:22'),(27,'共速达','gongsuda',NULL,0,0,0,'2017-09-13 08:08:48'),(28,'汇通快运','huitongkuaidi',NULL,0,0,0,'2017-09-13 08:08:56'),(29,'恒路物流','hengluwuliu',NULL,0,0,0,'2017-09-13 08:09:02'),(30,'华夏龙物流','huaxialongwuliu',NULL,0,0,0,'2017-09-13 08:09:12'),(31,'海红','haihongwangsong',NULL,0,0,0,'2017-09-13 08:09:20'),(32,'海外环球','haiwaihuanqiu',NULL,0,0,0,'2017-09-13 08:09:27'),(33,'佳怡物流','jiayiwuliu',NULL,0,0,0,'2017-09-13 08:09:35'),(34,'京广速递','jinguangsudikuaijian',NULL,0,0,0,'2017-09-13 08:09:42'),(35,'急先达','jixianda',NULL,0,0,0,'2017-09-13 08:09:49'),(36,'佳吉物流','jjwl',NULL,0,0,0,'2017-09-13 08:10:01'),(37,'加运美物流','jymwl',NULL,0,0,0,'2017-09-13 08:10:13'),(38,'金大物流','jindawuliu',NULL,0,0,0,'2017-09-13 08:10:22'),(39,'嘉里大通','jialidatong',NULL,0,0,0,'2017-09-13 08:10:33'),(40,'晋越快递','jykd',NULL,0,0,0,'2017-09-13 08:10:40'),(41,'快捷速递','kuaijiesudi',NULL,0,0,0,'2017-09-13 08:10:49'),(42,'联邦快递（国内）','lianb',NULL,0,0,0,'2017-09-13 08:10:58'),(43,'联昊通物流','lianhaowuliu',NULL,0,0,0,'2017-09-13 08:11:07'),(44,'龙邦物流','longbanwuliu',NULL,0,0,0,'2017-09-13 08:11:15'),(45,'立即送','lijisong',NULL,0,0,0,'2017-09-13 08:11:25'),(46,'乐捷递','lejiedi',NULL,0,0,0,'2017-09-13 08:11:36'),(47,'民航快递','minghangkuaidi',NULL,0,0,0,'2017-09-13 08:11:45'),(48,'美国快递','meiguokuaidi',NULL,0,0,0,'2017-09-13 08:11:53'),(49,'门对门','menduimen',NULL,0,0,0,'2017-09-13 08:12:01'),(50,'OCS','ocs',NULL,0,0,0,'2017-09-13 08:12:10'),(51,'配思货运','peisihuoyunkuaidi',NULL,0,0,0,'2017-09-13 08:12:18'),(52,'全晨快递','quanchenkuaidi',NULL,0,0,0,'2017-09-13 08:12:26'),(53,'全峰快递','quanfengkuaidi',NULL,0,0,0,'2017-09-13 08:12:34'),(54,'全际通物流','quanjitong',NULL,0,0,0,'2017-09-13 08:12:41'),(55,'全日通快递','quanritongkuaidi',NULL,0,0,0,'2017-09-13 08:12:49'),(56,'全一快递','quanyikuaidi',NULL,0,0,0,'2017-09-13 08:12:56'),(57,'如风达','rufengda',NULL,0,0,0,'2017-09-13 08:13:03'),(58,'三态速递','santaisudi',NULL,0,0,0,'2017-09-13 08:13:15'),(59,'盛辉物流','shenghuiwuliu',NULL,0,0,0,'2017-09-13 08:13:22'),(60,'申通','shentong',NULL,0,0,0,'2017-09-13 08:13:34'),(61,'顺丰','shunfeng','',1,0,0,'2017-09-13 08:13:41'),(62,'速尔物流','sue',NULL,0,0,0,'2017-09-13 08:13:48'),(63,'盛丰物流','shengfeng',NULL,0,0,0,'2017-09-13 08:13:55'),(64,'赛澳递','saiaodi',NULL,0,0,0,'2017-09-13 08:14:02'),(65,'天地华宇','tiandihuayu',NULL,0,0,0,'2017-09-13 08:14:11'),(66,'天天快递','tiantian',NULL,0,0,0,'2017-09-13 08:14:19'),(67,'TNT','tnt',NULL,0,0,0,'2017-09-13 08:14:26'),(68,'UPS','ups',NULL,0,0,0,'2017-09-13 08:14:29'),(69,'万家物流','wanjiawuliu',NULL,0,0,0,'2017-09-13 08:14:37'),(70,'文捷航空速递','wenjiesudi',NULL,0,0,0,'2017-09-13 08:14:46'),(71,'伍圆','wuyuan',NULL,0,0,0,'2017-09-13 08:14:52'),(72,'万象物流','wxwl',NULL,0,0,0,'2017-09-13 08:15:00'),(73,'新邦物流','xinbangwuliu',NULL,0,0,0,'2017-09-13 08:15:06'),(74,'信丰物流','xinfengwuliu',NULL,0,0,0,'2017-09-13 08:15:15'),(75,'亚风速递','yafengsudi',NULL,0,0,0,'2017-09-13 08:15:23'),(76,'一邦速递','yibangwuliu',NULL,0,0,0,'2017-09-13 08:15:30'),(77,'优速物流','youshuwuliu',NULL,0,0,0,'2017-09-13 08:15:36'),(78,'邮政包裹挂号信','youzhengguonei',NULL,0,3,0,'2017-09-13 08:15:44'),(79,'邮政国际包裹挂号信','youzhengguoji',NULL,0,2,0,'2017-09-13 08:15:51'),(80,'远成物流','yuanchengwuliu',NULL,0,0,0,'2017-09-13 08:15:57'),(81,'圆通速递','yuantong',NULL,1,1,0,'2017-09-13 08:16:03'),(82,'源伟丰快递','yuanweifeng',NULL,0,0,0,'2017-09-13 08:16:10'),(83,'元智捷诚快递','yuanzhijiecheng',NULL,0,0,0,'2017-09-13 08:16:17'),(84,'韵达快运','yunda',NULL,0,0,0,'2017-09-13 08:16:24'),(85,'运通快递','yuntongkuaidi',NULL,0,0,0,'2017-09-13 08:16:33'),(86,'越丰物流','yuefengwuliu',NULL,0,0,0,'2017-09-13 08:16:40'),(87,'源安达','yad',NULL,0,0,0,'2017-09-13 08:16:47'),(88,'银捷速递','yinjiesudi',NULL,0,0,0,'2017-09-13 08:16:56'),(89,'宅急送','zhaijisong',NULL,0,0,0,'2017-09-13 08:17:03'),(90,'中铁快运','zhongtiekuaiyun',NULL,0,0,0,'2017-09-13 08:17:10'),(91,'中通速递','zhongtong','',0,0,0,'2017-09-13 08:17:16'),(92,'中邮物流','zhongyouwuliu',NULL,0,0,0,'2017-09-13 08:17:27'),(93,'忠信达','zhongxinda',NULL,0,0,0,'2017-09-13 08:17:34'),(94,'芝麻开门','zhimakaimen',NULL,0,0,0,'2017-09-13 08:17:41');
/*!40000 ALTER TABLE `store_express` ENABLE KEYS */;
UNLOCK TABLES;

--
-- Table structure for table `store_file_records`
--

DROP TABLE IF EXISTS `store_file_records`;
/*!40101 SET @saved_cs_client     = @@character_set_client */;
/*!40101 SET character_set_client = utf8 */;
CREATE TABLE `store_file_records` (
  `id` bigint(20) unsigned NOT NULL AUTO_INCREMENT,
  `user_id` int(11) unsigned DEFAULT '0' COMMENT '用户id',
  `file_name` varchar(100) DEFAULT '' COMMENT '文件名称',
  `file_size` int(8) unsigned DEFAULT '0' COMMENT '文件大小',
  `create_time` int(11) unsigned DEFAULT '0' COMMENT '上传时间',
  PRIMARY KEY (`id`) USING BTREE
) ENGINE=MyISAM AUTO_INCREMENT=3 DEFAULT CHARSET=utf8 ROW_FORMAT=DYNAMIC COMMENT='文件上传记录表';
/*!40101 SET character_set_client = @saved_cs_client */;

--
-- Dumping data for table `store_file_records`
--

LOCK TABLES `store_file_records` WRITE;
/*!40000 ALTER TABLE `store_file_records` DISABLE KEYS */;
INSERT INTO `store_file_records` VALUES (2,1,'/e92e4a5ebf99ee25/6681a1abf9b674b2.xlsx',9281,1536992462);
/*!40000 ALTER TABLE `store_file_records` ENABLE KEYS */;
UNLOCK TABLES;

--
-- Table structure for table `store_goods`
--

DROP TABLE IF EXISTS `store_goods`;
/*!40101 SET @saved_cs_client     = @@character_set_client */;
/*!40101 SET character_set_client = utf8 */;
CREATE TABLE `store_goods` (
  `goods_id` mediumint(8) unsigned NOT NULL AUTO_INCREMENT COMMENT '商品id',
  `cate_id` int(11) unsigned NOT NULL DEFAULT '0' COMMENT '分类id',
  `extend_cat_id` int(11) DEFAULT '0' COMMENT '扩展分类id',
  `goods_sn` varchar(60) NOT NULL DEFAULT '' COMMENT '商品编号',
  `goods_name` varchar(120) NOT NULL DEFAULT '' COMMENT '商品名称',
  `click_count` int(10) unsigned NOT NULL DEFAULT '0' COMMENT '点击数',
  `brand_id` smallint(5) unsigned NOT NULL DEFAULT '0' COMMENT '品牌id',
  `store_count` smallint(5) NOT NULL DEFAULT '10' COMMENT '库存数量',
  `comment_count` smallint(5) DEFAULT '0' COMMENT '商品评论数',
  `weight` int(11) unsigned NOT NULL DEFAULT '0' COMMENT '商品重量克为单位',
  `volume` double(10,4) unsigned NOT NULL DEFAULT '0.0000' COMMENT '商品体积。单位立方米',
  `market_price` decimal(10,2) unsigned NOT NULL DEFAULT '0.00' COMMENT '市场价(零售价)',
  `shop_price` decimal(10,2) unsigned NOT NULL DEFAULT '0.00' COMMENT '本店价(供货价)',
  `cost_price` decimal(10,2) DEFAULT '0.00' COMMENT '商品成本价',
  `price_ladder` text COMMENT '价格阶梯',
  `keywords` varchar(255) NOT NULL DEFAULT '' COMMENT '商品关键词',
  `goods_remark` varchar(255) NOT NULL DEFAULT '' COMMENT '商品简单描述',
  `goods_content` text COMMENT '商品详细描述',
  `mobile_content` text COMMENT '手机端商品详情',
  `goods_logo` varchar(255) NOT NULL DEFAULT '' COMMENT '商品上传原始图(主图)',
  `is_virtual` tinyint(3) unsigned NOT NULL DEFAULT '0' COMMENT '是否为虚拟商品 1是，0否',
  `virtual_indate` int(11) DEFAULT '0' COMMENT '虚拟商品有效期',
  `virtual_limit` smallint(6) DEFAULT '0' COMMENT '虚拟商品购买上限',
  `virtual_refund` tinyint(1) DEFAULT '1' COMMENT '是否允许过期退款， 1是，0否',
  `is_on_sale` tinyint(1) unsigned NOT NULL DEFAULT '1' COMMENT '是否上架 0-未上架 1-销售中',
  `is_free_shipping` tinyint(1) unsigned NOT NULL DEFAULT '0' COMMENT '是否包邮0否1是',
  `on_time` int(10) unsigned NOT NULL DEFAULT '0' COMMENT '商品上架时间',
  `sort` smallint(4) unsigned NOT NULL DEFAULT '50' COMMENT '商品排序',
  `is_recommend` tinyint(1) unsigned NOT NULL DEFAULT '0' COMMENT '是否推荐0-未推荐 1-已推荐',
  `is_new` tinyint(1) unsigned NOT NULL DEFAULT '0' COMMENT '是否新品0-不是 1-是',
  `is_hot` tinyint(1) DEFAULT '0' COMMENT '是否热卖',
  `last_update` int(10) unsigned NOT NULL DEFAULT '0' COMMENT '最后更新时间',
  `goods_type` smallint(5) unsigned NOT NULL DEFAULT '0' COMMENT '商品所属类型id，取值表goods_type的id',
  `spec_type` smallint(5) DEFAULT '0' COMMENT '商品规格类型，取值表goods_type的id',
  `give_integral` mediumint(8) unsigned NOT NULL DEFAULT '0' COMMENT '购买商品赠送积分',
  `exchange_integral` int(10) NOT NULL DEFAULT '0' COMMENT '积分兑换：0不参与积分兑换，积分和现金的兑换比例见后台配置',
  `suppliers_id` smallint(5) unsigned NOT NULL DEFAULT '0' COMMENT '供货商ID',
  `sales_sum` int(11) DEFAULT '0' COMMENT '商品销量',
  `prom_type` tinyint(1) DEFAULT '0' COMMENT '0默认1抢购2团购3优惠促销4预售5虚拟(5其实没用)6拼团',
  `prom_id` int(11) NOT NULL DEFAULT '0' COMMENT '优惠活动id',
  `commission` decimal(10,2) DEFAULT '0.00' COMMENT '佣金用于分销分成',
  `spu` varchar(128) DEFAULT '' COMMENT 'SPU',
  `sku` varchar(128) DEFAULT '' COMMENT 'SKU',
  `template_id` int(11) unsigned DEFAULT '0' COMMENT '运费模板ID',
  `goods_video` varchar(255) DEFAULT '' COMMENT '视频',
  PRIMARY KEY (`goods_id`) USING BTREE,
  KEY `goods_sn` (`goods_sn`) USING BTREE,
  KEY `cat_id` (`cate_id`) USING BTREE,
  KEY `last_update` (`last_update`) USING BTREE,
  KEY `brand_id` (`brand_id`) USING BTREE,
  KEY `goods_number` (`store_count`) USING BTREE,
  KEY `goods_weight` (`weight`) USING BTREE,
  KEY `sort_order` (`sort`) USING BTREE
) ENGINE=InnoDB AUTO_INCREMENT=11 DEFAULT CHARSET=utf8 ROW_FORMAT=DYNAMIC COMMENT='商品主表';
/*!40101 SET character_set_client = @saved_cs_client */;

--
-- Dumping data for table `store_goods`
--

LOCK TABLES `store_goods` WRITE;
/*!40000 ALTER TABLE `store_goods` DISABLE KEYS */;
INSERT INTO `store_goods` VALUES (4,5,0,'#10078','小米8青春',0,1,77,0,0,0.0000,140.00,100.00,0.00,NULL,'布料','布料描述，布料描述，布料描述','<p><img border=\"0\" src=\"https://admin.mijia321.com/static/upload/145bb741db89d1a0/b7fbb8665bd0b890.jpg\" title=\"image\" /></p>',NULL,'https://admin.mijia321.com/static/upload/5941400cd87c37bb/c838a50cd6e02bc9.jpg',0,0,0,1,1,0,0,50,1,1,0,0,39,0,10,0,0,23,0,0,0.00,'','',0,'https://admin.mijia321.com/static/upload/e38690a86e1ef621/313ee2689043da13.mp4'),(5,5,0,'#10086','苹果X',0,1,172,0,0,0.0000,150.00,100.00,0.00,NULL,'枕芯','枕芯这里是什么呢','<p><img border=\"0\" src=\"https://admin.mijia321.com/static/upload/5735b3971afb31b4/4056e87625d6308d.jpg\" title=\"image\" /></p>\r\n\r\n<p><img border=\"0\" src=\"https://admin.mijia321.com/static/upload/2ca3e28f579f67bf/60adbbcf479f76a1.jpg\" title=\"image\" /></p>',NULL,'https://admin.mijia321.com/static/upload/2ca3e28f579f67bf/60adbbcf479f76a1.jpg',0,0,0,1,1,0,0,50,0,1,0,0,39,0,20,0,0,28,0,0,0.00,'','',0,'https://admin.mijia321.com/static/upload/e38690a86e1ef621/313ee2689043da13.mp4'),(6,5,0,'10010','小米6X',0,2,19,0,0,0.0000,18.00,22.00,0.00,NULL,'123','123123','<p><img border=\"0\" src=\"https://admin.mijia321.com/static/upload/90302f074f2f7060/17f5d62b05cccc78.jpg\" title=\"image\" /></p>',NULL,'https://admin.mijia321.com/static/upload/90302f074f2f7060/17f5d62b05cccc78.jpg',0,0,0,1,1,0,0,50,1,0,0,0,39,0,0,0,0,3,0,0,0.00,'','',0,''),(7,5,0,'#45678','红米6A',0,2,12,0,0,0.0000,12.00,22.00,0.00,NULL,'12','123123','<p><img border=\"0\" src=\"https://admin.mijia321.com/static/upload/1eaff416a8e9b845/ef5711e4c1995028.jpg\" title=\"image\" /></p>',NULL,'https://admin.mijia321.com/static/upload/593fab60868bfd61/3e6219d4ad6fe91a.jpg',0,0,0,1,1,0,0,50,1,1,0,0,39,0,0,0,0,0,0,0,0.00,'','',0,''),(8,4,0,'#10096','小米平板',0,1,10,0,0,0.0000,9888.00,6888.00,0.00,NULL,'小米','123','<p><img border=\"0\" src=\"https://admin.mijia321.com/static/upload/bbed0eba70c2018c/5b22ac2638e18245.jpg\" title=\"image\" /><img border=\"0\" src=\"https://admin.mijia321.com/static/upload/137478132b12081d/8f46351f022872b4.jpg\" title=\"image\" /><img border=\"0\" src=\"https://admin.mijia321.com/static/upload/0a78b71aebb5a39e/b64ce1f2ee6ac447.jpg\" title=\"image\" /><img border=\"0\" src=\"https://admin.mijia321.com/static/upload/b9d6ba99c4c6c55b/f4ed701f2ae71653.jpg\" title=\"image\" /></p>',NULL,'https://admin.mijia321.com/static/upload/57f30ef609837394/95492d0e4b055104.jpg',0,0,0,1,1,0,0,50,1,1,0,0,39,0,0,0,0,0,0,0,0.00,'','',0,''),(9,11,0,'#1008611','测试商品规格',0,1,10,0,0,0.0000,100.00,20.00,0.00,NULL,'复印','描述',NULL,NULL,'',0,0,0,1,1,0,0,1,0,0,0,0,39,0,0,0,0,0,0,0,0.00,'','',0,''),(10,9,0,'09','广告语',0,1,10,0,0,0.0000,90.00,80.00,0.00,NULL,'ok','kiiu',NULL,NULL,'',0,0,0,1,1,0,0,2,1,1,0,0,0,0,0,0,0,0,0,0,0.00,'','',0,'');
/*!40000 ALTER TABLE `store_goods` ENABLE KEYS */;
UNLOCK TABLES;

--
-- Table structure for table `store_goods_activity`
--

DROP TABLE IF EXISTS `store_goods_activity`;
/*!40101 SET @saved_cs_client     = @@character_set_client */;
/*!40101 SET character_set_client = utf8 */;
CREATE TABLE `store_goods_activity` (
  `act_id` mediumint(8) unsigned NOT NULL AUTO_INCREMENT COMMENT '活动ID',
  `act_name` varchar(255) NOT NULL DEFAULT '' COMMENT '活动名称',
  `act_desc` text NOT NULL COMMENT '活动描述',
  `act_type` tinyint(3) unsigned NOT NULL DEFAULT '0' COMMENT '活动类型:1预售2拼团',
  `goods_id` mediumint(8) unsigned NOT NULL DEFAULT '0' COMMENT '参加活动商品ID',
  `spec_id` mediumint(8) unsigned NOT NULL DEFAULT '0' COMMENT '商品规格ID',
  `goods_name` varchar(255) NOT NULL DEFAULT '' COMMENT '商品名称',
  `start_time` int(10) unsigned NOT NULL COMMENT '活动开始时间',
  `end_time` int(10) unsigned NOT NULL COMMENT '活动结束时间',
  `is_finished` tinyint(3) unsigned NOT NULL DEFAULT '0' COMMENT '是否已结束:0,正常；1,成功结束；2，失败结束。',
  `ext_info` text NOT NULL COMMENT '活动扩展配置',
  `act_count` mediumint(8) NOT NULL DEFAULT '0' COMMENT '商品购买数',
  PRIMARY KEY (`act_id`) USING BTREE,
  KEY `act_name` (`act_name`,`act_type`,`goods_id`) USING BTREE
) ENGINE=MyISAM AUTO_INCREMENT=2 DEFAULT CHARSET=utf8 ROW_FORMAT=DYNAMIC;
/*!40101 SET character_set_client = @saved_cs_client */;

--
-- Dumping data for table `store_goods_activity`
--

LOCK TABLES `store_goods_activity` WRITE;
/*!40000 ALTER TABLE `store_goods_activity` DISABLE KEYS */;
/*!40000 ALTER TABLE `store_goods_activity` ENABLE KEYS */;
UNLOCK TABLES;

--
-- Table structure for table `store_goods_attr`
--

DROP TABLE IF EXISTS `store_goods_attr`;
/*!40101 SET @saved_cs_client     = @@character_set_client */;
/*!40101 SET character_set_client = utf8 */;
CREATE TABLE `store_goods_attr` (
  `goods_attr_id` int(10) unsigned NOT NULL AUTO_INCREMENT COMMENT '商品属性id自增',
  `goods_id` mediumint(8) unsigned NOT NULL DEFAULT '0' COMMENT '商品id',
  `attr_id` smallint(5) unsigned NOT NULL DEFAULT '0' COMMENT '属性id',
  `attr_value` text NOT NULL COMMENT '属性值',
  `attr_price` varchar(255) NOT NULL DEFAULT '' COMMENT '属性价格',
  PRIMARY KEY (`goods_attr_id`) USING BTREE,
  KEY `goods_id` (`goods_id`) USING BTREE,
  KEY `attr_id` (`attr_id`) USING BTREE
) ENGINE=InnoDB AUTO_INCREMENT=27 DEFAULT CHARSET=utf8 ROW_FORMAT=DYNAMIC COMMENT='商品关联的属性表(与商品相关)';
/*!40101 SET character_set_client = @saved_cs_client */;

--
-- Dumping data for table `store_goods_attr`
--

LOCK TABLES `store_goods_attr` WRITE;
/*!40000 ALTER TABLE `store_goods_attr` DISABLE KEYS */;
INSERT INTO `store_goods_attr` VALUES (2,1,330,'12*15*18','0'),(9,5,329,'3D立体',''),(10,5,330,'100%纯棉',''),(11,4,329,'纯手工2',''),(12,4,330,'100%纯棉2',''),(13,6,329,'123',''),(14,6,330,'456',''),(17,8,329,'电镀',''),(18,8,330,'金属',''),(19,7,329,'123',''),(20,7,330,'123',''),(25,9,330,'材质',''),(26,9,329,'工艺9','');
/*!40000 ALTER TABLE `store_goods_attr` ENABLE KEYS */;
UNLOCK TABLES;

--
-- Table structure for table `store_goods_attribute`
--

DROP TABLE IF EXISTS `store_goods_attribute`;
/*!40101 SET @saved_cs_client     = @@character_set_client */;
/*!40101 SET character_set_client = utf8 */;
CREATE TABLE `store_goods_attribute` (
  `attr_id` int(11) unsigned NOT NULL AUTO_INCREMENT COMMENT '属性id',
  `attr_name` varchar(60) NOT NULL DEFAULT '' COMMENT '属性名称',
  `type_id` smallint(5) unsigned NOT NULL DEFAULT '0' COMMENT '属性分类id(商品模型id)',
  `attr_index` tinyint(1) unsigned DEFAULT '0' COMMENT '0不需要检索 1关键字检索 2范围检索',
  `attr_type` tinyint(1) unsigned DEFAULT '0' COMMENT '0唯一属性 1单选属性 2复选属性',
  `attr_input_type` tinyint(1) unsigned DEFAULT '0' COMMENT ' 0 手工录入 1从列表中选择 2多行文本框',
  `attr_values` text COMMENT '可选值列表',
  `sort` tinyint(3) unsigned NOT NULL DEFAULT '50' COMMENT '属性排序',
  PRIMARY KEY (`attr_id`) USING BTREE,
  KEY `cat_id` (`type_id`) USING BTREE
) ENGINE=InnoDB AUTO_INCREMENT=332 DEFAULT CHARSET=utf8 ROW_FORMAT=DYNAMIC COMMENT='商品的属性表(独立)';
/*!40101 SET character_set_client = @saved_cs_client */;

--
-- Dumping data for table `store_goods_attribute`
--

LOCK TABLES `store_goods_attribute` WRITE;
/*!40000 ALTER TABLE `store_goods_attribute` DISABLE KEYS */;
INSERT INTO `store_goods_attribute` VALUES (329,'工艺',39,0,0,0,'',50),(330,'材质',39,0,0,0,'',50),(331,'内存',40,0,0,0,NULL,50);
/*!40000 ALTER TABLE `store_goods_attribute` ENABLE KEYS */;
UNLOCK TABLES;

--
-- Table structure for table `store_goods_brand`
--

DROP TABLE IF EXISTS `store_goods_brand`;
/*!40101 SET @saved_cs_client     = @@character_set_client */;
/*!40101 SET character_set_client = utf8 */;
CREATE TABLE `store_goods_brand` (
  `id` int(11) unsigned NOT NULL AUTO_INCREMENT,
  `brand_logo` varchar(1024) DEFAULT '' COMMENT '品牌logo',
  `brand_cover` varchar(1024) DEFAULT '' COMMENT '品牌封面',
  `brand_title` varchar(255) DEFAULT '' COMMENT '商品品牌名称',
  `brand_desc` text COMMENT '商品品牌描述',
  `brand_detail` text COMMENT '品牌图文信息',
  `sort` int(11) unsigned DEFAULT '0' COMMENT '商品分类排序',
  `status` tinyint(1) unsigned DEFAULT '1' COMMENT '商品状态(1有效,0无效)',
  `is_deleted` tinyint(1) unsigned DEFAULT '0' COMMENT '删除状态(1删除,0未删除)',
  `create_at` timestamp NULL DEFAULT CURRENT_TIMESTAMP COMMENT '创建时间',
  PRIMARY KEY (`id`) USING BTREE
) ENGINE=InnoDB AUTO_INCREMENT=4 DEFAULT CHARSET=utf8 ROW_FORMAT=DYNAMIC COMMENT='产品品牌';
/*!40101 SET character_set_client = @saved_cs_client */;

--
-- Dumping data for table `store_goods_brand`
--

LOCK TABLES `store_goods_brand` WRITE;
/*!40000 ALTER TABLE `store_goods_brand` DISABLE KEYS */;
INSERT INTO `store_goods_brand` VALUES (1,'http://www.testxcx.com/static/upload/fec82092cb3405cc/cefd3bfb70a3c080.png','http://www.testxcx.com/static/upload/a1b7f6d005e2c1b2/9729f24657ecbf46.png','蚂蚁供货','蚂蚁供货蚂蚁供货','<p>蚂蚁供货蚂蚁供货</p>',0,1,0,'2018-07-09 12:59:50'),(2,'https://admin.mijia321.com/static/upload/145bb741db89d1a0/b7fbb8665bd0b890.jpg','https://admin.mijia321.com/static/upload/1a0b9aa9269e885f/691c8476f18c158b.jpg','星仔','自营','<p>自营品牌</p>',0,1,0,'2018-08-08 01:11:49'),(3,'http://127.0.0.1:8080/profile/upload/2019/08/23/079702428f13f5c9b5acb1c5cec16b9d.jpeg','','logo',NULL,NULL,0,1,0,'2019-08-23 10:37:19');
/*!40000 ALTER TABLE `store_goods_brand` ENABLE KEYS */;
UNLOCK TABLES;

--
-- Table structure for table `store_goods_cate`
--

DROP TABLE IF EXISTS `store_goods_cate`;
/*!40101 SET @saved_cs_client     = @@character_set_client */;
/*!40101 SET character_set_client = utf8 */;
CREATE TABLE `store_goods_cate` (
  `id` bigint(20) unsigned NOT NULL AUTO_INCREMENT,
  `pid` bigint(20) unsigned DEFAULT '0' COMMENT '上级分类编号',
  `brand_id` bigint(20) DEFAULT '0' COMMENT '品牌ID',
  `cate_title` varchar(255) DEFAULT '' COMMENT '商品分类名称',
  `cate_desc` text COMMENT '商品分类',
  `img_url` varchar(200) DEFAULT '' COMMENT '缩略图url',
  `sort` bigint(20) unsigned DEFAULT '0' COMMENT '商品分类排序',
  `status` bigint(1) unsigned DEFAULT '1' COMMENT '商品状态(1有效,0无效)',
  `is_deleted` bigint(1) unsigned DEFAULT '0' COMMENT '删除状态(1删除,0未删除)',
  `create_at` timestamp NULL DEFAULT CURRENT_TIMESTAMP COMMENT '创建时间',
  PRIMARY KEY (`id`) USING BTREE
) ENGINE=InnoDB AUTO_INCREMENT=13 DEFAULT CHARSET=utf8 ROW_FORMAT=DYNAMIC COMMENT='商城商品分类';
/*!40101 SET character_set_client = @saved_cs_client */;

--
-- Dumping data for table `store_goods_cate`
--

LOCK TABLES `store_goods_cate` WRITE;
/*!40000 ALTER TABLE `store_goods_cate` DISABLE KEYS */;
INSERT INTO `store_goods_cate` VALUES (3,0,0,'套件','套件',NULL,0,1,0,'2018-07-09 13:01:36'),(4,0,0,'布料','布料',NULL,0,1,0,'2018-07-09 13:01:51'),(5,4,0,'布料子类','吞吞吐吐','https://admin.mijia321.com/static/upload/f1a360f04248ba32/02e06403821912f2.png',0,1,0,'2018-07-11 03:31:51'),(6,2,0,'枕芯子类','','https://admin.mijia321.com/static/upload/fec82092cb3405cc/cefd3bfb70a3c080.png',0,1,0,'2018-09-17 07:29:38'),(7,3,0,'套件子类','','https://admin.mijia321.com/static/upload/62a4f8f956822c5b/2e6251636de8bbd5.png',0,1,0,'2018-09-17 07:30:59'),(8,1,0,'被芯子类','','https://admin.mijia321.com/static/upload/f1ae4b809166c2ba/58c3fdcfceea8aa6.png',0,1,0,'2018-09-17 07:31:22'),(9,4,0,'二类','2222','https://admin.mijia321.com/static/upload/d481af1cce3bc3db/874b64a4b4c1710c.png',0,1,0,'2018-09-18 06:38:33'),(10,4,0,'三类','333','https://admin.mijia321.com/static/upload/3dd5c60c944e82c5/144b2d281abaf5ee.png',0,1,0,'2018-09-18 06:38:54'),(11,4,0,'四类','444','https://admin.mijia321.com/static/upload/254d163d8b3b6396/eda3a76294b250fe.png',0,1,0,'2018-09-18 06:39:30'),(12,1,0,'背心','44','http://127.0.0.1:8080/profile/upload/2019/08/23/2e593ef4098a5c1758c11e2539f5962b.png',0,1,0,'2019-08-23 09:44:50');
/*!40000 ALTER TABLE `store_goods_cate` ENABLE KEYS */;
UNLOCK TABLES;

--
-- Table structure for table `store_goods_collect`
--

DROP TABLE IF EXISTS `store_goods_collect`;
/*!40101 SET @saved_cs_client     = @@character_set_client */;
/*!40101 SET character_set_client = utf8 */;
CREATE TABLE `store_goods_collect` (
  `collect_id` mediumint(8) unsigned NOT NULL AUTO_INCREMENT COMMENT '表id',
  `user_id` mediumint(8) unsigned NOT NULL DEFAULT '0' COMMENT '用户id',
  `goods_id` mediumint(8) unsigned NOT NULL DEFAULT '0' COMMENT '商品id',
  `add_time` datetime DEFAULT NULL COMMENT '添加时间',
  PRIMARY KEY (`collect_id`) USING BTREE,
  KEY `user_id` (`user_id`) USING BTREE,
  KEY `goods_id` (`goods_id`) USING BTREE
) ENGINE=InnoDB AUTO_INCREMENT=421 DEFAULT CHARSET=utf8 ROW_FORMAT=DYNAMIC COMMENT='商品收藏表';
/*!40101 SET character_set_client = @saved_cs_client */;

--
-- Dumping data for table `store_goods_collect`
--

LOCK TABLES `store_goods_collect` WRITE;
/*!40000 ALTER TABLE `store_goods_collect` DISABLE KEYS */;
INSERT INTO `store_goods_collect` VALUES (342,3,6,'2019-09-10 07:06:10'),(352,2,5,'2019-09-10 07:06:11'),(361,5,4,'2019-09-10 07:06:12'),(398,3,5,'2019-09-10 07:06:13'),(406,2,4,'2019-09-10 07:06:14'),(410,7,4,'2019-09-10 07:06:15'),(412,7,5,'2019-09-10 07:06:16'),(414,7,6,'2019-09-10 07:06:17'),(415,7,7,'2019-09-10 07:06:18'),(420,3,4,'2019-09-10 07:06:18');
/*!40000 ALTER TABLE `store_goods_collect` ENABLE KEYS */;
UNLOCK TABLES;

--
-- Table structure for table `store_goods_consult`
--

DROP TABLE IF EXISTS `store_goods_consult`;
/*!40101 SET @saved_cs_client     = @@character_set_client */;
/*!40101 SET character_set_client = utf8 */;
CREATE TABLE `store_goods_consult` (
  `id` int(11) NOT NULL AUTO_INCREMENT COMMENT '商品咨询id',
  `goods_id` int(11) DEFAULT '0' COMMENT '商品id',
  `username` varchar(32) CHARACTER SET utf8 DEFAULT '' COMMENT '网名',
  `add_time` int(11) DEFAULT '0' COMMENT '咨询时间',
  `consult_type` tinyint(1) DEFAULT '1' COMMENT '1 商品咨询 2 支付咨询 3 配送 4 售后',
  `content` varchar(1024) CHARACTER SET utf8 DEFAULT '' COMMENT '咨询内容',
  `parent_id` int(11) DEFAULT '0' COMMENT '父id 用于管理员回复',
  `is_show` tinyint(1) DEFAULT '0' COMMENT '是否显示',
  `status` tinyint(1) DEFAULT '0' COMMENT '管理员回复状态，0未回复，1已回复',
  PRIMARY KEY (`id`) USING BTREE
) ENGINE=InnoDB DEFAULT CHARSET=latin1 ROW_FORMAT=DYNAMIC COMMENT='商品咨询表';
/*!40101 SET character_set_client = @saved_cs_client */;

--
-- Dumping data for table `store_goods_consult`
--

LOCK TABLES `store_goods_consult` WRITE;
/*!40000 ALTER TABLE `store_goods_consult` DISABLE KEYS */;
/*!40000 ALTER TABLE `store_goods_consult` ENABLE KEYS */;
UNLOCK TABLES;

--
-- Table structure for table `store_goods_coupon`
--

DROP TABLE IF EXISTS `store_goods_coupon`;
/*!40101 SET @saved_cs_client     = @@character_set_client */;
/*!40101 SET character_set_client = utf8 */;
CREATE TABLE `store_goods_coupon` (
  `coupon_id` int(8) NOT NULL COMMENT '优惠券id',
  `goods_id` int(11) NOT NULL DEFAULT '0' COMMENT '指定的商品id：为零表示不指定商品',
  `goods_category_id` smallint(5) NOT NULL DEFAULT '0' COMMENT '指定的商品分类：为零表示不指定分类',
  PRIMARY KEY (`coupon_id`,`goods_id`,`goods_category_id`) USING BTREE
) ENGINE=InnoDB DEFAULT CHARSET=latin1 ROW_FORMAT=DYNAMIC COMMENT='优惠券与商品关联表';
/*!40101 SET character_set_client = @saved_cs_client */;

--
-- Dumping data for table `store_goods_coupon`
--

LOCK TABLES `store_goods_coupon` WRITE;
/*!40000 ALTER TABLE `store_goods_coupon` DISABLE KEYS */;
/*!40000 ALTER TABLE `store_goods_coupon` ENABLE KEYS */;
UNLOCK TABLES;

--
-- Table structure for table `store_goods_feiqi`
--

DROP TABLE IF EXISTS `store_goods_feiqi`;
/*!40101 SET @saved_cs_client     = @@character_set_client */;
/*!40101 SET character_set_client = utf8 */;
CREATE TABLE `store_goods_feiqi` (
  `id` bigint(20) unsigned NOT NULL AUTO_INCREMENT,
  `brand_id` bigint(20) unsigned DEFAULT '0' COMMENT '品牌ID',
  `cate_id` bigint(20) unsigned DEFAULT '0' COMMENT '商品分类id',
  `unit_id` bigint(20) DEFAULT NULL COMMENT '商品单位ID',
  `spec_id` bigint(20) unsigned DEFAULT '0' COMMENT '规格ID',
  `tags_id` varchar(255) DEFAULT '' COMMENT '商品标签ID',
  `is_code` bigint(1) DEFAULT '1' COMMENT '是否有码商品',
  `goods_no` varchar(50) DEFAULT '' COMMENT '货号',
  `goods_title` varchar(255) DEFAULT '' COMMENT '商品标签',
  `goods_content` text COMMENT '商品内容',
  `goods_logo` varchar(255) DEFAULT '' COMMENT '商品LOGO',
  `goods_image` text COMMENT '商品图片地址',
  `goods_video` varchar(500) DEFAULT '' COMMENT '商品视频URL',
  `goods_desc` varchar(500) DEFAULT '' COMMENT '商品描述',
  `package_stock` bigint(20) unsigned DEFAULT '0' COMMENT '总库存数量',
  `package_sale` bigint(20) unsigned DEFAULT '0' COMMENT '已销售数量',
  `favorite_num` bigint(20) unsigned DEFAULT '0' COMMENT '收藏次数',
  `sort` bigint(20) unsigned DEFAULT '0' COMMENT '数据排序',
  `status` bigint(1) unsigned DEFAULT '1' COMMENT '商品状态(1有效,0无效)',
  `is_deleted` bigint(1) unsigned DEFAULT '0' COMMENT '删除状态(1删除,0未删除)',
  `create_at` timestamp NULL DEFAULT CURRENT_TIMESTAMP COMMENT '创建时间',
  PRIMARY KEY (`id`) USING BTREE
) ENGINE=InnoDB AUTO_INCREMENT=2 DEFAULT CHARSET=utf8 ROW_FORMAT=DYNAMIC COMMENT='商城商品主表-废弃';
/*!40101 SET character_set_client = @saved_cs_client */;

--
-- Dumping data for table `store_goods_feiqi`
--

LOCK TABLES `store_goods_feiqi` WRITE;
/*!40000 ALTER TABLE `store_goods_feiqi` DISABLE KEYS */;
INSERT INTO `store_goods_feiqi` VALUES (1,1,4,NULL,1,',,',1,'','亿罗水洗棉四件套','<p>&nbsp;亿罗水洗棉四件套&nbsp;亿罗水洗棉四件套</p>\r\n\r\n<p>&nbsp;亿罗水洗棉四件套</p>','http://www.testxcx.com/static/upload/fec82092cb3405cc/cefd3bfb70a3c080.png','http://www.testxcx.com/static/upload/934a5ec7a6634375/982e646eae7c52c3.png','',' 亿罗水洗棉四件套 亿罗水洗棉四件套',0,0,0,0,0,0,'2018-07-09 13:17:02');
/*!40000 ALTER TABLE `store_goods_feiqi` ENABLE KEYS */;
UNLOCK TABLES;

--
-- Table structure for table `store_goods_images`
--

DROP TABLE IF EXISTS `store_goods_images`;
/*!40101 SET @saved_cs_client     = @@character_set_client */;
/*!40101 SET character_set_client = utf8 */;
CREATE TABLE `store_goods_images` (
  `img_id` mediumint(8) unsigned NOT NULL AUTO_INCREMENT COMMENT '图片id 自增',
  `goods_id` mediumint(8) unsigned NOT NULL DEFAULT '0' COMMENT '商品id',
  `image_url` varchar(255) NOT NULL DEFAULT '' COMMENT '图片地址',
  PRIMARY KEY (`img_id`) USING BTREE,
  KEY `goods_id` (`goods_id`) USING BTREE
) ENGINE=InnoDB AUTO_INCREMENT=552 DEFAULT CHARSET=utf8 ROW_FORMAT=DYNAMIC COMMENT='商品相册';
/*!40101 SET character_set_client = @saved_cs_client */;

--
-- Dumping data for table `store_goods_images`
--

LOCK TABLES `store_goods_images` WRITE;
/*!40000 ALTER TABLE `store_goods_images` DISABLE KEYS */;
INSERT INTO `store_goods_images` VALUES (550,4,'http://www.testxcx.com/static/upload/be60005fd9d0feec/4b2fd19ee6688227.png'),(551,5,'http://www.testxcx.com/static/upload/0b65e460d8f9328c/dc837982e81cec43.png');
/*!40000 ALTER TABLE `store_goods_images` ENABLE KEYS */;
UNLOCK TABLES;

--
-- Table structure for table `store_goods_type`
--

DROP TABLE IF EXISTS `store_goods_type`;
/*!40101 SET @saved_cs_client     = @@character_set_client */;
/*!40101 SET character_set_client = utf8 */;
CREATE TABLE `store_goods_type` (
  `id` smallint(5) unsigned NOT NULL AUTO_INCREMENT COMMENT 'id自增',
  `name` varchar(60) NOT NULL DEFAULT '' COMMENT '类型名称',
  PRIMARY KEY (`id`) USING BTREE
) ENGINE=InnoDB AUTO_INCREMENT=41 DEFAULT CHARSET=utf8 ROW_FORMAT=DYNAMIC COMMENT='商品类型(商品模型)表';
/*!40101 SET character_set_client = @saved_cs_client */;

--
-- Dumping data for table `store_goods_type`
--

LOCK TABLES `store_goods_type` WRITE;
/*!40000 ALTER TABLE `store_goods_type` DISABLE KEYS */;
INSERT INTO `store_goods_type` VALUES (37,'被芯'),(38,'套件'),(39,'大豆'),(40,'手机');
/*!40000 ALTER TABLE `store_goods_type` ENABLE KEYS */;
UNLOCK TABLES;

--
-- Table structure for table `store_goods_visit`
--

DROP TABLE IF EXISTS `store_goods_visit`;
/*!40101 SET @saved_cs_client     = @@character_set_client */;
/*!40101 SET character_set_client = utf8 */;
CREATE TABLE `store_goods_visit` (
  `visit_id` int(11) NOT NULL AUTO_INCREMENT COMMENT '自增ID',
  `goods_id` int(11) NOT NULL COMMENT '商品ID',
  `user_id` int(11) NOT NULL COMMENT '会员ID',
  `visittime` int(11) NOT NULL COMMENT '浏览时间',
  `cat_id` int(11) NOT NULL COMMENT '商品分类ID',
  `extend_cat_id` int(11) NOT NULL COMMENT '商品扩展分类ID',
  PRIMARY KEY (`goods_id`,`user_id`,`visit_id`) USING BTREE,
  KEY `visit_id` (`visit_id`) USING BTREE,
  KEY `user_id` (`user_id`) USING BTREE
) ENGINE=MyISAM AUTO_INCREMENT=747 DEFAULT CHARSET=utf8 ROW_FORMAT=FIXED COMMENT='商品浏览历史表';
/*!40101 SET character_set_client = @saved_cs_client */;

--
-- Dumping data for table `store_goods_visit`
--

LOCK TABLES `store_goods_visit` WRITE;
/*!40000 ALTER TABLE `store_goods_visit` DISABLE KEYS */;
/*!40000 ALTER TABLE `store_goods_visit` ENABLE KEYS */;
UNLOCK TABLES;

--
-- Table structure for table `store_member`
--

DROP TABLE IF EXISTS `store_member`;
/*!40101 SET @saved_cs_client     = @@character_set_client */;
/*!40101 SET character_set_client = utf8 */;
CREATE TABLE `store_member` (
  `id` bigint(20) unsigned NOT NULL AUTO_INCREMENT,
  `vip_no` varchar(10) DEFAULT '' COMMENT 'vip编号',
  `openid` varchar(100) DEFAULT '' COMMENT '会员微信OPENID',
  `phone` varchar(16) DEFAULT '' COMMENT '会员手机号',
  `password` varchar(64) DEFAULT '' COMMENT '登录密码',
  `nickname` varchar(20) DEFAULT '' COMMENT '会员昵称',
  `headimg` varchar(500) DEFAULT '' COMMENT '会员头像',
  `sex` char(2) DEFAULT '' COMMENT '性别',
  `level` tinyint(2) unsigned DEFAULT '1' COMMENT '会员级别',
  `total_amount` decimal(10,2) unsigned DEFAULT '0.00' COMMENT '消费累计额度 用于用户等级',
  `user_money` decimal(8,2) DEFAULT '0.00' COMMENT '用户金额',
  `distribut_money` decimal(8,2) unsigned DEFAULT '0.00' COMMENT '累积分佣金额',
  `frozen_money` double(8,2) unsigned DEFAULT '0.00' COMMENT '冻结金额',
  `underling_number` int(5) unsigned DEFAULT '0' COMMENT '用户下线总数',
  `pay_points` int(8) unsigned DEFAULT '0' COMMENT '消费积分',
  `address_id` int(10) unsigned DEFAULT '0' COMMENT '默认收货地址',
  `remark` varchar(500) DEFAULT '' COMMENT '会员个性签名',
  `status` tinyint(1) unsigned DEFAULT '0' COMMENT '会员状态0待审核 1-已审核 2-已拒绝',
  `create_time` datetime DEFAULT NULL,
  `create_at` timestamp NULL DEFAULT CURRENT_TIMESTAMP COMMENT '创建时间',
  `status_time` bigint(20) unsigned DEFAULT '0' COMMENT '审核时间',
  PRIMARY KEY (`id`) USING BTREE,
  UNIQUE KEY `index_store_member_openid` (`openid`) USING BTREE,
  KEY `index_store_member_phone` (`phone`) USING BTREE
) ENGINE=InnoDB AUTO_INCREMENT=9 DEFAULT CHARSET=utf8 ROW_FORMAT=DYNAMIC COMMENT='商城会员信息';
/*!40101 SET character_set_client = @saved_cs_client */;

--
-- Dumping data for table `store_member`
--

LOCK TABLES `store_member` WRITE;
/*!40000 ALTER TABLE `store_member` DISABLE KEYS */;
INSERT INTO `store_member` VALUES (1,NULL,'888787','15601064107','e10adc3949ba59abbe56e057f20f883e','高','tt','1',6,0.00,93.60,0.00,0.00,0,0,0,'333',1,'2018-05-22 14:42:25','2018-05-23 06:42:25',0),(2,'','orIMY4ykNo4p1k5fiHcVYd2GLdO8','17610570135','e10adc3949ba59abbe56e057f20f883e','高晓松','https://wx.qlogo.cn/mmopen/vi_32/Q0j4TwGTfTIzjkjtD1YuSoGz5EFV80luIywsVch8cx4Dgrc3rM6vWkFRaNBJ7QjoQ4ibyPZar8oL4U4YMG1E1xg/132','1',1,0.00,7920.00,0.00,0.00,0,0,0,'',1,'2018-08-16 21:22:29','2018-09-16 13:22:29',0),(3,'','orIMY4xGhMmipwFZoSL1vOhUNFZ0','15136175246','e10adc3949ba59abbe56e057f20f883e','胡鹏','https://wx.qlogo.cn/mmopen/vi_32/DYAIOgq83erkH5E5lvlWSAaoT1icTe79tGnKXtqicTUC2cOibOqJOIm4s7aKN4kXvxTAMb6pqoOSoVrJtfic1UDUFg/132','1',1,0.00,19035.00,0.00,0.00,0,0,0,'',1,'2018-09-10 21:22:29','2018-09-17 07:16:34',0),(4,'','orIMY47plZ1wxgJKkgme2Kp0dSGs','','e10adc3949ba59abbe56e057f20f883e','哈哈sjs','https://wx.qlogo.cn/mmopen/vi_32/vplr46pWKGgjozY7OkWFNPbZ1TaPOoFJphUictCKSPZL19VGrkyAGsk9AU4VZwGUU0FNzHZEJY9U7LbYAVwVXKQ/132','0',1,0.00,0.00,0.00,0.00,0,0,0,'',2,'2018-09-11 21:22:29','2018-09-17 07:54:42',0),(5,'','orIMY4z3mBo7ybJ4l0MbjSkd1KMs','','e10adc3949ba59abbe56e057f20f883e','阿星xlh(十分之九)','https://wx.qlogo.cn/mmopen/vi_32/DYAIOgq83eqp5Fqia2pfV0Gh4Sf6jL2n0JGhxKiaiaRkSXg52RvStkfhxXUCAkud4lNRx2Mv6XSjZw6CMHIzDcicRg/132','1',1,0.00,0.00,0.00,0.00,0,0,0,'',0,'2018-09-12 21:22:29','2018-09-17 08:14:19',0),(6,'','orIMY4-Mz71H4437G_kwUP5OteQc','','e10adc3949ba59abbe56e057f20f883e','隐形少女','https://wx.qlogo.cn/mmopen/vi_32/DVCIYncKXic6BAf4KL7ewRVxeKwUyeC7yqPnMWLYib7tX1kzxMgac7ib261RqibshfELUyicgEuh8FEDCEBkS5HXU6w/132','0',1,0.00,0.00,0.00,0.00,0,0,0,'',0,'2018-09-13 21:22:29','2018-09-17 08:28:09',0),(7,'','orIMY48OXLkkc2SGs--N0A9tfDKM','18905970273','e10adc3949ba59abbe56e057f20f883e','林建宾','https://wx.qlogo.cn/mmopen/vi_32/DYAIOgq83eqgqwibl6cHtTbibl5M7xFQw1nd7ab6OfNg7iaRZYshmLVXNsbvx55JaMlicyJspybAqrFFghhNA2hDSw/132','1',5,0.00,8749.90,0.00,0.00,0,0,0,'',1,'2018-09-14 21:22:29','2018-09-17 08:50:23',0);
/*!40000 ALTER TABLE `store_member` ENABLE KEYS */;
UNLOCK TABLES;

--
-- Table structure for table `store_member_address`
--

DROP TABLE IF EXISTS `store_member_address`;
/*!40101 SET @saved_cs_client     = @@character_set_client */;
/*!40101 SET character_set_client = utf8 */;
CREATE TABLE `store_member_address` (
  `id` bigint(20) unsigned NOT NULL AUTO_INCREMENT,
  `mid` bigint(20) unsigned DEFAULT '0' COMMENT '会员ID',
  `username` varchar(20) DEFAULT '' COMMENT '收货人姓名',
  `phone` varchar(16) DEFAULT '' COMMENT '收货手机号',
  `province` varchar(50) DEFAULT '' COMMENT '收货地址省份',
  `city` varchar(50) DEFAULT '' COMMENT '收货地址城市',
  `area` varchar(255) DEFAULT '' COMMENT '收货地址区域',
  `city_info` varchar(200) DEFAULT '' COMMENT '城市信息',
  `address` varchar(255) DEFAULT '' COMMENT '收货详细地址',
  `status` tinyint(1) unsigned DEFAULT '1' COMMENT '状态(0无效, 1新快递)',
  `is_default` tinyint(1) unsigned DEFAULT '1' COMMENT '默认收货地址',
  `is_deleted` bigint(1) unsigned DEFAULT '0' COMMENT '删除状态(1删除,0未删除)',
  `create_at` timestamp NULL DEFAULT CURRENT_TIMESTAMP COMMENT '创建时间',
  PRIMARY KEY (`id`) USING BTREE
) ENGINE=InnoDB AUTO_INCREMENT=11 DEFAULT CHARSET=utf8 ROW_FORMAT=DYNAMIC COMMENT='商城会员收货地址';
/*!40101 SET character_set_client = @saved_cs_client */;

--
-- Dumping data for table `store_member_address`
--

LOCK TABLES `store_member_address` WRITE;
/*!40000 ALTER TABLE `store_member_address` DISABLE KEYS */;
INSERT INTO `store_member_address` VALUES (4,1,'hupeng','15136175847','','','','河南郑州','工商',1,1,0,'2018-09-09 06:13:18'),(5,2,'asdsdsd','15601064107','','','','北京市市辖区东城区','12121212',1,1,0,'2018-09-16 14:29:48'),(7,7,'煎饼','18905970273','','','','北京市市辖区东城区','11号',1,1,0,'2018-09-17 09:23:27'),(8,3,'胡鹏','15136175246','','','','北京市市辖区东城区','75',1,1,0,'2018-09-18 11:32:55'),(9,2,'122','15601064107','','','','北京市市辖区东城区','1',1,1,0,'2018-10-08 14:47:11'),(10,3,'hupeng233','15136175247','','','','河南郑州','77号',1,0,0,'2019-09-15 09:56:30');
/*!40000 ALTER TABLE `store_member_address` ENABLE KEYS */;
UNLOCK TABLES;

--
-- Table structure for table `store_order`
--

DROP TABLE IF EXISTS `store_order`;
/*!40101 SET @saved_cs_client     = @@character_set_client */;
/*!40101 SET character_set_client = utf8 */;
CREATE TABLE `store_order` (
  `order_id` mediumint(8) unsigned NOT NULL AUTO_INCREMENT COMMENT '订单id',
  `order_sn` varchar(20) NOT NULL DEFAULT '' COMMENT '订单编号',
  `user_id` mediumint(8) unsigned NOT NULL DEFAULT '0' COMMENT '用户id',
  `order_status` tinyint(1) unsigned NOT NULL DEFAULT '0' COMMENT '订单状态 0-未确认 1-已确认(已收货） 2-已评价',
  `shipping_status` tinyint(1) unsigned NOT NULL DEFAULT '0' COMMENT '发货状态 0-未发货 1-已发货 2-退货中 3-退货完成',
  `pay_status` tinyint(1) unsigned NOT NULL DEFAULT '0' COMMENT '支付状态 0-未支付 1-已支付',
  `consignee` varchar(60) NOT NULL DEFAULT '' COMMENT '收货人',
  `country` int(11) unsigned DEFAULT '0' COMMENT '国家',
  `province` int(11) unsigned DEFAULT '0' COMMENT '省份',
  `city` int(11) unsigned DEFAULT '0' COMMENT '城市',
  `district` int(11) unsigned DEFAULT '0' COMMENT '县区',
  `twon` int(11) DEFAULT '0' COMMENT '乡镇',
  `city_info` varchar(200) DEFAULT '' COMMENT '地区地址',
  `address` varchar(255) NOT NULL DEFAULT '' COMMENT '地址详细地址',
  `zipcode` varchar(60) DEFAULT '' COMMENT '邮政编码',
  `mobile` varchar(60) NOT NULL DEFAULT '' COMMENT '手机',
  `email` varchar(60) DEFAULT '' COMMENT '邮件',
  `receive_type` tinyint(1) unsigned DEFAULT '1' COMMENT '收货方式 1-物流 2-快递 3-自取',
  `shipping_code` varchar(32) DEFAULT '' COMMENT '物流code 单号',
  `shipping_name` varchar(120) DEFAULT '' COMMENT '物流名称',
  `pay_code` varchar(32) NOT NULL DEFAULT '' COMMENT '支付code',
  `pay_method` tinyint(1) unsigned NOT NULL DEFAULT '0' COMMENT '支付方式1-微信2-余额3-转账',
  `recharge_id` int(10) unsigned DEFAULT '0' COMMENT '支付方式为转账的转账id',
  `pay_name` varchar(120) NOT NULL DEFAULT '' COMMENT '支付方式名称',
  `invoice_title` varchar(256) DEFAULT '' COMMENT '发票抬头',
  `taxpayer` varchar(30) DEFAULT '' COMMENT '纳税人识别号',
  `goods_price` decimal(10,2) NOT NULL DEFAULT '0.00' COMMENT '商品总价',
  `shipping_price` decimal(10,2) NOT NULL DEFAULT '0.00' COMMENT '邮费',
  `user_money` decimal(10,2) NOT NULL DEFAULT '0.00' COMMENT '使用余额',
  `coupon_price` decimal(10,2) DEFAULT '0.00' COMMENT '优惠券抵扣',
  `integral` int(10) unsigned NOT NULL DEFAULT '0' COMMENT '使用积分',
  `integral_money` decimal(10,2) NOT NULL DEFAULT '0.00' COMMENT '使用积分抵多少钱',
  `order_amount` decimal(10,2) NOT NULL DEFAULT '0.00' COMMENT '应付款金额',
  `total_amount` decimal(10,2) DEFAULT '0.00' COMMENT '订单总价',
  `add_time` datetime NOT NULL COMMENT '下单时间',
  `shipping_time` int(11) DEFAULT '0' COMMENT '最后新发货时间',
  `confirm_time` int(10) DEFAULT '0' COMMENT '收货确认时间',
  `pay_time` int(10) unsigned NOT NULL DEFAULT '0' COMMENT '支付时间',
  `transaction_id` varchar(255) DEFAULT NULL COMMENT '第三方平台交易流水号',
  `prom_id` int(11) unsigned DEFAULT '0' COMMENT '活动ID',
  `prom_type` tinyint(4) unsigned DEFAULT '0' COMMENT '订单类型：0普通订单4预售订单5虚拟订单6拼团订单',
  `order_prom_id` smallint(6) NOT NULL DEFAULT '0' COMMENT '活动id',
  `order_prom_amount` decimal(10,2) NOT NULL DEFAULT '0.00' COMMENT '活动优惠金额',
  `discount` decimal(10,2) NOT NULL DEFAULT '0.00' COMMENT '价格调整',
  `user_note` varchar(255) DEFAULT '' COMMENT '用户备注',
  `admin_note` varchar(255) DEFAULT '' COMMENT '管理员备注',
  `parent_sn` varchar(100) DEFAULT NULL COMMENT '父单单号',
  `is_distribut` tinyint(1) DEFAULT '0' COMMENT '是否已分成0未分成1已分成',
  `paid_money` decimal(10,2) DEFAULT '0.00' COMMENT '订金',
  `deleted_time` int(11) unsigned DEFAULT '0' COMMENT '删除|取消时间',
  `deleted` tinyint(1) NOT NULL DEFAULT '0' COMMENT '用户假删除标识,1:删除,0未删除',
  `edit_money` varchar(50) DEFAULT '0.00' COMMENT '管理后台修改变动的价格',
  PRIMARY KEY (`order_id`) USING BTREE,
  UNIQUE KEY `order_sn` (`order_sn`) USING BTREE,
  KEY `user_id` (`user_id`) USING BTREE,
  KEY `add_time` (`add_time`) USING BTREE
) ENGINE=InnoDB AUTO_INCREMENT=1869 DEFAULT CHARSET=utf8 ROW_FORMAT=DYNAMIC COMMENT='订单主表';
/*!40101 SET character_set_client = @saved_cs_client */;

--
-- Dumping data for table `store_order`
--

LOCK TABLES `store_order` WRITE;
/*!40000 ALTER TABLE `store_order` DISABLE KEYS */;
INSERT INTO `store_order` VALUES (1865,'20190914144718326',3,0,0,0,'hupeng',0,0,0,0,0,'河南郑州','工商','','15136175847','',2,'','','',0,0,'','','',430.00,0.00,0.00,0.00,0,0.00,430.00,430.00,'2019-09-14 06:47:18',0,0,0,NULL,0,0,0,0.00,0.00,'','',NULL,0,0.00,1568622248,1,'0.00'),(1866,'20190914145142303',3,0,0,0,'hupeng',0,0,0,0,0,'河南郑州','工商','','15136175847','',2,'','','',0,0,'','','',430.00,0.00,0.00,50.00,0,0.00,380.00,430.00,'2019-09-14 06:51:42',0,0,0,NULL,0,0,0,0.00,0.00,'','',NULL,0,0.00,0,0,'0.00'),(1867,'20190916155320142',3,0,0,0,'hupeng',0,0,0,0,0,'河南郑州','工商','','15136175847','',2,'','','',0,0,'','','',430.00,0.00,0.00,50.00,0,0.00,380.00,430.00,'2019-09-16 07:53:20',0,0,0,NULL,0,0,0,0.00,0.00,'','',NULL,0,0.00,0,0,'0.00'),(1868,'20190916155438712',3,0,0,0,'hupeng',0,0,0,0,0,'河南郑州','工商','','15136175847','',2,'','','',0,0,'','','',430.00,0.00,0.00,50.00,0,0.00,380.00,430.00,'2019-09-16 07:54:39',0,0,0,NULL,0,0,0,0.00,0.00,'','',NULL,0,0.00,0,0,'0.00');
/*!40000 ALTER TABLE `store_order` ENABLE KEYS */;
UNLOCK TABLES;

--
-- Table structure for table `store_order_action`
--

DROP TABLE IF EXISTS `store_order_action`;
/*!40101 SET @saved_cs_client     = @@character_set_client */;
/*!40101 SET character_set_client = utf8 */;
CREATE TABLE `store_order_action` (
  `action_id` mediumint(8) unsigned NOT NULL AUTO_INCREMENT COMMENT '表id',
  `order_id` mediumint(8) unsigned NOT NULL DEFAULT '0' COMMENT '订单ID',
  `action_user` int(11) DEFAULT '0' COMMENT '操作人 0 为用户操作，其他为管理员id',
  `order_status` tinyint(1) unsigned NOT NULL DEFAULT '0' COMMENT '订单状态',
  `shipping_status` tinyint(1) unsigned NOT NULL DEFAULT '0' COMMENT '配送状态',
  `pay_status` tinyint(1) unsigned NOT NULL DEFAULT '0' COMMENT '支付状态',
  `action_note` varchar(255) NOT NULL DEFAULT '' COMMENT '操作备注',
  `log_time` int(11) unsigned NOT NULL DEFAULT '0' COMMENT '操作时间',
  `status_desc` varchar(255) DEFAULT NULL COMMENT '状态描述',
  PRIMARY KEY (`action_id`) USING BTREE,
  KEY `order_id` (`order_id`) USING BTREE
) ENGINE=InnoDB AUTO_INCREMENT=2532 DEFAULT CHARSET=utf8 ROW_FORMAT=DYNAMIC COMMENT='订单日志表';
/*!40101 SET character_set_client = @saved_cs_client */;

--
-- Dumping data for table `store_order_action`
--

LOCK TABLES `store_order_action` WRITE;
/*!40000 ALTER TABLE `store_order_action` DISABLE KEYS */;
INSERT INTO `store_order_action` VALUES (2399,1639,0,0,0,0,'提交订单',1532162093,'提交订单'),(2400,1640,0,0,0,0,'提交订单',1532162249,'提交订单'),(2401,1644,0,0,0,0,'提交订单',1532164170,'提交订单'),(2402,1654,0,0,0,0,'提交订单',1532167441,'提交订单'),(2403,1645,0,0,0,0,'提交订单',1533385350,'提交订单'),(2404,1646,0,0,0,0,'提交订单',1534403096,'提交订单'),(2405,1647,0,0,0,0,'提交订单',1534403121,'提交订单'),(2406,1648,0,0,0,0,'提交订单',1535834099,'提交订单'),(2407,1649,0,0,0,0,'提交订单',1535834159,'提交订单'),(2408,1650,0,0,0,0,'提交订单',1535837956,'提交订单'),(2409,1651,0,0,0,0,'提交订单',1535844518,'提交订单'),(2410,1652,0,0,0,0,'提交订单',1535844596,'提交订单'),(2411,1653,0,0,0,0,'提交订单',1535844646,'提交订单'),(2412,1654,0,0,0,0,'提交订单',1536823694,'提交订单'),(2413,1655,0,0,0,0,'提交订单',1536824019,'提交订单'),(2414,1656,0,0,0,0,'提交订单',1536824097,'提交订单'),(2415,1657,0,0,0,0,'提交订单',1536824141,'提交订单'),(2416,1658,0,0,0,0,'提交订单',1536824194,'提交订单'),(2417,1659,0,0,0,0,'提交订单',1537030930,'提交订单'),(2418,1660,0,0,0,0,'提交订单',1537030934,'提交订单'),(2419,1661,0,0,0,0,'提交订单',1537031075,'提交订单'),(2420,1662,0,0,0,0,'提交订单',1537031219,'提交订单'),(2421,1677,0,0,0,0,'提交订单',1537108423,'提交订单'),(2422,1678,0,0,0,0,'提交订单',1537108524,'提交订单'),(2423,1679,0,0,0,0,'提交订单',1537108576,'提交订单'),(2424,1684,0,0,0,0,'提交订单',1537109116,'提交订单'),(2425,1693,0,0,0,0,'提交订单',1537161179,'提交订单'),(2426,1694,0,0,0,0,'提交订单',1537162922,'提交订单'),(2427,1695,0,0,0,0,'提交订单',1537239234,'提交订单'),(2428,1696,0,0,0,0,'提交订单',1537257195,'提交订单'),(2429,1697,0,0,0,0,'提交订单',1537257199,'提交订单'),(2430,1698,0,0,0,0,'提交订单',1537257498,'提交订单'),(2431,1699,0,0,0,0,'提交订单',1537257887,'提交订单'),(2432,1700,0,0,0,0,'提交订单',1537262124,'提交订单'),(2433,1701,0,0,0,0,'提交订单',1537263206,'提交订单'),(2434,1702,0,0,0,0,'提交订单',1537263210,'提交订单'),(2435,1703,0,0,0,0,'提交订单',1537263211,'提交订单'),(2436,1704,0,0,0,0,'提交订单',1537263214,'提交订单'),(2437,1705,0,0,0,0,'提交订单',1537263219,'提交订单'),(2438,1706,0,0,0,0,'提交订单',1537270871,'提交订单'),(2439,1707,0,0,0,0,'提交订单',1537270886,'提交订单'),(2440,1708,0,0,0,0,'提交订单',1537270925,'提交订单'),(2441,1709,0,0,0,0,'提交订单',1537270979,'提交订单'),(2442,1710,0,0,0,0,'提交订单',1537270988,'提交订单'),(2443,1711,0,0,0,0,'提交订单',1537271353,'提交订单'),(2444,1712,0,0,0,0,'提交订单',1537272869,'提交订单'),(2445,1713,0,0,0,0,'提交订单',1537319156,'提交订单'),(2446,1714,0,0,0,0,'提交订单',1537324464,'提交订单'),(2447,1715,0,0,0,0,'提交订单',1537324508,'提交订单'),(2448,1716,0,0,0,0,'提交订单',1537428026,'提交订单'),(2449,1717,0,0,0,0,'提交订单',1537781187,'提交订单'),(2450,1718,0,0,0,0,'提交订单',1537781440,'提交订单'),(2451,1719,0,0,0,0,'提交订单',1537781644,'提交订单'),(2452,1720,0,0,0,0,'提交订单',1537781707,'提交订单'),(2453,1721,0,0,0,0,'提交订单',1537781743,'提交订单'),(2454,1722,0,0,0,0,'提交订单',1537781830,'提交订单'),(2455,1723,0,0,0,0,'提交订单',1537782033,'提交订单'),(2456,1724,0,0,0,0,'提交订单',1537782097,'提交订单'),(2457,1725,0,0,0,0,'提交订单',1537782123,'提交订单'),(2458,1726,0,0,0,0,'提交订单',1537782501,'提交订单'),(2459,1727,0,0,0,0,'提交订单',1537782856,'提交订单'),(2460,1728,0,0,0,0,'提交订单',1537783035,'提交订单'),(2461,1729,0,0,0,0,'提交订单',1537783179,'提交订单'),(2462,1730,0,0,0,0,'提交订单',1537783250,'提交订单'),(2463,1731,0,0,0,0,'提交订单',1537783316,'提交订单'),(2464,1732,0,0,0,0,'提交订单',1537783357,'提交订单'),(2465,1733,0,0,0,0,'提交订单',1537793998,'提交订单'),(2466,1734,0,0,0,0,'提交订单',1537794348,'提交订单'),(2467,1735,0,0,0,0,'提交订单',1537794481,'提交订单'),(2468,1736,0,0,0,0,'提交订单',1537794594,'提交订单'),(2469,1737,0,0,0,0,'提交订单',1537794695,'提交订单'),(2470,1738,0,0,0,0,'提交订单',1537857037,'提交订单'),(2471,1739,0,0,0,0,'提交订单',1537857049,'提交订单'),(2472,1740,0,0,0,0,'提交订单',1537857255,'提交订单'),(2473,1741,0,0,0,0,'提交订单',1537858164,'提交订单'),(2474,1742,0,0,0,0,'提交订单',1537858183,'提交订单'),(2475,1743,0,0,0,0,'提交订单',1537859564,'提交订单'),(2476,1744,0,0,0,0,'提交订单',1537984972,'提交订单'),(2477,1745,0,0,0,0,'提交订单',1537985784,'提交订单'),(2478,1746,0,0,0,0,'提交订单',1537985891,'提交订单'),(2479,1747,0,0,0,0,'提交订单',1537986005,'提交订单'),(2480,1748,0,0,0,0,'提交订单',1537986071,'提交订单'),(2481,1749,0,0,0,0,'提交订单',1537986166,'提交订单'),(2482,1750,0,0,0,0,'提交订单',1537986239,'提交订单'),(2483,1751,0,0,0,0,'提交订单',1538017689,'提交订单'),(2484,1752,0,0,0,0,'提交订单',1538020131,'提交订单'),(2485,1753,0,0,0,0,'提交订单',1538028524,'提交订单'),(2486,1754,0,0,0,0,'提交订单',1538029012,'提交订单'),(2487,1755,0,0,0,0,'提交订单',1538029150,'提交订单'),(2488,1756,0,0,0,0,'提交订单',1538029324,'提交订单'),(2489,1757,0,0,0,0,'提交订单',1538029374,'提交订单'),(2490,1759,0,0,0,0,'提交订单',1538029913,'提交订单'),(2491,1760,0,0,0,0,'提交订单',1538030053,'提交订单'),(2492,1761,0,0,0,0,'提交订单',1538030112,'提交订单'),(2493,1762,0,0,0,0,'提交订单',1538031214,'提交订单'),(2494,1763,0,0,0,0,'提交订单',1538032281,'提交订单'),(2495,1764,0,0,0,0,'提交订单',1538118400,'提交订单'),(2496,1765,0,0,0,0,'提交订单',1539021632,'提交订单'),(2497,1766,0,0,0,0,'提交订单',1539021653,'提交订单'),(2498,1807,0,0,0,0,'提交订单',1539050142,'提交订单'),(2499,1824,0,0,0,0,'提交订单',1539070576,'提交订单'),(2500,1825,0,0,0,0,'提交订单',1539085347,'提交订单'),(2501,1826,0,0,0,0,'提交订单',1539202763,'提交订单'),(2502,1827,0,0,0,0,'提交订单',1539202903,'提交订单'),(2503,1828,0,0,0,0,'提交订单',1539203031,'提交订单'),(2504,1829,0,0,0,0,'提交订单',1539203175,'提交订单'),(2505,1830,0,0,0,0,'提交订单',1539221033,'提交订单'),(2506,1831,0,0,0,0,'提交订单',1539221242,'提交订单'),(2507,1832,0,0,0,0,'提交订单',1539221608,'提交订单'),(2508,1833,0,0,0,0,'提交订单',1539221713,'提交订单'),(2509,1834,0,0,0,0,'提交订单',1539222188,'提交订单'),(2510,1835,0,0,0,0,'提交订单',1539226781,'提交订单'),(2511,1836,0,0,0,0,'提交订单',1539227751,'提交订单'),(2512,1837,0,0,0,0,'提交订单',1539227776,'提交订单'),(2513,1838,0,0,0,0,'提交订单',1539227883,'提交订单'),(2514,1839,0,0,0,0,'提交订单',1539229117,'提交订单'),(2515,1840,0,0,0,0,'提交订单',1539229166,'提交订单'),(2516,1841,0,0,0,0,'提交订单',1539236921,'提交订单'),(2517,1842,0,0,0,0,'提交订单',1539237126,'提交订单'),(2518,1843,0,0,0,0,'提交订单',1539237440,'提交订单'),(2519,1844,0,0,0,0,'提交订单',1539239633,'提交订单'),(2520,1845,0,0,0,0,'提交订单',1539240265,'提交订单'),(2521,1846,0,0,0,0,'提交订单',1539243144,'提交订单'),(2522,1847,0,0,0,0,'提交订单',1539243174,'提交订单'),(2523,1848,0,0,0,0,'提交订单',1539243178,'提交订单'),(2524,1849,0,0,0,0,'提交订单',1539243185,'提交订单'),(2525,1850,0,0,0,0,'提交订单',1539243850,'提交订单'),(2526,1851,0,0,0,0,'提交订单',1539243886,'提交订单'),(2527,1852,0,0,0,0,'提交订单',1539243926,'提交订单'),(2528,1853,0,0,0,0,'提交订单',1539244179,'提交订单'),(2529,1854,0,0,0,0,'提交订单',1539244316,'提交订单'),(2530,1855,0,0,0,0,'提交订单',1539351145,'提交订单'),(2531,1856,0,0,0,0,'提交订单',1540269401,'提交订单');
/*!40000 ALTER TABLE `store_order_action` ENABLE KEYS */;
UNLOCK TABLES;

--
-- Table structure for table `store_order_express`
--

DROP TABLE IF EXISTS `store_order_express`;
/*!40101 SET @saved_cs_client     = @@character_set_client */;
/*!40101 SET character_set_client = utf8 */;
CREATE TABLE `store_order_express` (
  `id` bigint(20) unsigned NOT NULL AUTO_INCREMENT,
  `mid` bigint(20) unsigned DEFAULT '0' COMMENT '会员ID',
  `type` tinyint(1) unsigned DEFAULT '0' COMMENT '快递类型(0.订单快递,1.退货快递)',
  `order_no` char(10) DEFAULT '' COMMENT '订单编号',
  `company_title` varchar(50) DEFAULT '' COMMENT '物流公司名称',
  `company_code` varchar(50) DEFAULT '' COMMENT '物流公司编码',
  `username` varchar(20) DEFAULT '' COMMENT '收货人姓名',
  `phone` varchar(16) DEFAULT '' COMMENT '收货手机号',
  `province` varchar(50) DEFAULT NULL COMMENT '收货地址省份',
  `city` varchar(50) DEFAULT '' COMMENT '收货地址城市',
  `area` varchar(255) DEFAULT '' COMMENT '收货地址区域',
  `address` varchar(255) DEFAULT '' COMMENT '收货详细地址',
  `send_no` varchar(50) DEFAULT '' COMMENT '实际物流公司单号',
  `send_company_title` varchar(50) DEFAULT '' COMMENT '实际发货快递公司',
  `send_company_code` varchar(50) DEFAULT '' COMMENT '实际发货快递代码',
  `send_username` varchar(255) DEFAULT '' COMMENT '寄件人名称',
  `send_phone` varchar(16) DEFAULT '' COMMENT '寄件人手机号',
  `send_province` varchar(50) DEFAULT '' COMMENT '寄件人地址省份',
  `send_city` varchar(50) DEFAULT '' COMMENT '寄件人地址城市',
  `send_area` varchar(255) DEFAULT '' COMMENT '寄件人地址区域',
  `send_address` varchar(255) DEFAULT '' COMMENT '寄件人详细地址',
  `send_at` datetime DEFAULT NULL COMMENT '快递发货时间',
  `desc` text COMMENT '发货描述',
  `status` tinyint(1) unsigned DEFAULT '1' COMMENT '状态(0.无效,1.新快递,2.已签收,3.签收失败)',
  `is_deleted` bigint(1) unsigned DEFAULT '0' COMMENT '删除状态(1删除,0未删除)',
  `create_at` timestamp NULL DEFAULT CURRENT_TIMESTAMP COMMENT '创建时间',
  PRIMARY KEY (`id`) USING BTREE
) ENGINE=InnoDB DEFAULT CHARSET=utf8 ROW_FORMAT=DYNAMIC COMMENT='商城订单快递';
/*!40101 SET character_set_client = @saved_cs_client */;

--
-- Dumping data for table `store_order_express`
--

LOCK TABLES `store_order_express` WRITE;
/*!40000 ALTER TABLE `store_order_express` DISABLE KEYS */;
/*!40000 ALTER TABLE `store_order_express` ENABLE KEYS */;
UNLOCK TABLES;

--
-- Table structure for table `store_order_feiqi`
--

DROP TABLE IF EXISTS `store_order_feiqi`;
/*!40101 SET @saved_cs_client     = @@character_set_client */;
/*!40101 SET character_set_client = utf8 */;
CREATE TABLE `store_order_feiqi` (
  `id` bigint(20) unsigned NOT NULL AUTO_INCREMENT,
  `type` tinyint(1) unsigned DEFAULT '1' COMMENT '订单类型(1普通订单,2积分订单)',
  `mid` bigint(20) unsigned DEFAULT '0' COMMENT '会员ID',
  `order_no` char(10) DEFAULT '' COMMENT '订单号',
  `freight_price` decimal(20,2) unsigned DEFAULT '0.00' COMMENT '快递费',
  `goods_price` decimal(20,2) unsigned DEFAULT '0.00' COMMENT '商品总金额(不含快递费)',
  `real_price` decimal(20,2) unsigned DEFAULT '0.00' COMMENT '真实支付金额(商品金额+快递金额)',
  `is_pay` tinyint(1) unsigned DEFAULT '0' COMMENT '订单支付状态(0.未支付,1.已支付)',
  `pay_type` varchar(255) DEFAULT '' COMMENT '支付方式 (wechat微信支付, alipay支付宝支付)',
  `pay_no` varchar(100) DEFAULT '' COMMENT '商户交易号',
  `pay_price` decimal(20,2) unsigned DEFAULT '0.00' COMMENT '实际支付金额',
  `pay_at` datetime DEFAULT NULL COMMENT '支付时间',
  `desc` text COMMENT '订单描述',
  `status` bigint(1) unsigned DEFAULT '1' COMMENT '订单状态(0.无效,1.新订单,2.待发货,3.已发货,4.已收货,5.已完成,6.已退货及退款)',
  `is_deleted` tinyint(1) unsigned DEFAULT '0' COMMENT '删除状态(1删除,0未删除)',
  `create_at` timestamp NULL DEFAULT CURRENT_TIMESTAMP COMMENT '创建时间',
  PRIMARY KEY (`id`) USING BTREE,
  KEY `index_store_order_order_no` (`order_no`) USING BTREE,
  KEY `index_store_order_status` (`status`) USING BTREE
) ENGINE=InnoDB DEFAULT CHARSET=utf8 ROW_FORMAT=DYNAMIC COMMENT='商城订单主表';
/*!40101 SET character_set_client = @saved_cs_client */;

--
-- Dumping data for table `store_order_feiqi`
--

LOCK TABLES `store_order_feiqi` WRITE;
/*!40000 ALTER TABLE `store_order_feiqi` DISABLE KEYS */;
/*!40000 ALTER TABLE `store_order_feiqi` ENABLE KEYS */;
UNLOCK TABLES;

--
-- Table structure for table `store_order_goods`
--

DROP TABLE IF EXISTS `store_order_goods`;
/*!40101 SET @saved_cs_client     = @@character_set_client */;
/*!40101 SET character_set_client = utf8 */;
CREATE TABLE `store_order_goods` (
  `rec_id` mediumint(8) unsigned NOT NULL AUTO_INCREMENT COMMENT '表id自增',
  `order_id` mediumint(8) unsigned NOT NULL DEFAULT '0' COMMENT '订单id',
  `goods_id` mediumint(8) unsigned NOT NULL DEFAULT '0' COMMENT '商品id',
  `goods_name` varchar(120) NOT NULL DEFAULT '' COMMENT '商品名称',
  `goods_logo` varchar(255) DEFAULT '',
  `goods_sn` varchar(60) NOT NULL DEFAULT '' COMMENT '商品货号',
  `goods_num` smallint(5) unsigned NOT NULL DEFAULT '1' COMMENT '购买数量',
  `market_price` decimal(10,2) unsigned NOT NULL DEFAULT '0.00' COMMENT '市场价',
  `goods_price` decimal(10,2) unsigned NOT NULL DEFAULT '0.00' COMMENT '本店价(供货价)',
  `cost_price` decimal(10,2) DEFAULT '0.00' COMMENT '商品成本价',
  `member_goods_price` decimal(10,2) DEFAULT '0.00' COMMENT '会员折扣价',
  `give_integral` mediumint(8) unsigned DEFAULT '0' COMMENT '购买商品赠送积分',
  `spec_key` varchar(128) DEFAULT '' COMMENT '商品规格key',
  `spec_key_name` varchar(128) DEFAULT '' COMMENT '规格对应的中文名字',
  `bar_code` varchar(64) DEFAULT '' COMMENT '条码',
  `is_comment` tinyint(1) DEFAULT '0' COMMENT '是否评价',
  `prom_type` tinyint(1) unsigned DEFAULT '0' COMMENT '0 普通订单,1 限时抢购, 2 团购 , 3 促销优惠,4预售',
  `prom_id` int(11) unsigned DEFAULT '0' COMMENT '活动id',
  `is_send` tinyint(1) DEFAULT '0' COMMENT '0未发货，1已发货，2已换货，3已退货',
  `delivery_id` int(11) DEFAULT '0' COMMENT '发货单ID',
  `sku` varchar(128) DEFAULT '' COMMENT 'sku',
  PRIMARY KEY (`rec_id`) USING BTREE,
  KEY `order_id` (`order_id`) USING BTREE,
  KEY `goods_id` (`goods_id`) USING BTREE
) ENGINE=InnoDB AUTO_INCREMENT=2178 DEFAULT CHARSET=utf8 ROW_FORMAT=DYNAMIC COMMENT='订单商品表与订单主表关联';
/*!40101 SET character_set_client = @saved_cs_client */;

--
-- Dumping data for table `store_order_goods`
--

LOCK TABLES `store_order_goods` WRITE;
/*!40000 ALTER TABLE `store_order_goods` DISABLE KEYS */;
INSERT INTO `store_order_goods` VALUES (2170,1865,4,'小米8青春','','#10078',2,0.00,80.00,0.00,0.00,0,'8_11','尺寸:300*500cm 颜色:黑色','',0,0,0,0,0,''),(2171,1865,4,'小米8青春','','#10078',3,0.00,90.00,0.00,0.00,0,'8_12','尺寸:300*500cm 颜色:紫色','',0,0,0,0,0,''),(2172,1866,4,'小米8青春','','#10078',2,0.00,80.00,0.00,0.00,0,'8_11','尺寸:300*500cm 颜色:黑色','',0,0,0,0,0,''),(2173,1866,4,'小米8青春','','#10078',3,0.00,90.00,0.00,0.00,0,'8_12','尺寸:300*500cm 颜色:紫色','',0,0,0,0,0,''),(2174,1867,4,'小米8青春','https://admin.mijia321.com/static/upload/5941400cd87c37bb/c838a50cd6e02bc9.jpg','#10078',2,0.00,80.00,0.00,0.00,0,'8_11','尺寸:300*500cm 颜色:黑色','',0,0,0,0,0,''),(2175,1867,4,'小米8青春','https://admin.mijia321.com/static/upload/5941400cd87c37bb/c838a50cd6e02bc9.jpg','#10078',3,0.00,90.00,0.00,0.00,0,'8_12','尺寸:300*500cm 颜色:紫色','',0,0,0,0,0,''),(2176,1868,4,'小米8青春','https://admin.mijia321.com/static/upload/5941400cd87c37bb/c838a50cd6e02bc9.jpg','#10078',2,0.00,80.00,0.00,0.00,0,'8_11','尺寸:300*500cm 颜色:黑色','',0,0,0,0,0,''),(2177,1868,4,'小米8青春','https://admin.mijia321.com/static/upload/5941400cd87c37bb/c838a50cd6e02bc9.jpg','#10078',3,0.00,90.00,0.00,0.00,0,'8_12','尺寸:300*500cm 颜色:紫色','',0,0,0,0,0,'');
/*!40000 ALTER TABLE `store_order_goods` ENABLE KEYS */;
UNLOCK TABLES;

--
-- Table structure for table `store_order_goods_remark`
--

DROP TABLE IF EXISTS `store_order_goods_remark`;
/*!40101 SET @saved_cs_client     = @@character_set_client */;
/*!40101 SET character_set_client = utf8 */;
CREATE TABLE `store_order_goods_remark` (
  `id` int(10) unsigned NOT NULL AUTO_INCREMENT,
  `order_id` int(10) unsigned DEFAULT '0' COMMENT '订单id',
  `goods_id` int(10) unsigned DEFAULT '0' COMMENT '商品id',
  `remark` varchar(255) DEFAULT '' COMMENT '商品备注',
  PRIMARY KEY (`id`) USING BTREE
) ENGINE=InnoDB AUTO_INCREMENT=12 DEFAULT CHARSET=utf8 ROW_FORMAT=DYNAMIC COMMENT='订单商品备注表';
/*!40101 SET character_set_client = @saved_cs_client */;

--
-- Dumping data for table `store_order_goods_remark`
--

LOCK TABLES `store_order_goods_remark` WRITE;
/*!40000 ALTER TABLE `store_order_goods_remark` DISABLE KEYS */;
INSERT INTO `store_order_goods_remark` VALUES (1,1654,5,'备注1111'),(2,1654,6,'备注1111'),(3,1693,4,'这是备注这是备注'),(4,1712,4,'这是备注这是备注'),(5,1742,4,'这是备注这是备注'),(6,1759,5,'2222'),(7,1760,5,'222'),(8,1761,5,'2222'),(9,1762,4,'测试数据'),(10,1763,4,'222'),(11,1824,4,'11');
/*!40000 ALTER TABLE `store_order_goods_remark` ENABLE KEYS */;
UNLOCK TABLES;

--
-- Table structure for table `store_payment`
--

DROP TABLE IF EXISTS `store_payment`;
/*!40101 SET @saved_cs_client     = @@character_set_client */;
/*!40101 SET character_set_client = utf8 */;
CREATE TABLE `store_payment` (
  `pay_id` tinyint(3) unsigned NOT NULL AUTO_INCREMENT COMMENT '表id',
  `pay_code` varchar(20) NOT NULL DEFAULT '' COMMENT '支付code',
  `pay_name` varchar(120) NOT NULL DEFAULT '' COMMENT '支付方式名称',
  `pay_fee` varchar(10) NOT NULL DEFAULT '' COMMENT '手续费',
  `pay_desc` text NOT NULL COMMENT '描述',
  `pay_order` tinyint(3) unsigned NOT NULL DEFAULT '0' COMMENT 'pay_coder',
  `pay_config` text NOT NULL COMMENT '配置',
  `enabled` tinyint(1) unsigned NOT NULL DEFAULT '0' COMMENT '开启',
  `is_cod` tinyint(1) unsigned NOT NULL DEFAULT '0' COMMENT '是否货到付款',
  `is_online` tinyint(1) unsigned NOT NULL DEFAULT '0' COMMENT '是否在线支付',
  PRIMARY KEY (`pay_id`) USING BTREE,
  UNIQUE KEY `pay_code` (`pay_code`) USING BTREE
) ENGINE=InnoDB DEFAULT CHARSET=utf8 ROW_FORMAT=DYNAMIC COMMENT='支付方式表';
/*!40101 SET character_set_client = @saved_cs_client */;

--
-- Dumping data for table `store_payment`
--

LOCK TABLES `store_payment` WRITE;
/*!40000 ALTER TABLE `store_payment` DISABLE KEYS */;
/*!40000 ALTER TABLE `store_payment` ENABLE KEYS */;
UNLOCK TABLES;

--
-- Table structure for table `store_points_money_log`
--

DROP TABLE IF EXISTS `store_points_money_log`;
/*!40101 SET @saved_cs_client     = @@character_set_client */;
/*!40101 SET character_set_client = utf8 */;
CREATE TABLE `store_points_money_log` (
  `id` bigint(20) unsigned NOT NULL AUTO_INCREMENT COMMENT '日志id',
  `order_id` int(10) unsigned DEFAULT '0' COMMENT '关联的订单id 充值d订单或者消费订单',
  `user_id` int(11) NOT NULL DEFAULT '0' COMMENT '所有者的用户id',
  `title` varchar(150) NOT NULL DEFAULT '' COMMENT '积分或者红包日志标题',
  `points_number` int(11) NOT NULL DEFAULT '0' COMMENT '积分变动数量，亿级',
  `money_number` decimal(10,2) NOT NULL DEFAULT '0.00' COMMENT '红包变动数量，亿级',
  `type` tinyint(1) NOT NULL DEFAULT '1' COMMENT '会员红包或者积分变动类型：1支入，2-支出',
  `create_time` int(10) NOT NULL DEFAULT '0' COMMENT '添加时间',
  PRIMARY KEY (`id`) USING BTREE
) ENGINE=InnoDB AUTO_INCREMENT=99 DEFAULT CHARSET=utf8 ROW_FORMAT=DYNAMIC COMMENT='积分/余额日志(流水)表';
/*!40101 SET character_set_client = @saved_cs_client */;

--
-- Dumping data for table `store_points_money_log`
--

LOCK TABLES `store_points_money_log` WRITE;
/*!40000 ALTER TABLE `store_points_money_log` DISABLE KEYS */;
INSERT INTO `store_points_money_log` VALUES (50,141,1,'现金充值',0,1000.00,1,1533130821),(51,0,1,'进货支出',0,836.00,2,1533389358),(52,0,1,'进货支出',0,70.40,2,1536831708),(53,170,7,'现金充值',0,55.00,1,1537262933),(54,171,7,'现金充值',0,555.00,1,1537262992),(55,0,7,'管理员调整金额',0,100.00,1,1537319509),(56,199,3,'现金充值',0,200.00,1,1537424017),(57,0,2,'进货支出',0,110.00,2,1537794698),(58,202,2,'现金充值',0,100.00,1,1537797272),(59,0,3,'管理员调整金额',0,20000.00,1,1537857224),(60,0,3,'进货支出',0,0.00,2,1537857258),(61,0,3,'进货支出',0,233.00,2,1537859567),(62,0,2,'进货支出',0,110.00,2,1537985787),(63,0,2,'进货支出',0,110.00,2,1537985893),(64,0,2,'进货支出',0,110.00,2,1537986007),(65,0,2,'进货支出',0,110.00,2,1537986073),(66,0,2,'进货支出',0,110.00,2,1537986169),(67,0,2,'进货支出',0,110.00,2,1537986241),(68,0,3,'进货支出',0,211.00,2,1538017693),(69,0,3,'进货支出',0,80.00,2,1538020135),(70,0,2,'进货支出',0,110.00,2,1538028526),(71,0,2,'进货支出',0,110.00,2,1538029015),(72,0,2,'进货支出',0,110.00,2,1538029152),(73,0,2,'进货支出',0,110.00,2,1538029326),(74,0,2,'进货支出',0,110.00,2,1538029376),(75,0,2,'进货支出',0,110.00,2,1538029916),(76,0,2,'进货支出',0,110.00,2,1538030055),(77,0,2,'进货支出',0,110.00,2,1538030114),(78,0,3,'进货支出',0,80.00,2,1538031217),(79,0,2,'进货支出',0,80.00,2,1538032284),(80,0,7,'进货支出',0,170.00,2,1538040934),(81,0,7,'进货支出',0,52.00,2,1538118403),(82,0,7,'进货支出',0,430.00,2,1538119947),(83,0,7,'管理员调整金额',0,10000.00,1,1538120985),(84,0,7,'进货支出',0,330.00,2,1538121207),(85,0,2,'进货支出',0,240.00,2,1539076535),(86,0,2,'进货支出',0,100.00,2,1539078194),(87,0,3,'进货支出',0,100.00,2,1539220807),(88,0,3,'进货支出',0,80.00,2,1539221246),(89,0,2,'进货支出',0,110.00,2,1539222400),(90,0,3,'进货支出',0,80.00,2,1539227807),(91,0,3,'进货支出',0,301.00,2,1539237129),(92,0,7,'进货支出',0,196.00,2,1539240016),(93,0,7,'进货支出',0,90.90,2,1539243164),(94,0,7,'进货支出',0,90.90,2,1539243181),(95,0,7,'进货支出',0,90.90,2,1539243187),(96,0,7,'进货支出',0,110.70,2,1539243862),(97,0,7,'进货支出',0,110.70,2,1539243889),(98,0,7,'进货支出',0,288.00,2,1539244318);
/*!40000 ALTER TABLE `store_points_money_log` ENABLE KEYS */;
UNLOCK TABLES;

--
-- Table structure for table `store_recharge`
--

DROP TABLE IF EXISTS `store_recharge`;
/*!40101 SET @saved_cs_client     = @@character_set_client */;
/*!40101 SET character_set_client = utf8 */;
CREATE TABLE `store_recharge` (
  `id` bigint(20) NOT NULL AUTO_INCREMENT,
  `from_type` tinyint(1) unsigned DEFAULT '1' COMMENT '充值转账来源1-充值 2-转账',
  `method_id` int(10) unsigned DEFAULT '0' COMMENT '充值方式id',
  `user_id` bigint(20) NOT NULL DEFAULT '0' COMMENT '会员ID',
  `order_sn` varchar(30) NOT NULL DEFAULT '' COMMENT '充值单号',
  `screen_pic` varchar(200) DEFAULT '' COMMENT '转账截图',
  `account` decimal(10,2) DEFAULT '0.00' COMMENT '充值金额',
  `status_time` int(11) unsigned DEFAULT '0' COMMENT '审核日期',
  `ctime` int(11) DEFAULT NULL COMMENT '充值时间',
  `status` tinyint(1) DEFAULT '0' COMMENT '充值状态0:审核中 1:审核成功 2-审核失败',
  `remark` varchar(200) DEFAULT '' COMMENT '备注',
  PRIMARY KEY (`id`) USING BTREE
) ENGINE=InnoDB AUTO_INCREMENT=283 DEFAULT CHARSET=utf8 ROW_FORMAT=DYNAMIC COMMENT='充值或转账订单记录表';
/*!40101 SET character_set_client = @saved_cs_client */;

--
-- Dumping data for table `store_recharge`
--

LOCK TABLES `store_recharge` WRITE;
/*!40000 ALTER TABLE `store_recharge` DISABLE KEYS */;
INSERT INTO `store_recharge` VALUES (141,1,1,1,'2018072521201787160','http://www.testxcx.com/static/upload/a1b7f6d005e2c1b2/9729f24657ecbf46.png',1000.00,1533130821,1532524817,1,''),(142,2,1,1,'2018072521562425007','http://www.testxcx.com/static/upload/a1b7f6d005e2c1b2/9729f24657ecbf46.png',1000.00,1533203680,1532526984,1,''),(143,2,1,1,'22222222','http://www.testxcx.com/static/upload/a1b7f6d005e2c1b2/9729f24657ecbf46.png',210.00,1533217816,1532524817,1,''),(144,1,1,1,'2018091116242898946','44444',20.00,0,1536654268,0,''),(145,1,1,1,'2018091216463054486','http://tmp/wx7716525cc7f1f490.o6zAJs19nsgod_IKqSrtW8bTgtw8.pL7yPXjn09HO1913000c96bffd795d7168711de47390.jpg',222.00,0,1536741990,0,''),(146,1,1,1,'2018091216520591714','http://tmp/wx7716525cc7f1f490.o6zAJs19nsgod_IKqSrtW8bTgtw8.kO9rTfHcIPvl1913000c96bffd795d7168711de47390.jpg',20.00,0,1536742325,0,''),(147,1,1,1,'2018091217024053205','http://tmp/wx7716525cc7f1f490.o6zAJs19nsgod_IKqSrtW8bTgtw8.TIsEKvKob8ow1913000c96bffd795d7168711de47390.jpg',222.00,0,1536742960,0,''),(148,2,1,1,'2018091416571541000','http://tmp/wx7716525cc7f1f490.o6zAJs19nsgod_IKqSrtW8bTgtw8.fbiUd38daQFf1913000c96bffd795d7168711de47390.jpg',54552.00,0,1536915435,0,''),(149,2,1,1,'2018091417002144757','http://tmp/wx7716525cc7f1f490.o6zAJs19nsgod_IKqSrtW8bTgtw8.QRDta7fyNB8U1913000c96bffd795d7168711de47390.jpg',100.00,0,1536915621,0,''),(150,1,1,1,'2018091417013329502','http://tmp/wx7716525cc7f1f490.o6zAJs19nsgod_IKqSrtW8bTgtw8.CilfRtadn4cb1913000c96bffd795d7168711de47390.jpg',1.00,0,1536915693,0,''),(151,2,1,1,'2018091417025096546','http://tmp/wx7716525cc7f1f490.o6zAJs19nsgod_IKqSrtW8bTgtw8.tMJCI9srzrl71913000c96bffd795d7168711de47390.jpg',20.00,0,1536915770,0,''),(152,2,1,1,'2018091417041260095','http://tmp/wx7716525cc7f1f490.o6zAJs19nsgod_IKqSrtW8bTgtw8.NU523ND6kIsd1913000c96bffd795d7168711de47390.jpg',1.00,0,1536915852,0,''),(153,2,1,1,'2018091417045742350','http://tmp/wx7716525cc7f1f490.o6zAJs19nsgod_IKqSrtW8bTgtw8.YFAWQrkrKp8i1913000c96bffd795d7168711de47390.jpg',12.00,0,1536915897,0,''),(154,2,1,1,'2018091417055015996','http://tmp/wx7716525cc7f1f490.o6zAJs19nsgod_IKqSrtW8bTgtw8.r8r7aJf6GG7o1913000c96bffd795d7168711de47390.jpg',1.00,0,1536915950,0,''),(155,2,1,1,'2018091417063832184','http://tmp/wx7716525cc7f1f490.o6zAJs19nsgod_IKqSrtW8bTgtw8.1p03bCF15H9H1913000c96bffd795d7168711de47390.jpg',1.00,0,1536915998,0,''),(156,2,1,1,'2018091417104693413','http://tmp/wx7716525cc7f1f490.o6zAJs19nsgod_IKqSrtW8bTgtw8.UOeCnQ6E3utj1913000c96bffd795d7168711de47390.jpg',12.00,0,1536916246,0,''),(157,2,1,1,'2018091601070954685','http://tmp/wx7716525cc7f1f490.o6zAJs19nsgod_IKqSrtW8bTgtw8.8SyF62MEwCA6bd0c4d9c4d21e67a4186bff85361a1bd.png',2222.00,0,1537031229,0,''),(158,2,1,1,'2018091601114382039','http://tmp/wx7716525cc7f1f490.o6zAJs19nsgod_IKqSrtW8bTgtw8.zdyyN6BF5GYgbd0c4d9c4d21e67a4186bff85361a1bd.png',1111.00,0,1537031503,0,''),(159,2,1,7,'2018091811090198115','wxfile://tmp_ab866540729f591c2c8a0ea2c59ddddd.jpg',666.00,0,1537240141,0,''),(160,2,1,7,'2018091811090461091','wxfile://tmp_ab866540729f591c2c8a0ea2c59ddddd.jpg',666.00,0,1537240144,0,''),(161,2,1,7,'2018091811090526094','wxfile://tmp_ab866540729f591c2c8a0ea2c59ddddd.jpg',666.00,0,1537240145,0,''),(162,2,1,7,'2018091811090540420','wxfile://tmp_ab866540729f591c2c8a0ea2c59ddddd.jpg',666.00,0,1537240145,0,''),(163,2,1,7,'2018091811090632015','wxfile://tmp_ab866540729f591c2c8a0ea2c59ddddd.jpg',666.00,0,1537240146,0,''),(164,2,1,7,'2018091811090683373','wxfile://tmp_ab866540729f591c2c8a0ea2c59ddddd.jpg',666.00,0,1537240146,0,''),(165,2,3,7,'2018091815595949122','wxfile://tmp_2b93bb4edc3cb181b5326858046ee8ef.jpg',55.00,0,1537257599,0,''),(166,2,3,7,'2018091816000095059','wxfile://tmp_2b93bb4edc3cb181b5326858046ee8ef.jpg',55.00,0,1537257600,0,''),(167,2,3,7,'2018091816000021704','wxfile://tmp_2b93bb4edc3cb181b5326858046ee8ef.jpg',55.00,0,1537257600,0,''),(168,2,3,7,'2018091816000058740','wxfile://tmp_2b93bb4edc3cb181b5326858046ee8ef.jpg',55.00,0,1537257600,0,''),(169,2,3,7,'2018091816000193312','wxfile://tmp_2b93bb4edc3cb181b5326858046ee8ef.jpg',55.00,0,1537257601,0,''),(170,1,3,7,'2018091817284050141','wxfile://tmp_7d9046993b3ce5874a97d7181f32edbc.jpg',55.00,1537262933,1537262920,1,''),(171,1,3,7,'2018091817293620480','wxfile://tmp_7d9046993b3ce5874a97d7181f32edbc.jpg',555.00,1537262992,1537262976,1,''),(172,2,1,3,'2018091819433560933','wxfile://tmp_81bbdc3837e3710feac533b44b3c484ec08c8dc2355b666e.jpg',200.00,0,1537271015,0,''),(173,2,1,3,'2018091819433762951','wxfile://tmp_81bbdc3837e3710feac533b44b3c484ec08c8dc2355b666e.jpg',200.00,0,1537271017,0,''),(174,2,1,3,'2018091819433916792','wxfile://tmp_81bbdc3837e3710feac533b44b3c484ec08c8dc2355b666e.jpg',200.00,0,1537271019,0,''),(175,2,1,7,'2018091910352320633','wxfile://tmp_0c2443bd8d4269fef8efce03fe112623.jpg',666.00,0,1537324523,0,''),(176,2,1,7,'2018091910352478213','wxfile://tmp_0c2443bd8d4269fef8efce03fe112623.jpg',666.00,0,1537324524,0,''),(177,2,1,7,'2018091910354337896','wxfile://tmp_0c2443bd8d4269fef8efce03fe112623.jpg',666.00,0,1537324543,0,''),(178,2,1,7,'2018091910354417138','wxfile://tmp_0c2443bd8d4269fef8efce03fe112623.jpg',666.00,0,1537324544,0,''),(179,2,1,7,'2018091910354440991','wxfile://tmp_0c2443bd8d4269fef8efce03fe112623.jpg',666.00,0,1537324544,0,''),(180,2,1,7,'2018091910354458125','wxfile://tmp_0c2443bd8d4269fef8efce03fe112623.jpg',666.00,0,1537324544,0,''),(181,2,1,7,'2018091910354515121','wxfile://tmp_0c2443bd8d4269fef8efce03fe112623.jpg',666.00,0,1537324545,0,''),(182,2,1,7,'2018091910354694576','wxfile://tmp_0c2443bd8d4269fef8efce03fe112623.jpg',666.00,0,1537324546,0,''),(183,2,1,7,'2018091910354645975','wxfile://tmp_0c2443bd8d4269fef8efce03fe112623.jpg',666.00,0,1537324546,0,''),(184,2,1,7,'2018091910354624038','wxfile://tmp_0c2443bd8d4269fef8efce03fe112623.jpg',666.00,0,1537324546,0,''),(185,2,1,7,'2018091910354756245','wxfile://tmp_0c2443bd8d4269fef8efce03fe112623.jpg',666.00,0,1537324547,0,''),(186,2,1,7,'2018091910354753836','wxfile://tmp_0c2443bd8d4269fef8efce03fe112623.jpg',666.00,0,1537324547,0,''),(187,2,1,7,'2018091910354797918','wxfile://tmp_0c2443bd8d4269fef8efce03fe112623.jpg',666.00,0,1537324547,0,''),(188,2,1,7,'2018091910354862558','wxfile://tmp_0c2443bd8d4269fef8efce03fe112623.jpg',666.00,0,1537324548,0,''),(189,2,1,7,'2018091910354858551','wxfile://tmp_0c2443bd8d4269fef8efce03fe112623.jpg',666.00,0,1537324548,0,''),(190,2,1,7,'2018091910354836930','wxfile://tmp_0c2443bd8d4269fef8efce03fe112623.jpg',666.00,0,1537324548,0,''),(191,2,1,7,'2018091910354886718','wxfile://tmp_0c2443bd8d4269fef8efce03fe112623.jpg',666.00,0,1537324548,0,''),(192,2,1,7,'2018091910354852293','wxfile://tmp_0c2443bd8d4269fef8efce03fe112623.jpg',666.00,0,1537324548,0,''),(193,2,1,7,'2018091910354981091','wxfile://tmp_0c2443bd8d4269fef8efce03fe112623.jpg',666.00,0,1537324549,0,''),(194,2,1,7,'2018091910354920179','wxfile://tmp_0c2443bd8d4269fef8efce03fe112623.jpg',666.00,0,1537324549,0,''),(195,2,1,7,'2018091910354910503','wxfile://tmp_0c2443bd8d4269fef8efce03fe112623.jpg',666.00,0,1537324549,0,''),(196,2,1,7,'2018091910354948435','wxfile://tmp_0c2443bd8d4269fef8efce03fe112623.jpg',666.00,0,1537324549,0,''),(197,2,1,7,'2018091910355058665','wxfile://tmp_0c2443bd8d4269fef8efce03fe112623.jpg',666.00,0,1537324550,0,''),(198,2,1,7,'2018091910355022090','wxfile://tmp_0c2443bd8d4269fef8efce03fe112623.jpg',666.00,0,1537324550,0,''),(199,1,1,3,'2018092014131652263','wxfile://tmp_43e33c30d149550ed5de63ad4021c5643f4ade437e967e06.jpg',200.00,1537424017,1537423996,1,''),(200,2,1,2,'2018092418040868449','http://tmp/wx604d2ea4702620d2.o6zAJs19nsgod_IKqSrtW8bTgtw8.IpSybR8XmbX806d108d22f54a74f8a7f31a359784ca9.jpg',11.00,0,1537783448,0,''),(201,1,1,2,'2018092419193225934','http://tmp/wx604d2ea4702620d2.o6zAJs19nsgod_IKqSrtW8bTgtw8.fC5ZI3UTk2Bj19ad9ba730dbce751d507d3a627e8ae0.png',22.00,0,1537787972,0,''),(202,1,1,2,'2018092421540638918','http://tmp/wx604d2ea4702620d2.o6zAJs19nsgod_IKqSrtW8bTgtw8.hH2jV5YjIhUf2b4faea670d34bc792cf6a3a09b9dbfb.png',100.00,1537797272,1537797246,1,''),(203,2,1,3,'2018092514310798536','wxfile://tmp_ef99c8a4572b71f7b3db37f710e9b6cad858a187aaa185e2.jpg',1120.00,0,1537857067,0,''),(204,2,1,2,'2018092702030377276','http://tmp/wx604d2ea4702620d2.o6zAJs19nsgod_IKqSrtW8bTgtw8.VRdMca2odWSw527fe3b6065e6df0365d48cf7bafe4d8.png',3333.00,0,1537984983,0,''),(205,2,1,2,'2018092702071856939','http://tmp/wx604d2ea4702620d2.o6zAJs19nsgod_IKqSrtW8bTgtw8.ljEjABH8u7AD527fe3b6065e6df0365d48cf7bafe4d8.png',22222.00,0,1537985238,0,''),(206,2,1,7,'2018092811341366563','wxfile://tmp_7118cb2c25239a724d75b520af60aabb.jpg',666.00,0,1538105653,0,''),(207,2,1,7,'2018092811341415350','wxfile://tmp_7118cb2c25239a724d75b520af60aabb.jpg',666.00,0,1538105654,0,''),(208,1,1,7,'2018092816034758417','wxfile://tmp_6a59d2ba85aa3f88e8d366bcb57b0bae.jpg',222.00,0,1538121827,0,''),(209,1,2,7,'2018092816040142732','wxfile://tmp_6a59d2ba85aa3f88e8d366bcb57b0bae.jpg',222.00,0,1538121841,0,''),(210,1,3,7,'2018092816040755867','wxfile://tmp_6a59d2ba85aa3f88e8d366bcb57b0bae.jpg',222.00,0,1538121847,0,''),(211,1,3,7,'2018092816042611995','wxfile://tmp_6a59d2ba85aa3f88e8d366bcb57b0bae.jpg',222.00,0,1538121866,0,''),(212,1,1,7,'2018092816054139928','wxfile://tmp_6a59d2ba85aa3f88e8d366bcb57b0bae.jpg',222.00,0,1538121941,0,''),(213,1,1,7,'2018092816060244967','wxfile://tmp_6a59d2ba85aa3f88e8d366bcb57b0bae.jpg',222.00,0,1538121962,0,''),(214,2,1,3,'2018092816275232663','wxfile://tmp_e0d7c38ffb15b3362b8bf81de96901b8ba39f9e8e0c13d64.jpg',100.00,0,1538123272,0,''),(215,2,1,3,'2018092816275472798','wxfile://tmp_e0d7c38ffb15b3362b8bf81de96901b8ba39f9e8e0c13d64.jpg',100.00,0,1538123274,0,''),(216,2,1,3,'2018092816275475098','wxfile://tmp_e0d7c38ffb15b3362b8bf81de96901b8ba39f9e8e0c13d64.jpg',100.00,0,1538123274,0,''),(217,2,1,3,'2018092816275530451','wxfile://tmp_e0d7c38ffb15b3362b8bf81de96901b8ba39f9e8e0c13d64.jpg',100.00,0,1538123275,0,''),(218,2,1,3,'2018092816275562259','wxfile://tmp_e0d7c38ffb15b3362b8bf81de96901b8ba39f9e8e0c13d64.jpg',100.00,0,1538123275,0,''),(219,2,1,3,'2018092816275589187','wxfile://tmp_e0d7c38ffb15b3362b8bf81de96901b8ba39f9e8e0c13d64.jpg',100.00,0,1538123275,0,''),(220,2,1,3,'2018092816275640327','wxfile://tmp_e0d7c38ffb15b3362b8bf81de96901b8ba39f9e8e0c13d64.jpg',100.00,0,1538123276,0,''),(221,2,1,3,'2018092816275687067','wxfile://tmp_e0d7c38ffb15b3362b8bf81de96901b8ba39f9e8e0c13d64.jpg',100.00,0,1538123276,0,''),(222,2,1,3,'2018092816275689683','wxfile://tmp_e0d7c38ffb15b3362b8bf81de96901b8ba39f9e8e0c13d64.jpg',100.00,0,1538123276,0,''),(223,2,1,3,'2018092816275687932','wxfile://tmp_e0d7c38ffb15b3362b8bf81de96901b8ba39f9e8e0c13d64.jpg',100.00,0,1538123276,0,''),(224,2,1,3,'2018092816275675178','wxfile://tmp_e0d7c38ffb15b3362b8bf81de96901b8ba39f9e8e0c13d64.jpg',100.00,0,1538123276,0,''),(225,2,1,3,'2018092816275662263','wxfile://tmp_e0d7c38ffb15b3362b8bf81de96901b8ba39f9e8e0c13d64.jpg',100.00,0,1538123276,0,''),(226,2,1,3,'2018092816275714010','wxfile://tmp_e0d7c38ffb15b3362b8bf81de96901b8ba39f9e8e0c13d64.jpg',100.00,0,1538123277,0,''),(227,2,1,3,'2018092816275778584','wxfile://tmp_e0d7c38ffb15b3362b8bf81de96901b8ba39f9e8e0c13d64.jpg',100.00,0,1538123277,0,''),(228,2,1,3,'2018092816275785596','wxfile://tmp_e0d7c38ffb15b3362b8bf81de96901b8ba39f9e8e0c13d64.jpg',100.00,0,1538123277,0,''),(229,2,1,3,'2018092816275752403','wxfile://tmp_e0d7c38ffb15b3362b8bf81de96901b8ba39f9e8e0c13d64.jpg',100.00,0,1538123277,0,''),(230,2,1,3,'2018092816275713791','wxfile://tmp_e0d7c38ffb15b3362b8bf81de96901b8ba39f9e8e0c13d64.jpg',100.00,0,1538123277,0,''),(231,2,1,3,'2018092816275770307','wxfile://tmp_e0d7c38ffb15b3362b8bf81de96901b8ba39f9e8e0c13d64.jpg',100.00,0,1538123277,0,''),(232,2,2,3,'2018100919402528154','wxfile://tmp_cbb6231ff3721dd8c28af3b8da9f3524065374a6aaffbd44.jpg',100.00,0,1539085225,0,''),(233,2,2,3,'2018100919403715213','wxfile://tmp_cbb6231ff3721dd8c28af3b8da9f3524065374a6aaffbd44.jpg',100.00,0,1539085237,0,''),(234,2,2,3,'2018100919404026051','wxfile://tmp_cbb6231ff3721dd8c28af3b8da9f3524065374a6aaffbd44.jpg',100.00,0,1539085240,0,''),(235,2,2,3,'2018100919404057366','wxfile://tmp_cbb6231ff3721dd8c28af3b8da9f3524065374a6aaffbd44.jpg',100.00,0,1539085240,0,''),(236,2,2,3,'2018100919404121955','wxfile://tmp_cbb6231ff3721dd8c28af3b8da9f3524065374a6aaffbd44.jpg',100.00,0,1539085241,0,''),(237,2,2,3,'2018100919404127052','wxfile://tmp_cbb6231ff3721dd8c28af3b8da9f3524065374a6aaffbd44.jpg',100.00,0,1539085241,0,''),(238,2,2,3,'2018100919404171424','wxfile://tmp_cbb6231ff3721dd8c28af3b8da9f3524065374a6aaffbd44.jpg',100.00,0,1539085241,0,''),(239,2,2,3,'2018100919404184409','wxfile://tmp_cbb6231ff3721dd8c28af3b8da9f3524065374a6aaffbd44.jpg',100.00,0,1539085241,0,''),(240,2,2,3,'2018100919404289690','wxfile://tmp_cbb6231ff3721dd8c28af3b8da9f3524065374a6aaffbd44.jpg',100.00,0,1539085242,0,''),(241,2,2,3,'2018100919404286650','wxfile://tmp_cbb6231ff3721dd8c28af3b8da9f3524065374a6aaffbd44.jpg',100.00,0,1539085242,0,''),(242,2,2,3,'2018100919404241653','wxfile://tmp_cbb6231ff3721dd8c28af3b8da9f3524065374a6aaffbd44.jpg',100.00,0,1539085242,0,''),(243,2,2,3,'2018100919404297411','wxfile://tmp_cbb6231ff3721dd8c28af3b8da9f3524065374a6aaffbd44.jpg',100.00,0,1539085242,0,''),(244,2,1,3,'2018100919424459376','wxfile://tmp_43aed6f9e080a8efa37daf3613ab242ab2bd98dccfa7efca.jpg',100.00,0,1539085364,0,''),(245,2,2,2,'2018101104193786384','http://tmp/wx604d2ea4702620d2.o6zAJs19nsgod_IKqSrtW8bTgtw8.hQsEN5EicO0Rfe4792d482196a50cf9ae0d9d90b6493.ico',200.00,0,1539202777,0,''),(246,2,2,2,'2018101104215353900','http://tmp/wx604d2ea4702620d2.o6zAJs19nsgod_IKqSrtW8bTgtw8.FrKMFGUV8tBNfe4792d482196a50cf9ae0d9d90b6493.ico',200.00,0,1539202913,0,''),(247,1,2,2,'2018101104233254722','http://tmp/wx604d2ea4702620d2.o6zAJs19nsgod_IKqSrtW8bTgtw8.lveB2YGeTShcfe4792d482196a50cf9ae0d9d90b6493.ico',2000.00,0,1539203012,0,''),(248,2,2,2,'2018101104235786730','http://tmp/wx604d2ea4702620d2.o6zAJs19nsgod_IKqSrtW8bTgtw8.lveB2YGeTShcfe4792d482196a50cf9ae0d9d90b6493.ico',2000.00,0,1539203037,0,''),(249,2,2,2,'2018101104262648793','http://tmp/wx604d2ea4702620d2.o6zAJs19nsgod_IKqSrtW8bTgtw8.A2NKpwiPeiuIfe4792d482196a50cf9ae0d9d90b6493.ico',200.00,0,1539203186,0,''),(250,2,1,3,'2018101109221826699','wxfile://tmp_e8e57d308070e9468cae6ebfd89089e3b0ac8d5c84d99f8d.jpg',100.00,0,1539220938,0,''),(251,2,1,3,'2018101109222330837','wxfile://tmp_e8e57d308070e9468cae6ebfd89089e3b0ac8d5c84d99f8d.jpg',100.00,0,1539220943,0,''),(252,2,1,3,'2018101109222577741','wxfile://tmp_e8e57d308070e9468cae6ebfd89089e3b0ac8d5c84d99f8d.jpg',100.00,0,1539220945,0,''),(253,2,1,3,'2018101109222675100','wxfile://tmp_e8e57d308070e9468cae6ebfd89089e3b0ac8d5c84d99f8d.jpg',100.00,0,1539220946,0,''),(254,2,1,3,'2018101109222666466','wxfile://tmp_e8e57d308070e9468cae6ebfd89089e3b0ac8d5c84d99f8d.jpg',100.00,0,1539220946,0,''),(255,2,1,3,'2018101109222676622','wxfile://tmp_e8e57d308070e9468cae6ebfd89089e3b0ac8d5c84d99f8d.jpg',100.00,0,1539220946,0,''),(256,2,1,3,'2018101109222670569','wxfile://tmp_e8e57d308070e9468cae6ebfd89089e3b0ac8d5c84d99f8d.jpg',100.00,0,1539220946,0,''),(257,2,1,3,'2018101109222718116','wxfile://tmp_e8e57d308070e9468cae6ebfd89089e3b0ac8d5c84d99f8d.jpg',100.00,0,1539220947,0,''),(258,2,1,3,'2018101109222739735','wxfile://tmp_e8e57d308070e9468cae6ebfd89089e3b0ac8d5c84d99f8d.jpg',100.00,0,1539220947,0,''),(259,2,1,3,'2018101109222734686','wxfile://tmp_e8e57d308070e9468cae6ebfd89089e3b0ac8d5c84d99f8d.jpg',100.00,0,1539220947,0,''),(260,2,1,3,'2018101109222794435','wxfile://tmp_e8e57d308070e9468cae6ebfd89089e3b0ac8d5c84d99f8d.jpg',100.00,0,1539220947,0,''),(261,2,1,3,'2018101109240884756','wxfile://tmp_180f832c87fa49bab5eee3df7c0db97f07575970d6a23477.jpg',200.00,0,1539221048,0,''),(262,2,1,3,'2018101109252410942','wxfile://tmp_180f832c87fa49bab5eee3df7c0db97f07575970d6a23477.jpg',200.00,0,1539221124,0,''),(263,2,1,3,'2018101109252665649','wxfile://tmp_180f832c87fa49bab5eee3df7c0db97f07575970d6a23477.jpg',200.00,0,1539221126,0,''),(264,2,1,3,'2018101109432450346','wxfile://tmp_2ddb35191019a2efb82d7be7c800f9022f5158fb35dc3526.jpg',200.00,0,1539222204,0,''),(265,2,1,3,'2018101109433522041','wxfile://tmp_2ddb35191019a2efb82d7be7c800f9022f5158fb35dc3526.jpg',200.00,0,1539222215,0,''),(266,2,2,2,'2018101109473840491','http://tmp/wx604d2ea4702620d2.o6zAJs19nsgod_IKqSrtW8bTgtw8.bQaBw9jeLjr3fe4792d482196a50cf9ae0d9d90b6493.ico',100.00,0,1539222458,0,''),(267,2,2,2,'2018101109500574646','http://tmp/wx604d2ea4702620d2.o6zAJs19nsgod_IKqSrtW8bTgtw8.Dl5RO1o7Zi14fe4792d482196a50cf9ae0d9d90b6493.ico',200.00,0,1539222605,0,''),(268,2,2,2,'2018101109513264321','http://tmp/wx604d2ea4702620d2.o6zAJs19nsgod_IKqSrtW8bTgtw8.FT01v5KJVG5cfe4792d482196a50cf9ae0d9d90b6493.ico',200.00,0,1539222692,0,''),(269,2,2,2,'2018101109571376297','http://tmp/wx604d2ea4702620d2.o6zAJs19nsgod_IKqSrtW8bTgtw8.7OZ8hlTHRpIWfe4792d482196a50cf9ae0d9d90b6493.ico',200.00,0,1539223033,0,''),(270,2,2,2,'2018101110272715026','http://tmp/wx604d2ea4702620d2.o6zAJs19nsgod_IKqSrtW8bTgtw8.DhHrw8Q5jmdlfe4792d482196a50cf9ae0d9d90b6493.ico',200.00,0,1539224847,0,''),(271,2,2,2,'2018101110315084145','http://tmp/wx604d2ea4702620d2.o6zAJs19nsgod_IKqSrtW8bTgtw8.ILwktDCpuUNHfe4792d482196a50cf9ae0d9d90b6493.ico',200.00,0,1539225110,0,''),(272,2,2,2,'2018101110390243643','http://tmp/wx604d2ea4702620d2.o6zAJs19nsgod_IKqSrtW8bTgtw8.C21xvgjqcA3bfe4792d482196a50cf9ae0d9d90b6493.ico',200.00,0,1539225542,0,''),(273,2,3,7,'2018101111010016227','wxfile://tmp_ade18cc26090c39548e7bcbc3a39c89c.jpg',666.00,0,1539226860,0,''),(274,2,1,3,'2018101111150483281','wxfile://tmp_97985a29deb8d8a90061828cf0f4e0357b0fa56ca9f67e0f.jpg',100.00,0,1539227704,0,''),(275,2,2,2,'2018101111154857359','http://tmp/wx604d2ea4702620d2.o6zAJs19nsgod_IKqSrtW8bTgtw8.C21xvgjqcA3bfe4792d482196a50cf9ae0d9d90b6493.ico',200.00,0,1539227748,0,''),(276,2,2,2,'2018101111155177215','http://tmp/wx604d2ea4702620d2.o6zAJs19nsgod_IKqSrtW8bTgtw8.C21xvgjqcA3bfe4792d482196a50cf9ae0d9d90b6493.ico',200.00,0,1539227751,0,''),(277,2,2,2,'2018101111222854904','http://tmp/wx604d2ea4702620d2.o6zAJs19nsgod_IKqSrtW8bTgtw8.Ibep4iVgLUw3fe4792d482196a50cf9ae0d9d90b6493.ico',11.00,0,1539228148,0,''),(278,2,2,2,'2018101111234447257','http://tmp/wx604d2ea4702620d2.o6zAJs19nsgod_IKqSrtW8bTgtw8.n7P3GpiuLTQLfe4792d482196a50cf9ae0d9d90b6493.ico',2222.00,0,1539228224,0,''),(279,2,2,2,'2018101111284767607','http://tmp/wx604d2ea4702620d2.o6zAJs19nsgod_IKqSrtW8bTgtw8.ZOqeojEMs9kxfe4792d482196a50cf9ae0d9d90b6493.ico',200.00,0,1539228527,0,''),(280,2,2,2,'2018101111301854933','wxfile://tmp_47519b5898c16810f8e745df1779208d.jpg',200.00,0,1539228618,0,''),(281,2,2,7,'2018101117001959485','wxfile://tmp_bdc4fd6dd37c23886b5bfa4579bc6206.jpg',222.00,0,1539248419,0,''),(282,2,2,2,'2018101221330092747','wxfile://tmp_79861cf3349cc300460ed02318a258f2.jpg',188.00,0,1539351180,0,'');
/*!40000 ALTER TABLE `store_recharge` ENABLE KEYS */;
UNLOCK TABLES;

--
-- Table structure for table `store_recharge_methods`
--

DROP TABLE IF EXISTS `store_recharge_methods`;
/*!40101 SET @saved_cs_client     = @@character_set_client */;
/*!40101 SET character_set_client = utf8 */;
CREATE TABLE `store_recharge_methods` (
  `id` int(11) unsigned NOT NULL AUTO_INCREMENT,
  `name` varchar(20) DEFAULT '' COMMENT '充值方式名称',
  `icon` varchar(200) DEFAULT '' COMMENT '图标',
  `bank_name` varchar(30) DEFAULT '' COMMENT '银行名称，type=1才有',
  `type` tinyint(1) unsigned DEFAULT '1' COMMENT '充值类型1-银行 2微信 3-支付宝',
  `true_name` varchar(30) DEFAULT '' COMMENT '开户行/微信/支付账户用户姓名',
  `account` varchar(50) DEFAULT '' COMMENT '银行账户/微信号/支付宝账户',
  `qrcode` varchar(200) DEFAULT '' COMMENT '二维码图片，微信与支付宝才有',
  `sort` smallint(5) unsigned DEFAULT '0' COMMENT '排序',
  PRIMARY KEY (`id`) USING BTREE
) ENGINE=MyISAM AUTO_INCREMENT=4 DEFAULT CHARSET=utf8 ROW_FORMAT=DYNAMIC COMMENT='充值或转账方式表';
/*!40101 SET character_set_client = @saved_cs_client */;

--
-- Dumping data for table `store_recharge_methods`
--

LOCK TABLES `store_recharge_methods` WRITE;
/*!40000 ALTER TABLE `store_recharge_methods` DISABLE KEYS */;
INSERT INTO `store_recharge_methods` VALUES (1,'银行卡','https://admin.mijia321.com/static/upload/a7545c0e82713c9b/77136c9c6e7464bc.png','中国工商银行',1,'胡鹏','6222020410017823379','http://www.testxcx.com/static/upload/68476a9723d274fa/c269c33cb50405d1.png',0),(2,'支付宝','https://admin.mijia321.com/static/upload/116fcd8be57b654f/819fa27f2783c6bb.png','',3,'胡鹏','zhofubao7@qq.com','https://admin.mijia321.com/static/upload/f83ef57b64d3144f/4a99cd286d19bc68.png',2),(3,'微信','https://admin.mijia321.com/static/upload/441cd27dca6547bd/050b68878260fdfd.jpg','',2,'胡鹏','7878wxid_2131231123','https://admin.mijia321.com/static/upload/1cc26f0c2b994cbc/3ef1392c3e67ad24.png',3);
/*!40000 ALTER TABLE `store_recharge_methods` ENABLE KEYS */;
UNLOCK TABLES;

--
-- Table structure for table `store_spec`
--

DROP TABLE IF EXISTS `store_spec`;
/*!40101 SET @saved_cs_client     = @@character_set_client */;
/*!40101 SET character_set_client = utf8 */;
CREATE TABLE `store_spec` (
  `id` int(11) NOT NULL AUTO_INCREMENT COMMENT '规格表',
  `type_id` int(11) DEFAULT '0' COMMENT '规格类型',
  `name` varchar(55) DEFAULT NULL COMMENT '规格名称',
  `sort` int(11) DEFAULT '50' COMMENT '排序',
  `search_index` tinyint(1) DEFAULT '1' COMMENT '是否需要检索：1是，0否',
  PRIMARY KEY (`id`) USING BTREE
) ENGINE=InnoDB AUTO_INCREMENT=6 DEFAULT CHARSET=utf8 ROW_FORMAT=DYNAMIC COMMENT='商品规格表(独立)';
/*!40101 SET character_set_client = @saved_cs_client */;

--
-- Dumping data for table `store_spec`
--

LOCK TABLES `store_spec` WRITE;
/*!40000 ALTER TABLE `store_spec` DISABLE KEYS */;
INSERT INTO `store_spec` VALUES (3,39,'尺寸',50,1),(4,39,'颜色',50,1),(5,40,'内存',50,1);
/*!40000 ALTER TABLE `store_spec` ENABLE KEYS */;
UNLOCK TABLES;

--
-- Table structure for table `store_spec_goods_price`
--

DROP TABLE IF EXISTS `store_spec_goods_price`;
/*!40101 SET @saved_cs_client     = @@character_set_client */;
/*!40101 SET character_set_client = utf8 */;
CREATE TABLE `store_spec_goods_price` (
  `item_id` bigint(20) unsigned NOT NULL AUTO_INCREMENT COMMENT '规格商品id',
  `goods_id` int(11) DEFAULT '0' COMMENT '商品id',
  `key` varchar(255) CHARACTER SET utf8 COLLATE utf8_bin DEFAULT NULL COMMENT '规格键名',
  `key_name` varchar(255) CHARACTER SET utf8 COLLATE utf8_bin DEFAULT NULL COMMENT '规格键名中文',
  `price` decimal(10,2) DEFAULT '0.00' COMMENT '价格(供货价格)',
  `market_price` double(10,2) unsigned DEFAULT '0.00' COMMENT '零售价格',
  `store_count` int(11) unsigned DEFAULT '10' COMMENT '库存数量',
  `bar_code` varchar(32) CHARACTER SET utf8 COLLATE utf8_bin DEFAULT '' COMMENT '商品条形码',
  `sku` varchar(128) CHARACTER SET utf8 COLLATE utf8_bin DEFAULT '' COMMENT 'SKU',
  `spec_img` varchar(255) DEFAULT NULL COMMENT '规格商品主图',
  `prom_id` int(10) DEFAULT '0' COMMENT '活动id',
  `prom_type` tinyint(2) DEFAULT '0' COMMENT '参加活动类型',
  PRIMARY KEY (`item_id`) USING BTREE,
  KEY `key` (`key`) USING BTREE
) ENGINE=InnoDB AUTO_INCREMENT=44 DEFAULT CHARSET=utf8 ROW_FORMAT=DYNAMIC COMMENT='商品规格关联价格表';
/*!40101 SET character_set_client = @saved_cs_client */;

--
-- Dumping data for table `store_spec_goods_price`
--

LOCK TABLES `store_spec_goods_price` WRITE;
/*!40000 ALTER TABLE `store_spec_goods_price` DISABLE KEYS */;
INSERT INTO `store_spec_goods_price` VALUES (12,5,'6_10','尺寸:150*120cm 颜色:红色',110.00,0.00,0,'','',NULL,0,0),(13,5,'6_11','尺寸:150*120cm 颜色:黑色',120.00,0.00,29,'','',NULL,0,0),(14,5,'7_10','尺寸:200*230cm 颜色:红色',101.00,0.00,54,'','',NULL,0,0),(15,5,'7_11','尺寸:200*230cm 颜色:黑色',99.00,0.00,98,'','',NULL,0,0),(16,5,'6_10','尺寸:150*120cm 颜色:红色',110.00,0.00,0,'','',NULL,0,0),(17,5,'6_11','尺寸:150*120cm 颜色:黑色',120.00,0.00,29,'','',NULL,0,0),(18,5,'7_10','尺寸:200*230cm 颜色:红色',101.00,0.00,54,'','',NULL,0,0),(19,5,'7_11','尺寸:200*230cm 颜色:黑色',99.00,0.00,98,'','',NULL,0,0),(20,5,'6_10','尺寸:150*120cm 颜色:红色',110.00,0.00,0,'','',NULL,0,0),(21,5,'6_11','尺寸:150*120cm 颜色:黑色',120.00,0.00,29,'','',NULL,0,0),(22,5,'7_10','尺寸:200*230cm 颜色:红色',101.00,0.00,54,'','',NULL,0,0),(23,5,'7_11','尺寸:200*230cm 颜色:黑色',99.00,0.00,98,'','',NULL,0,0),(26,6,'6_9','尺寸:150*120cm 颜色:白色',123.00,0.00,0,'','',NULL,0,0),(27,6,'6_10','尺寸:150*120cm 颜色:红色',123.00,0.00,0,'','',NULL,0,0),(28,7,'6','尺寸:150*120cm',33.00,0.00,1,'','',NULL,0,0),(29,7,'7','尺寸:200*230cm',33.00,0.00,2,'','',NULL,0,0),(30,8,'6_10','尺寸:150*120cm 颜色:红色',111.00,0.00,6,'','',NULL,0,0),(31,8,'6_11','尺寸:150*120cm 颜色:黑色',222.00,0.00,7,'','',NULL,0,0),(32,8,'7_10','尺寸:200*230cm 颜色:红色',333.00,0.00,8,'','',NULL,0,0),(33,8,'7_11','尺寸:200*230cm 颜色:黑色',444.00,0.00,9,'','',NULL,0,0),(39,9,'6_9','尺寸:150*120cm,颜色:白色',99.00,0.00,999,'','',NULL,0,0),(40,9,'6_10','尺寸:150*120cm,颜色:红色',99.00,0.00,99,'','',NULL,0,0),(42,4,'8_10','尺寸:300*500cm,颜色:红色',88.00,888.00,8888,'','',NULL,0,0),(43,4,'8_11','尺寸:300*500cm,颜色:黑色',80.00,0.00,790,'','',NULL,0,0);
/*!40000 ALTER TABLE `store_spec_goods_price` ENABLE KEYS */;
UNLOCK TABLES;

--
-- Table structure for table `store_spec_image`
--

DROP TABLE IF EXISTS `store_spec_image`;
/*!40101 SET @saved_cs_client     = @@character_set_client */;
/*!40101 SET character_set_client = utf8 */;
CREATE TABLE `store_spec_image` (
  `goods_id` int(11) DEFAULT '0' COMMENT '商品规格图片表id',
  `spec_image_id` int(11) DEFAULT '0' COMMENT '规格项id',
  `src` varchar(512) CHARACTER SET utf8 COLLATE utf8_bin DEFAULT '' COMMENT '商品规格图片路径'
) ENGINE=MyISAM DEFAULT CHARSET=utf8 ROW_FORMAT=DYNAMIC;
/*!40101 SET character_set_client = @saved_cs_client */;

--
-- Dumping data for table `store_spec_image`
--

LOCK TABLES `store_spec_image` WRITE;
/*!40000 ALTER TABLE `store_spec_image` DISABLE KEYS */;
/*!40000 ALTER TABLE `store_spec_image` ENABLE KEYS */;
UNLOCK TABLES;

--
-- Table structure for table `store_spec_item`
--

DROP TABLE IF EXISTS `store_spec_item`;
/*!40101 SET @saved_cs_client     = @@character_set_client */;
/*!40101 SET character_set_client = utf8 */;
CREATE TABLE `store_spec_item` (
  `id` int(11) NOT NULL AUTO_INCREMENT COMMENT '规格项id',
  `spec_id` int(11) DEFAULT NULL COMMENT '规格id',
  `item` varchar(54) DEFAULT NULL COMMENT '规格项',
  PRIMARY KEY (`id`) USING BTREE
) ENGINE=InnoDB AUTO_INCREMENT=17 DEFAULT CHARSET=utf8 ROW_FORMAT=DYNAMIC COMMENT='规格项';
/*!40101 SET character_set_client = @saved_cs_client */;

--
-- Dumping data for table `store_spec_item`
--

LOCK TABLES `store_spec_item` WRITE;
/*!40000 ALTER TABLE `store_spec_item` DISABLE KEYS */;
INSERT INTO `store_spec_item` VALUES (6,3,'150*120cm'),(7,3,'200*230cm'),(8,3,'300*500cm'),(9,4,'白色'),(10,4,'红色'),(11,4,'黑色'),(12,4,'紫色'),(13,5,'1G'),(14,5,'4G'),(15,5,'8G'),(16,5,'12G');
/*!40000 ALTER TABLE `store_spec_item` ENABLE KEYS */;
UNLOCK TABLES;

--
-- Table structure for table `store_substitute`
--

DROP TABLE IF EXISTS `store_substitute`;
/*!40101 SET @saved_cs_client     = @@character_set_client */;
/*!40101 SET character_set_client = utf8 */;
CREATE TABLE `store_substitute` (
  `id` bigint(20) unsigned NOT NULL AUTO_INCREMENT,
  `user_id` int(11) unsigned NOT NULL DEFAULT '0' COMMENT '用户id',
  `username` varchar(30) NOT NULL DEFAULT '' COMMENT '收货人姓名',
  `phone` varchar(20) NOT NULL COMMENT '收货手机号',
  `city_info` varchar(100) DEFAULT '' COMMENT '城市信息',
  `address` varchar(200) DEFAULT '' COMMENT '收货详细地址',
  `product_info` text COMMENT '产品明细',
  `create_time` int(11) unsigned NOT NULL DEFAULT '0' COMMENT '创建时间',
  `updated_at` timestamp NULL DEFAULT NULL ON UPDATE CURRENT_TIMESTAMP,
  PRIMARY KEY (`id`) USING BTREE
) ENGINE=MyISAM AUTO_INCREMENT=59 DEFAULT CHARSET=utf8 ROW_FORMAT=DYNAMIC COMMENT='代发货表';
/*!40101 SET character_set_client = @saved_cs_client */;

--
-- Dumping data for table `store_substitute`
--

LOCK TABLES `store_substitute` WRITE;
/*!40000 ALTER TABLE `store_substitute` DISABLE KEYS */;
INSERT INTO `store_substitute` VALUES (27,3,'胡鹏1','15136175246','北京市市辖区东城区','回来了','啊KKK',1538033518,NULL),(28,3,'胡鹏02','15136175246','北京市市辖区东城区','777','脾气PSPPS4死g7是',1538039362,NULL),(18,1,'陈星宇01','15136175249','河南郑州','长椿路78号','777橙色 100*200cm *2',1536992462,NULL),(17,1,'陈星宇','15136175248','河南郑州','长椿路78号','777橙色 100*200cm *2',1536992462,NULL),(16,1,'sssss','15601064107','北京市市辖区东城区','ssd','sss',1536916579,NULL),(15,1,'洒水多','15601064107','北京市市辖区东城区','撒大声地所','所得到的多',1536916284,NULL),(58,7,'经喇嘛','18818818811','北京市市辖区东城区','凝聚力啊','的，亏你哦',1539239505,NULL);
/*!40000 ALTER TABLE `store_substitute` ENABLE KEYS */;
UNLOCK TABLES;

--
-- Table structure for table `store_substitute_order`
--

DROP TABLE IF EXISTS `store_substitute_order`;
/*!40101 SET @saved_cs_client     = @@character_set_client */;
/*!40101 SET character_set_client = utf8 */;
CREATE TABLE `store_substitute_order` (
  `id` bigint(20) unsigned NOT NULL AUTO_INCREMENT,
  `user_id` int(10) NOT NULL DEFAULT '0' COMMENT '用户id',
  `sub_ids` text NOT NULL COMMENT '代发商品关联id 逗号隔开',
  `order_sn` varchar(20) NOT NULL COMMENT '订单号',
  `shipping_name` varchar(50) DEFAULT '' COMMENT '物流名称',
  `shipping_code` varchar(50) DEFAULT '' COMMENT '物流code 单号',
  `shipping_price` decimal(6,2) unsigned DEFAULT '0.00' COMMENT '物流费',
  `product_price` decimal(8,2) unsigned DEFAULT '0.00' COMMENT '产品总价格',
  `order_price` decimal(8,2) unsigned DEFAULT '0.00' COMMENT '订单总价格',
  `order_status` tinyint(1) unsigned DEFAULT '0' COMMENT '订单状态0-待确认 1-已确认',
  `pay_method` tinyint(1) unsigned NOT NULL DEFAULT '0' COMMENT '支付方式1-微信2-余额3-转账',
  `recharge_id` int(10) unsigned DEFAULT '0' COMMENT '支付方式为转账的转账id',
  `pay_status` tinyint(1) unsigned DEFAULT '0' COMMENT '支付状态 0-待付款 1-已付款',
  `shipping_status` tinyint(1) unsigned DEFAULT '0' COMMENT '发货状态 0-未发货 1-已发货 2-已收货',
  `create_time` int(11) unsigned DEFAULT '0' COMMENT '创建时间',
  `pay_time` int(11) unsigned DEFAULT '0' COMMENT '支付时间',
  `shipping_time` int(11) unsigned DEFAULT '0' COMMENT '发货时间',
  `is_deleted` tinyint(1) unsigned DEFAULT '0' COMMENT '1:删除,0未删除',
  PRIMARY KEY (`id`) USING BTREE
) ENGINE=MyISAM AUTO_INCREMENT=34 DEFAULT CHARSET=utf8 ROW_FORMAT=DYNAMIC COMMENT='代发订单';
/*!40101 SET character_set_client = @saved_cs_client */;

--
-- Dumping data for table `store_substitute_order`
--

LOCK TABLES `store_substitute_order` WRITE;
/*!40000 ALTER TABLE `store_substitute_order` DISABLE KEYS */;
INSERT INTO `store_substitute_order` VALUES (2,1,'4,5','2018072912103852362','百世快递','778512356',10.00,200.00,210.00,1,3,143,1,2,1532837438,1532837438,1533217816,0),(3,1,'14,13,12,11,10,9,8,7,6','2018091321552194262','','',10.00,100.00,110.00,1,0,0,0,0,1536846921,0,0,0),(4,7,'21,20,19','2018091810490577910','','',20.00,666.00,686.00,1,0,0,0,0,1537238945,0,0,0),(5,3,'22','2018092014411541512','','',10.00,100.00,110.00,1,3,274,1,0,1537425675,1539227704,0,0),(6,2,'23','2018092411084283075','','',0.00,0.00,0.00,0,0,0,0,0,1537758522,0,0,0),(7,2,'24','2018092411100467284','','',0.00,100.00,100.00,1,3,275,1,0,1537758604,1539227748,0,0),(8,3,'26','2018092715313531353','','',0.00,100.00,100.00,1,2,0,1,0,1538033495,1539220807,0,0),(9,7,'30,29','2018092816340841424','','',0.00,0.00,0.00,0,0,0,0,0,1538123648,0,0,0),(10,2,'32,25','2018100822495787026','顺丰','11111111',0.00,100.00,100.00,1,2,0,1,1,1539010197,1539078194,1539078236,0),(11,2,'33','2018101109432466008','','',0.00,10.00,100.00,1,3,272,1,0,1539222204,1539225542,0,0),(12,2,'36,35,34','2018101109452787500','','',0.00,10.00,10.00,1,3,271,1,0,1539222327,1539225110,0,0),(13,2,'37','2018101109453488107','','',10.00,100.00,110.00,1,2,0,1,0,1539222334,1539222400,0,0),(14,2,'38','2018101109454090587','','',0.00,100.00,100.00,1,3,270,1,0,1539222340,1539224847,0,0),(15,2,'39','2018101109454856876','','',0.00,100.00,100.00,1,3,269,1,0,1539222348,1539223033,0,0),(16,2,'40','2018101109455516933','','',0.00,100.00,100.00,1,3,268,1,0,1539222355,1539222693,0,0),(17,2,'41','2018101111173056123','','',0.00,0.00,0.00,0,0,0,0,0,1539227850,0,0,0),(18,2,'42','2018101111173945932','','',0.00,0.00,0.00,0,0,0,0,0,1539227859,0,0,0),(19,2,'43','2018101111174868230','','',0.00,100.00,100.00,1,3,278,1,0,1539227868,1539228225,0,0),(20,2,'44','2018101111190744708','','',0.00,100.00,100.00,1,3,277,1,0,1539227947,1539228148,0,0),(21,2,'45','2018101111260892418','','',0.00,0.00,0.00,0,0,0,0,0,1539228368,0,0,0),(22,2,'46','2018101111261418841','','',0.00,0.00,0.00,0,0,0,0,0,1539228374,0,0,0),(23,2,'47','2018101111262114139','','',0.00,0.00,0.00,0,0,0,0,0,1539228381,0,0,0),(24,2,'48','2018101111262721285','','',0.00,0.00,0.00,0,0,0,0,0,1539228387,0,0,0),(25,2,'49','2018101111263239606','','',0.00,0.00,0.00,0,0,0,0,0,1539228392,0,0,0),(26,2,'50','2018101111263996688','','',0.00,0.00,0.00,0,0,0,0,0,1539228399,0,0,0),(27,2,'51','2018101111264613029','','',0.00,0.00,0.00,0,0,0,0,0,1539228406,0,0,0),(28,2,'52','2018101111265289070','','',0.00,0.00,0.00,0,0,0,0,0,1539228412,0,0,0),(29,2,'53','2018101111265824902','','',0.00,0.00,0.00,0,0,0,0,0,1539228418,0,0,0),(30,2,'54','2018101111270333844','','',0.00,0.00,0.00,0,0,0,0,0,1539228423,0,0,0),(31,2,'55','2018101111270934101','','',0.00,100.00,100.00,1,0,0,0,0,1539228429,0,0,0),(32,2,'56','2018101111271497542','','',0.00,100.00,100.00,1,3,280,1,0,1539228434,1539228618,0,0),(33,2,'57','2018101111271978033','','',0.00,100.00,100.00,1,3,279,1,0,1539228439,1539228527,0,0);
/*!40000 ALTER TABLE `store_substitute_order` ENABLE KEYS */;
UNLOCK TABLES;

--
-- Table structure for table `store_substitute_order_goods`
--

DROP TABLE IF EXISTS `store_substitute_order_goods`;
/*!40101 SET @saved_cs_client     = @@character_set_client */;
/*!40101 SET character_set_client = utf8 */;
CREATE TABLE `store_substitute_order_goods` (
  `id` bigint(20) unsigned NOT NULL AUTO_INCREMENT,
  `order_id` int(11) unsigned NOT NULL DEFAULT '0' COMMENT '订单id',
  `username` varchar(30) NOT NULL DEFAULT '' COMMENT '收货人姓名',
  `phone` varchar(20) NOT NULL COMMENT '收货手机号',
  `city_info` varchar(100) DEFAULT '' COMMENT '城市信息',
  `address` varchar(200) DEFAULT '' COMMENT '收货详细地址',
  `product_info` text COMMENT '产品明细',
  PRIMARY KEY (`id`) USING BTREE
) ENGINE=MyISAM AUTO_INCREMENT=51 DEFAULT CHARSET=utf8 ROW_FORMAT=DYNAMIC COMMENT='代发订单货物表';
/*!40101 SET character_set_client = @saved_cs_client */;

--
-- Dumping data for table `store_substitute_order_goods`
--

LOCK TABLES `store_substitute_order_goods` WRITE;
/*!40000 ALTER TABLE `store_substitute_order_goods` DISABLE KEYS */;
INSERT INTO `store_substitute_order_goods` VALUES (4,2,'hupeng012','15136175246','河南省郑州市','78Hao ','777橙色 100*200cm *2'),(5,2,'hupeng0123','15136175246','河南省郑州市','78Hao ','777橙色 100*200cm *2'),(6,3,'陈星宇','15136175248','河南郑州','长椿路78号','777橙色 100*200cm *2'),(7,3,'hupeng01234','15136175246','河南省郑州市','78Hao ','777橙色 100*200cm *2'),(8,3,'陈星宇','15136175248','河南郑州','长椿路78号','777橙色 100*200cm *2'),(9,3,'hupeng','15136175847','河南郑州','工商','产品'),(10,3,'111','15601064107','北京市市辖区东城区','洒水多所','岁数大'),(11,3,'111','15601064107','北京市市辖区东城区','洒水多所','岁数大'),(12,3,'111','15601064107','北京市市辖区东城区','洒水多所','岁数大'),(13,3,'111','15601064107','北京市市辖区东城区','洒水多所','岁数大'),(14,3,'测试1','15601010101','北京市市辖区东城区','add1','#1234 蓝色 180*220cm *1'),(15,4,'林呵呵','18888888888','河北省县延庆县','11','13'),(16,4,'林呵呵','18888888888','河北省县延庆县','11','12'),(17,4,'林呵呵','18888888888','河北省县延庆县','11','11'),(18,5,'胡鹏','15136175246','北京市市辖区东城区','44号','产品'),(19,6,'gao','15601064107','北京市市辖区东城区','1111','111'),(20,7,'1222','15601064107','北京市市辖区东城区','12','1222'),(21,8,'胡鹏','15136175246','北京市市辖区东城区','回来了','啊KKK'),(22,9,'来来来','18888888888','北京市市辖区东城区','健健康康快乐','阿丽坤'),(23,9,'来来来','18888888885','北京市市辖区东城区','健健康康快乐','阿丽坤'),(24,10,'1','15601064107','北京市市辖区东城区','1','1'),(25,10,'我的名字','15601064107','北京市市辖区东城区','岁数大','123'),(26,11,'11111111','15601064107','北京市市辖区东城区','q','w'),(27,12,'11111111','15601064107','北京市市辖区东城区','q','w'),(28,12,'11111111','15601064107','北京市市辖区东城区','q','w'),(29,12,'11111111','15601064107','北京市市辖区东城区','q','w'),(30,13,'11111111','15601064107','北京市市辖区东城区','q','w'),(31,14,'11111111','15601064107','北京市市辖区东城区','q','w'),(32,15,'11111111','15601064107','北京市市辖区东城区','q','w'),(33,16,'11111111','15601064107','北京市市辖区东城区','q','w'),(34,17,'1','15601064107','北京市市辖区东城区','2222','qqww'),(35,18,'1','15601064107','北京市市辖区东城区','2222','qqww'),(36,19,'1','15601064107','北京市市辖区东城区','2222','qqww'),(37,20,'1','15601064107','北京市市辖区东城区','2222','qqww'),(38,21,'1','15601010101','北京市市辖区东城区','222','222'),(39,22,'1','15601010101','北京市市辖区东城区','222','222'),(40,23,'1','15601010101','北京市市辖区东城区','222','222'),(41,24,'1','15601010101','北京市市辖区东城区','222','222'),(42,25,'1','15601010101','北京市市辖区东城区','222','222'),(43,26,'1','15601010101','北京市市辖区东城区','222','222'),(44,27,'1','15601010101','北京市市辖区东城区','222','222'),(45,28,'1','15601010101','北京市市辖区东城区','222','222'),(46,29,'1','15601010101','北京市市辖区东城区','222','222'),(47,30,'1','15601010101','北京市市辖区东城区','222','222'),(48,31,'1','15601010101','北京市市辖区东城区','222','222'),(49,32,'1','15601010101','北京市市辖区东城区','222','222'),(50,33,'1','15601010101','北京市市辖区东城区','222','222');
/*!40000 ALTER TABLE `store_substitute_order_goods` ENABLE KEYS */;
UNLOCK TABLES;

--
-- Table structure for table `store_user_level`
--

DROP TABLE IF EXISTS `store_user_level`;
/*!40101 SET @saved_cs_client     = @@character_set_client */;
/*!40101 SET character_set_client = utf8 */;
CREATE TABLE `store_user_level` (
  `level_id` smallint(4) unsigned NOT NULL AUTO_INCREMENT COMMENT '表id',
  `level_name` varchar(30) DEFAULT NULL COMMENT '头衔名称',
  `amount` decimal(10,2) DEFAULT NULL COMMENT '等级必要金额',
  `discount` smallint(4) DEFAULT '0' COMMENT '折扣',
  `describe` varchar(200) DEFAULT NULL COMMENT '头街 描述',
  PRIMARY KEY (`level_id`) USING BTREE
) ENGINE=MyISAM AUTO_INCREMENT=7 DEFAULT CHARSET=utf8 ROW_FORMAT=DYNAMIC COMMENT='用户等级表';
/*!40101 SET character_set_client = @saved_cs_client */;

--
-- Dumping data for table `store_user_level`
--

LOCK TABLES `store_user_level` WRITE;
/*!40000 ALTER TABLE `store_user_level` DISABLE KEYS */;
INSERT INTO `store_user_level` VALUES (1,'注册会员',100.00,0,'注册会员'),(2,'铜牌会员',1000.00,98,'铜牌会员'),(3,'白银会员',3000.00,95,'白银会员'),(4,'黄金会员',5000.00,92,'黄金会员'),(5,'钻石会员',10000.00,90,'钻石会员'),(6,'超级VIP',20000.00,88,'超级VIP');
/*!40000 ALTER TABLE `store_user_level` ENABLE KEYS */;
UNLOCK TABLES;

--
-- Table structure for table `sys_config`
--

DROP TABLE IF EXISTS `sys_config`;
/*!40101 SET @saved_cs_client     = @@character_set_client */;
/*!40101 SET character_set_client = utf8 */;
CREATE TABLE `sys_config` (
  `config_id` int(5) NOT NULL AUTO_INCREMENT COMMENT '参数主键',
  `config_name` varchar(100) DEFAULT '' COMMENT '参数名称',
  `config_key` varchar(100) DEFAULT '' COMMENT '参数键名',
  `config_value` varchar(500) DEFAULT '' COMMENT '参数键值',
  `config_type` char(1) DEFAULT 'N' COMMENT '系统内置（Y是 N否）',
  `create_by` varchar(64) DEFAULT '' COMMENT '创建者',
  `create_time` datetime DEFAULT NULL COMMENT '创建时间',
  `update_by` varchar(64) DEFAULT '' COMMENT '更新者',
  `update_time` datetime DEFAULT NULL COMMENT '更新时间',
  `remark` varchar(500) DEFAULT NULL COMMENT '备注',
  PRIMARY KEY (`config_id`) USING BTREE
) ENGINE=InnoDB AUTO_INCREMENT=6 DEFAULT CHARSET=utf8mb4 ROW_FORMAT=DYNAMIC COMMENT='参数配置表';
/*!40101 SET character_set_client = @saved_cs_client */;

--
-- Dumping data for table `sys_config`
--

LOCK TABLES `sys_config` WRITE;
/*!40000 ALTER TABLE `sys_config` DISABLE KEYS */;
INSERT INTO `sys_config` VALUES (1,'主框架页-默认皮肤样式名称','sys.index.skinName','skin-blue','Y','admin','2018-03-16 11:33:00','ry','2018-03-16 11:33:00','蓝色 skin-blue、绿色 skin-green、紫色 skin-purple、红色 skin-red、黄色 skin-yellow'),(2,'用户管理-账号初始密码','sys.user.initPassword','123456','Y','admin','2018-03-16 11:33:00','ry','2018-03-16 11:33:00','初始化密码 123456'),(3,'主框架页-侧边栏主题','sys.index.sideTheme','theme-dark','Y','admin','2018-03-16 11:33:00','ry','2018-03-16 11:33:00','深色主题theme-dark，浅色主题theme-light'),(4,'oss存储配置','sys.oss.cloudStorage','{\"aliyunAccessKeyId\":\"\",\"aliyunAccessKeySecret\":\"\",\"aliyunBucketName\":\"\",\"aliyunDomain\":\"\",\"aliyunEndPoint\":\"\",\"aliyunPrefix\":\"\",\"qcloudBucketName\":\"\",\"qcloudDomain\":\"\",\"qcloudPrefix\":\"\",\"qcloudSecretId\":\"\",\"qcloudSecretKey\":\"\",\"qiniuAccessKey\":\"\",\"qiniuBucketName\":\"ios-app\",\"qiniuDomain\":\"\",\"qiniuPrefix\":\"upload\",\"qiniuSecretKey\":\"\",\"type\":1}','Y','admin','2018-03-16 11:33:00','','2018-03-16 11:33:00','oss存储配置');
/*!40000 ALTER TABLE `sys_config` ENABLE KEYS */;
UNLOCK TABLES;

--
-- Table structure for table `sys_dept`
--

DROP TABLE IF EXISTS `sys_dept`;
/*!40101 SET @saved_cs_client     = @@character_set_client */;
/*!40101 SET character_set_client = utf8 */;
CREATE TABLE `sys_dept` (
  `dept_id` bigint(20) NOT NULL AUTO_INCREMENT COMMENT '部门id',
  `parent_id` bigint(20) DEFAULT '0' COMMENT '父部门id',
  `ancestors` varchar(50) DEFAULT '' COMMENT '祖级列表',
  `dept_name` varchar(30) DEFAULT '' COMMENT '部门名称',
  `order_num` int(4) DEFAULT '0' COMMENT '显示顺序',
  `leader` varchar(20) DEFAULT NULL COMMENT '负责人',
  `phone` varchar(11) DEFAULT NULL COMMENT '联系电话',
  `email` varchar(50) DEFAULT NULL COMMENT '邮箱',
  `status` char(1) DEFAULT '0' COMMENT '部门状态（0正常 1停用）',
  `del_flag` char(1) DEFAULT '0' COMMENT '删除标志（0代表存在 2代表删除）',
  `create_by` varchar(64) DEFAULT '' COMMENT '创建者',
  `create_time` datetime DEFAULT NULL COMMENT '创建时间',
  `update_by` varchar(64) DEFAULT '' COMMENT '更新者',
  `update_time` datetime DEFAULT NULL COMMENT '更新时间',
  PRIMARY KEY (`dept_id`) USING BTREE
) ENGINE=InnoDB AUTO_INCREMENT=110 DEFAULT CHARSET=utf8mb4 ROW_FORMAT=DYNAMIC COMMENT='部门表';
/*!40101 SET character_set_client = @saved_cs_client */;

--
-- Dumping data for table `sys_dept`
--

LOCK TABLES `sys_dept` WRITE;
/*!40000 ALTER TABLE `sys_dept` DISABLE KEYS */;
INSERT INTO `sys_dept` VALUES (100,0,'0','若依科技',0,'若依','15888888888','ry@qq.com','0','0','admin','2018-03-16 11:33:00','ry','2018-03-16 11:33:00'),(101,100,'0,100','深圳总公司',1,'若依','15888888888','ry@qq.com','0','0','admin','2018-03-16 11:33:00','ry','2018-03-16 11:33:00'),(102,100,'0,100','长沙分公司',2,'若依','15888888888','ry@qq.com','0','0','admin','2018-03-16 11:33:00','ry','2018-03-16 11:33:00'),(103,101,'0,100,101','研发部门',1,'若依','15888888888','ry@qq.com','0','0','admin','2018-03-16 11:33:00','ry','2018-03-16 11:33:00'),(104,101,'0,100,101','市场部门',2,'若依','15888888888','ry@qq.com','0','0','admin','2018-03-16 11:33:00','ry','2018-03-16 11:33:00'),(105,101,'0,100,101','测试部门',3,'若依','15888888888','ry@qq.com','0','0','admin','2018-03-16 11:33:00','ry','2018-03-16 11:33:00'),(106,101,'0,100,101','财务部门',4,'若依','15888888888','ry@qq.com','0','0','admin','2018-03-16 11:33:00','ry','2018-03-16 11:33:00'),(107,101,'0,100,101','运维部门',5,'若依','15888888888','ry@qq.com','0','0','admin','2018-03-16 11:33:00','ry','2018-03-16 11:33:00'),(108,102,'0,100,102','市场部门',1,'若依','15888888888','ry@qq.com','0','0','admin','2018-03-16 11:33:00','ry','2018-03-16 11:33:00'),(109,102,'0,100,102','财务部门',2,'若依','15888888888','ry@qq.com','0','0','admin','2018-03-16 11:33:00','ry','2018-03-16 11:33:00');
/*!40000 ALTER TABLE `sys_dept` ENABLE KEYS */;
UNLOCK TABLES;

--
-- Table structure for table `sys_dict_data`
--

DROP TABLE IF EXISTS `sys_dict_data`;
/*!40101 SET @saved_cs_client     = @@character_set_client */;
/*!40101 SET character_set_client = utf8 */;
CREATE TABLE `sys_dict_data` (
  `dict_code` bigint(20) NOT NULL AUTO_INCREMENT COMMENT '字典编码',
  `dict_sort` int(4) DEFAULT '0' COMMENT '字典排序',
  `dict_label` varchar(100) DEFAULT '' COMMENT '字典标签',
  `dict_value` varchar(100) DEFAULT '' COMMENT '字典键值',
  `dict_type` varchar(100) DEFAULT '' COMMENT '字典类型',
  `css_class` varchar(100) DEFAULT NULL COMMENT '样式属性（其他样式扩展）',
  `list_class` varchar(100) DEFAULT NULL COMMENT '表格回显样式',
  `is_default` char(1) DEFAULT 'N' COMMENT '是否默认（Y是 N否）',
  `status` char(1) DEFAULT '0' COMMENT '状态（0正常 1停用）',
  `create_by` varchar(64) DEFAULT '' COMMENT '创建者',
  `create_time` datetime DEFAULT NULL COMMENT '创建时间',
  `update_by` varchar(64) DEFAULT '' COMMENT '更新者',
  `update_time` datetime DEFAULT NULL COMMENT '更新时间',
  `remark` varchar(500) DEFAULT NULL COMMENT '备注',
  PRIMARY KEY (`dict_code`) USING BTREE
) ENGINE=InnoDB AUTO_INCREMENT=29 DEFAULT CHARSET=utf8mb4 ROW_FORMAT=DYNAMIC COMMENT='字典数据表';
/*!40101 SET character_set_client = @saved_cs_client */;

--
-- Dumping data for table `sys_dict_data`
--

LOCK TABLES `sys_dict_data` WRITE;
/*!40000 ALTER TABLE `sys_dict_data` DISABLE KEYS */;
INSERT INTO `sys_dict_data` VALUES (1,1,'男','0','sys_user_sex','','','Y','0','admin','2018-03-16 11:33:00','ry','2018-03-16 11:33:00','性别男'),(2,2,'女','1','sys_user_sex','','','N','0','admin','2018-03-16 11:33:00','ry','2018-03-16 11:33:00','性别女'),(3,3,'未知','2','sys_user_sex','','','N','0','admin','2018-03-16 11:33:00','ry','2018-03-16 11:33:00','性别未知'),(4,1,'显示','0','sys_show_hide','','primary','Y','0','admin','2018-03-16 11:33:00','ry','2018-03-16 11:33:00','显示菜单'),(5,2,'隐藏','1','sys_show_hide','','danger','N','0','admin','2018-03-16 11:33:00','ry','2018-03-16 11:33:00','隐藏菜单'),(6,1,'正常','0','sys_normal_disable','','primary','Y','0','admin','2018-03-16 11:33:00','ry','2018-03-16 11:33:00','正常状态'),(7,2,'停用','1','sys_normal_disable','','danger','N','0','admin','2018-03-16 11:33:00','ry','2018-03-16 11:33:00','停用状态'),(8,1,'正常','0','sys_job_status','','primary','Y','0','admin','2018-03-16 11:33:00','ry','2018-03-16 11:33:00','正常状态'),(9,2,'暂停','1','sys_job_status','','danger','N','0','admin','2018-03-16 11:33:00','ry','2018-03-16 11:33:00','停用状态'),(10,1,'默认','DEFAULT','sys_job_group','','','Y','0','admin','2018-03-16 11:33:00','ry','2018-03-16 11:33:00','默认分组'),(11,2,'系统','SYSTEM','sys_job_group','','','N','0','admin','2018-03-16 11:33:00','ry','2018-03-16 11:33:00','系统分组'),(12,1,'是','Y','sys_yes_no','','primary','Y','0','admin','2018-03-16 11:33:00','ry','2018-03-16 11:33:00','系统默认是'),(13,2,'否','N','sys_yes_no','','danger','N','0','admin','2018-03-16 11:33:00','ry','2018-03-16 11:33:00','系统默认否'),(14,1,'通知','1','sys_notice_type','','warning','Y','0','admin','2018-03-16 11:33:00','ry','2018-03-16 11:33:00','通知'),(15,2,'公告','2','sys_notice_type','','success','N','0','admin','2018-03-16 11:33:00','ry','2018-03-16 11:33:00','公告'),(16,1,'正常','0','sys_notice_status','','primary','Y','0','admin','2018-03-16 11:33:00','ry','2018-03-16 11:33:00','正常状态'),(17,2,'关闭','1','sys_notice_status','','danger','N','0','admin','2018-03-16 11:33:00','ry','2018-03-16 11:33:00','关闭状态'),(18,1,'新增','1','sys_oper_type','','info','N','0','admin','2018-03-16 11:33:00','ry','2018-03-16 11:33:00','新增操作'),(19,2,'修改','2','sys_oper_type','','info','N','0','admin','2018-03-16 11:33:00','ry','2018-03-16 11:33:00','修改操作'),(20,3,'删除','3','sys_oper_type','','danger','N','0','admin','2018-03-16 11:33:00','ry','2018-03-16 11:33:00','删除操作'),(21,4,'授权','4','sys_oper_type','','primary','N','0','admin','2018-03-16 11:33:00','ry','2018-03-16 11:33:00','授权操作'),(22,5,'导出','5','sys_oper_type','','warning','N','0','admin','2018-03-16 11:33:00','ry','2018-03-16 11:33:00','导出操作'),(23,6,'导入','6','sys_oper_type','','warning','N','0','admin','2018-03-16 11:33:00','ry','2018-03-16 11:33:00','导入操作'),(24,7,'强退','7','sys_oper_type','','danger','N','0','admin','2018-03-16 11:33:00','ry','2018-03-16 11:33:00','强退操作'),(25,8,'生成代码','8','sys_oper_type','','warning','N','0','admin','2018-03-16 11:33:00','ry','2018-03-16 11:33:00','生成操作'),(26,9,'清空数据','9','sys_oper_type','','danger','N','0','admin','2018-03-16 11:33:00','ry','2018-03-16 11:33:00','清空操作'),(27,1,'成功','0','sys_common_status','','primary','N','0','admin','2018-03-16 11:33:00','ry','2018-03-16 11:33:00','正常状态'),(28,2,'失败','1','sys_common_status','','danger','N','0','admin','2018-03-16 11:33:00','ry','2018-03-16 11:33:00','停用状态');
/*!40000 ALTER TABLE `sys_dict_data` ENABLE KEYS */;
UNLOCK TABLES;

--
-- Table structure for table `sys_dict_type`
--

DROP TABLE IF EXISTS `sys_dict_type`;
/*!40101 SET @saved_cs_client     = @@character_set_client */;
/*!40101 SET character_set_client = utf8 */;
CREATE TABLE `sys_dict_type` (
  `dict_id` bigint(20) NOT NULL AUTO_INCREMENT COMMENT '字典主键',
  `dict_name` varchar(100) DEFAULT '' COMMENT '字典名称',
  `dict_type` varchar(100) DEFAULT '' COMMENT '字典类型',
  `status` char(1) DEFAULT '0' COMMENT '状态（0正常 1停用）',
  `create_by` varchar(64) DEFAULT '' COMMENT '创建者',
  `create_time` datetime DEFAULT NULL COMMENT '创建时间',
  `update_by` varchar(64) DEFAULT '' COMMENT '更新者',
  `update_time` datetime DEFAULT NULL COMMENT '更新时间',
  `remark` varchar(500) DEFAULT NULL COMMENT '备注',
  PRIMARY KEY (`dict_id`) USING BTREE,
  UNIQUE KEY `dict_type` (`dict_type`) USING BTREE
) ENGINE=InnoDB AUTO_INCREMENT=11 DEFAULT CHARSET=utf8mb4 ROW_FORMAT=DYNAMIC COMMENT='字典类型表';
/*!40101 SET character_set_client = @saved_cs_client */;

--
-- Dumping data for table `sys_dict_type`
--

LOCK TABLES `sys_dict_type` WRITE;
/*!40000 ALTER TABLE `sys_dict_type` DISABLE KEYS */;
INSERT INTO `sys_dict_type` VALUES (1,'用户性别','sys_user_sex','0','admin','2018-03-16 11:33:00','ry','2018-03-16 11:33:00','用户性别列表'),(2,'菜单状态','sys_show_hide','0','admin','2018-03-16 11:33:00','ry','2018-03-16 11:33:00','菜单状态列表'),(3,'系统开关','sys_normal_disable','0','admin','2018-03-16 11:33:00','ry','2018-03-16 11:33:00','系统开关列表'),(4,'任务状态','sys_job_status','0','admin','2018-03-16 11:33:00','ry','2018-03-16 11:33:00','任务状态列表'),(5,'任务分组','sys_job_group','0','admin','2018-03-16 11:33:00','ry','2018-03-16 11:33:00','任务分组列表'),(6,'系统是否','sys_yes_no','0','admin','2018-03-16 11:33:00','ry','2018-03-16 11:33:00','系统是否列表'),(7,'通知类型','sys_notice_type','0','admin','2018-03-16 11:33:00','ry','2018-03-16 11:33:00','通知类型列表'),(8,'通知状态','sys_notice_status','0','admin','2018-03-16 11:33:00','ry','2018-03-16 11:33:00','通知状态列表'),(9,'操作类型','sys_oper_type','0','admin','2018-03-16 11:33:00','ry','2018-03-16 11:33:00','操作类型列表'),(10,'系统状态','sys_common_status','0','admin','2018-03-16 11:33:00','ry','2018-03-16 11:33:00','登录状态列表');
/*!40000 ALTER TABLE `sys_dict_type` ENABLE KEYS */;
UNLOCK TABLES;

--
-- Table structure for table `sys_job`
--

DROP TABLE IF EXISTS `sys_job`;
/*!40101 SET @saved_cs_client     = @@character_set_client */;
/*!40101 SET character_set_client = utf8 */;
CREATE TABLE `sys_job` (
  `job_id` bigint(20) NOT NULL AUTO_INCREMENT COMMENT '任务ID',
  `job_name` varchar(64) NOT NULL DEFAULT '' COMMENT '任务名称',
  `job_group` varchar(64) NOT NULL DEFAULT 'DEFAULT' COMMENT '任务组名',
  `invoke_target` varchar(500) NOT NULL COMMENT '调用目标字符串',
  `cron_expression` varchar(255) DEFAULT '' COMMENT 'cron执行表达式',
  `misfire_policy` varchar(20) DEFAULT '3' COMMENT '计划执行错误策略（1立即执行 2执行一次 3放弃执行）',
  `concurrent` char(1) DEFAULT '1' COMMENT '是否并发执行（0允许 1禁止）',
  `status` char(1) DEFAULT '0' COMMENT '状态（0正常 1暂停）',
  `create_by` varchar(64) DEFAULT '' COMMENT '创建者',
  `create_time` datetime DEFAULT NULL COMMENT '创建时间',
  `update_by` varchar(64) DEFAULT '' COMMENT '更新者',
  `update_time` datetime DEFAULT NULL COMMENT '更新时间',
  `remark` varchar(500) DEFAULT '' COMMENT '备注信息',
  PRIMARY KEY (`job_id`,`job_name`,`job_group`) USING BTREE
) ENGINE=InnoDB AUTO_INCREMENT=4 DEFAULT CHARSET=utf8mb4 ROW_FORMAT=DYNAMIC COMMENT='定时任务调度表';
/*!40101 SET character_set_client = @saved_cs_client */;

--
-- Dumping data for table `sys_job`
--

LOCK TABLES `sys_job` WRITE;
/*!40000 ALTER TABLE `sys_job` DISABLE KEYS */;
INSERT INTO `sys_job` VALUES (1,'系统默认（无参）','DEFAULT','ryTask.ryNoParams','0/10 * * * * ?','3','1','1','admin','2018-03-16 11:33:00','ry','2018-03-16 11:33:00',''),(2,'系统默认（有参）','DEFAULT','ryTask.ryParams(\'ry\')','0/15 * * * * ?','3','1','1','admin','2018-03-16 11:33:00','ry','2018-03-16 11:33:00',''),(3,'系统默认（多参）','DEFAULT','ryTask.ryMultipleParams(\'ry\', true, 2000L, 316.50D, 100)','0/20 * * * * ?','3','1','1','admin','2018-03-16 11:33:00','ry','2019-10-20 03:18:24','');
/*!40000 ALTER TABLE `sys_job` ENABLE KEYS */;
UNLOCK TABLES;

--
-- Table structure for table `sys_job_log`
--

DROP TABLE IF EXISTS `sys_job_log`;
/*!40101 SET @saved_cs_client     = @@character_set_client */;
/*!40101 SET character_set_client = utf8 */;
CREATE TABLE `sys_job_log` (
  `job_log_id` bigint(20) NOT NULL AUTO_INCREMENT COMMENT '任务日志ID',
  `job_name` varchar(64) NOT NULL COMMENT '任务名称',
  `job_group` varchar(64) NOT NULL COMMENT '任务组名',
  `invoke_target` varchar(500) NOT NULL COMMENT '调用目标字符串',
  `job_message` varchar(500) DEFAULT NULL COMMENT '日志信息',
  `status` char(1) DEFAULT '0' COMMENT '执行状态（0正常 1失败）',
  `exception_info` varchar(2000) DEFAULT '' COMMENT '异常信息',
  `create_time` datetime DEFAULT NULL COMMENT '创建时间',
  PRIMARY KEY (`job_log_id`) USING BTREE
) ENGINE=InnoDB AUTO_INCREMENT=46 DEFAULT CHARSET=utf8mb4 ROW_FORMAT=DYNAMIC COMMENT='定时任务调度日志表';
/*!40101 SET character_set_client = @saved_cs_client */;

--
-- Dumping data for table `sys_job_log`
--

LOCK TABLES `sys_job_log` WRITE;
/*!40000 ALTER TABLE `sys_job_log` DISABLE KEYS */;
INSERT INTO `sys_job_log` VALUES (1,'系统默认（多参）','DEFAULT','ryTask.ryMultipleParams(\'ry\', true, 2000L, 316.50D, 100)','系统默认（多参） 总共耗时：14毫秒','0','','2019-10-20 03:02:04'),(2,'系统默认（多参）','DEFAULT','ryTask.ryMultipleParams(\'ry\', true, 2000L, 316.50D, 100)','系统默认（多参） 总共耗时：1毫秒','0','','2019-10-20 03:02:18'),(3,'系统默认（多参）','DEFAULT','ryTask.ryMultipleParams(\'ry\', true, 2000L, 316.50D, 100)','系统默认（多参） 总共耗时：0毫秒','0','','2019-10-20 03:02:38'),(4,'系统默认（多参）','DEFAULT','ryTask.ryMultipleParams(\'ry\', true, 2000L, 316.50D, 100)','系统默认（多参） 总共耗时：1毫秒','0','','2019-10-20 03:02:59'),(5,'系统默认（多参）','DEFAULT','ryTask.ryMultipleParams(\'ry\', true, 2000L, 316.50D, 100)','系统默认（多参） 总共耗时：1毫秒','0','','2019-10-20 03:03:17'),(6,'系统默认（多参）','DEFAULT','ryTask.ryMultipleParams(\'ry\', true, 2000L, 316.50D, 100)','系统默认（多参） 总共耗时：0毫秒','0','','2019-10-20 03:03:37'),(7,'系统默认（多参）','DEFAULT','ryTask.ryMultipleParams(\'ry\', true, 2000L, 316.50D, 100)','系统默认（多参） 总共耗时：1毫秒','0','','2019-10-20 03:03:57'),(8,'系统默认（多参）','DEFAULT','ryTask.ryMultipleParams(\'ry\', true, 2000L, 316.50D, 100)','系统默认（多参） 总共耗时：0毫秒','0','','2019-10-20 03:04:17'),(9,'系统默认（多参）','DEFAULT','ryTask.ryMultipleParams(\'ry\', true, 2000L, 316.50D, 100)','系统默认（多参） 总共耗时：0毫秒','0','','2019-10-20 03:04:37'),(10,'系统默认（多参）','DEFAULT','ryTask.ryMultipleParams(\'ry\', true, 2000L, 316.50D, 100)','系统默认（多参） 总共耗时：0毫秒','0','','2019-10-20 03:04:57'),(11,'系统默认（多参）','DEFAULT','ryTask.ryMultipleParams(\'ry\', true, 2000L, 316.50D, 100)','系统默认（多参） 总共耗时：1毫秒','0','','2019-10-20 03:05:17'),(12,'系统默认（多参）','DEFAULT','ryTask.ryMultipleParams(\'ry\', true, 2000L, 316.50D, 100)','系统默认（多参） 总共耗时：1毫秒','0','','2019-10-20 03:05:37'),(13,'系统默认（多参）','DEFAULT','ryTask.ryMultipleParams(\'ry\', true, 2000L, 316.50D, 100)','系统默认（多参） 总共耗时：0毫秒','0','','2019-10-20 03:05:57'),(14,'系统默认（多参）','DEFAULT','ryTask.ryMultipleParams(\'ry\', true, 2000L, 316.50D, 100)','系统默认（多参） 总共耗时：1毫秒','0','','2019-10-20 03:06:17'),(15,'系统默认（多参）','DEFAULT','ryTask.ryMultipleParams(\'ry\', true, 2000L, 316.50D, 100)','系统默认（多参） 总共耗时：1毫秒','0','','2019-10-20 03:06:37'),(16,'系统默认（多参）','DEFAULT','ryTask.ryMultipleParams(\'ry\', true, 2000L, 316.50D, 100)','系统默认（多参） 总共耗时：2毫秒','0','','2019-10-20 03:06:57'),(17,'系统默认（多参）','DEFAULT','ryTask.ryMultipleParams(\'ry\', true, 2000L, 316.50D, 100)','系统默认（多参） 总共耗时：5毫秒','0','','2019-10-20 03:09:24'),(18,'系统默认（多参）','DEFAULT','ryTask.ryMultipleParams(\'ry\', true, 2000L, 316.50D, 100)','系统默认（多参） 总共耗时：1毫秒','0','','2019-10-20 03:09:37'),(19,'系统默认（多参）','DEFAULT','ryTask.ryMultipleParams(\'ry\', true, 2000L, 316.50D, 100)','系统默认（多参） 总共耗时：6531毫秒','0','','2019-10-20 03:10:04'),(20,'系统默认（多参）','DEFAULT','ryTask.ryMultipleParams(\'ry\', true, 2000L, 316.50D, 100)','系统默认（多参） 总共耗时：1毫秒','0','','2019-10-20 03:10:17'),(21,'系统默认（多参）','DEFAULT','ryTask.ryMultipleParams(\'ry\', true, 2000L, 316.50D, 100)','系统默认（多参） 总共耗时：1毫秒','0','','2019-10-20 03:10:37'),(22,'系统默认（多参）','DEFAULT','ryTask.ryMultipleParams(\'ry\', true, 2000L, 316.50D, 100)','系统默认（多参） 总共耗时：0毫秒','0','','2019-10-20 03:10:57'),(23,'系统默认（多参）','DEFAULT','ryTask.ryMultipleParams(\'ry\', true, 2000L, 316.50D, 100)','系统默认（多参） 总共耗时：0毫秒','0','','2019-10-20 03:11:17'),(24,'系统默认（多参）','DEFAULT','ryTask.ryMultipleParams(\'ry\', true, 2000L, 316.50D, 100)','系统默认（多参） 总共耗时：5毫秒','0','','2019-10-20 03:11:28'),(25,'系统默认（多参）','DEFAULT','ryTask.ryMultipleParams(\'ry\', true, 2000L, 316.50D, 100)','系统默认（多参） 总共耗时：1毫秒','0','','2019-10-20 03:11:37'),(26,'系统默认（多参）','DEFAULT','ryTask.ryMultipleParams(\'ry\', true, 2000L, 316.50D, 100)','系统默认（多参） 总共耗时：0毫秒','0','','2019-10-20 03:11:57'),(27,'系统默认（多参）','DEFAULT','ryTask.ryMultipleParams(\'ry\', true, 2000L, 316.50D, 100)','系统默认（多参） 总共耗时：1毫秒','0','','2019-10-20 03:12:17'),(28,'系统默认（多参）','DEFAULT','ryTask.ryMultipleParams(\'ry\', true, 2000L, 316.50D, 100)','系统默认（多参） 总共耗时：1毫秒','0','','2019-10-20 03:12:37'),(29,'系统默认（多参）','DEFAULT','ryTask.ryMultipleParams(\'ry\', true, 2000L, 316.50D, 100)','系统默认（多参） 总共耗时：0毫秒','0','','2019-10-20 03:12:57'),(30,'系统默认（多参）','DEFAULT','ryTask.ryMultipleParams(\'ry\', true, 2000L, 316.50D, 100)','系统默认（多参） 总共耗时：0毫秒','0','','2019-10-20 03:13:17'),(31,'系统默认（多参）','DEFAULT','ryTask.ryMultipleParams(\'ry\', true, 2000L, 316.50D, 100)','系统默认（多参） 总共耗时：0毫秒','0','','2019-10-20 03:13:38'),(32,'系统默认（多参）','DEFAULT','ryTask.ryMultipleParams(\'ry\', true, 2000L, 316.50D, 100)','系统默认（多参） 总共耗时：1毫秒','0','','2019-10-20 03:13:57'),(33,'系统默认（多参）','DEFAULT','ryTask.ryMultipleParams(\'ry\', true, 2000L, 316.50D, 100)','系统默认（多参） 总共耗时：1毫秒','0','','2019-10-20 03:14:17'),(34,'系统默认（多参）','DEFAULT','ryTask.ryMultipleParams(\'ry\', true, 2000L, 316.50D, 100)','系统默认（多参） 总共耗时：1毫秒','0','','2019-10-20 03:14:37'),(35,'系统默认（多参）','DEFAULT','ryTask.ryMultipleParams(\'ry\', true, 2000L, 316.50D, 100)','系统默认（多参） 总共耗时：0毫秒','0','','2019-10-20 03:14:57'),(36,'系统默认（多参）','DEFAULT','ryTask.ryMultipleParams(\'ry\', true, 2000L, 316.50D, 100)','系统默认（多参） 总共耗时：1毫秒','0','','2019-10-20 03:15:17'),(37,'系统默认（多参）','DEFAULT','ryTask.ryMultipleParams(\'ry\', true, 2000L, 316.50D, 100)','系统默认（多参） 总共耗时：0毫秒','0','','2019-10-20 03:15:37'),(38,'系统默认（多参）','DEFAULT','ryTask.ryMultipleParams(\'ry\', true, 2000L, 316.50D, 100)','系统默认（多参） 总共耗时：0毫秒','0','','2019-10-20 03:15:57'),(39,'系统默认（多参）','DEFAULT','ryTask.ryMultipleParams(\'ry\', true, 2000L, 316.50D, 100)','系统默认（多参） 总共耗时：1毫秒','0','','2019-10-20 03:16:17'),(40,'系统默认（多参）','DEFAULT','ryTask.ryMultipleParams(\'ry\', true, 2000L, 316.50D, 100)','系统默认（多参） 总共耗时：1毫秒','0','','2019-10-20 03:16:37'),(41,'系统默认（多参）','DEFAULT','ryTask.ryMultipleParams(\'ry\', true, 2000L, 316.50D, 100)','系统默认（多参） 总共耗时：0毫秒','0','','2019-10-20 03:16:57'),(42,'系统默认（多参）','DEFAULT','ryTask.ryMultipleParams(\'ry\', true, 2000L, 316.50D, 100)','系统默认（多参） 总共耗时：1毫秒','0','','2019-10-20 03:17:17'),(43,'系统默认（多参）','DEFAULT','ryTask.ryMultipleParams(\'ry\', true, 2000L, 316.50D, 100)','系统默认（多参） 总共耗时：0毫秒','0','','2019-10-20 03:17:37'),(44,'系统默认（多参）','DEFAULT','ryTask.ryMultipleParams(\'ry\', true, 2000L, 316.50D, 100)','系统默认（多参） 总共耗时：8毫秒','0','','2019-10-20 03:17:57'),(45,'系统默认（多参）','DEFAULT','ryTask.ryMultipleParams(\'ry\', true, 2000L, 316.50D, 100)','系统默认（多参） 总共耗时：1毫秒','0','','2019-10-20 03:18:17');
/*!40000 ALTER TABLE `sys_job_log` ENABLE KEYS */;
UNLOCK TABLES;

--
-- Table structure for table `sys_logininfor`
--

DROP TABLE IF EXISTS `sys_logininfor`;
/*!40101 SET @saved_cs_client     = @@character_set_client */;
/*!40101 SET character_set_client = utf8 */;
CREATE TABLE `sys_logininfor` (
  `info_id` bigint(20) NOT NULL AUTO_INCREMENT COMMENT '访问ID',
  `login_name` varchar(50) DEFAULT '' COMMENT '登录账号',
  `ipaddr` varchar(50) DEFAULT '' COMMENT '登录IP地址',
  `login_location` varchar(255) DEFAULT '' COMMENT '登录地点',
  `browser` varchar(50) DEFAULT '' COMMENT '浏览器类型',
  `os` varchar(50) DEFAULT '' COMMENT '操作系统',
  `status` char(1) DEFAULT '0' COMMENT '登录状态（0成功 1失败）',
  `msg` varchar(255) DEFAULT '' COMMENT '提示消息',
  `login_time` datetime DEFAULT NULL COMMENT '访问时间',
  PRIMARY KEY (`info_id`) USING BTREE
) ENGINE=InnoDB AUTO_INCREMENT=481 DEFAULT CHARSET=utf8mb4 ROW_FORMAT=DYNAMIC COMMENT='系统访问记录';
/*!40101 SET character_set_client = @saved_cs_client */;

--
-- Dumping data for table `sys_logininfor`
--

LOCK TABLES `sys_logininfor` WRITE;
/*!40000 ALTER TABLE `sys_logininfor` DISABLE KEYS */;
INSERT INTO `sys_logininfor` VALUES (100,'admin','127.0.0.1','内网IP','Chrome','Windows 10','1','验证码错误','2019-08-14 17:13:14'),(101,'admin','127.0.0.1','内网IP','Chrome','Windows 10','1','验证码错误','2019-08-14 17:13:41'),(102,'admin','127.0.0.1','内网IP','Chrome','Windows 10','0','登录成功','2019-08-14 17:14:00'),(103,'admin','127.0.0.1','内网IP','Chrome','Windows 10','1','验证码错误','2019-08-21 16:33:26'),(104,'admin','127.0.0.1','内网IP','Chrome','Windows 10','0','登录成功','2019-08-21 16:33:40'),(105,'admin','127.0.0.1','内网IP','Chrome','Windows 10','0','登录成功','2019-08-22 09:46:17'),(106,'admin','127.0.0.1','内网IP','Chrome','Windows 10','0','登录成功','2019-08-22 10:04:10'),(107,'admin','127.0.0.1','内网IP','Chrome','Windows 10','1','验证码错误','2019-08-22 10:28:28'),(108,'admin','127.0.0.1','内网IP','Chrome','Windows 10','1','验证码错误','2019-08-22 10:34:50'),(109,'admin','127.0.0.1','内网IP','Chrome','Windows 10','0','登录成功','2019-08-22 10:36:54'),(110,'admin','127.0.0.1','内网IP','Chrome','Windows 10','0','登录成功','2019-08-22 11:09:08'),(111,'admin','127.0.0.1','内网IP','Chrome','Windows 10','0','登录成功','2019-08-23 16:39:39'),(112,'admin','127.0.0.1','内网IP','Chrome','Windows 10','0','登录成功','2019-08-23 16:46:01'),(113,'admin','127.0.0.1','内网IP','Chrome','Windows 10','0','登录成功','2019-08-23 16:48:12'),(114,'admin','127.0.0.1','内网IP','Chrome','Windows 10','0','登录成功','2019-08-23 16:49:02'),(115,'admin','127.0.0.1','内网IP','Chrome','Windows 10','0','登录成功','2019-08-23 16:51:46'),(116,'admin','127.0.0.1','内网IP','Chrome','Windows 10','0','登录成功','2019-08-23 16:57:52'),(117,'admin','127.0.0.1','内网IP','Chrome','Windows 10','0','登录成功','2019-08-23 16:59:05'),(118,'admin','127.0.0.1','内网IP','Chrome','Windows 10','0','登录成功','2019-08-23 17:02:10'),(119,'admin','127.0.0.1','内网IP','Chrome','Windows 10','0','登录成功','2019-08-23 17:05:35'),(120,'admin','127.0.0.1','内网IP','Chrome','Windows 10','0','登录成功','2019-08-23 17:16:43'),(121,'admin','127.0.0.1','内网IP','Chrome','Windows 10','0','登录成功','2019-08-23 17:24:14'),(122,'admin','127.0.0.1','内网IP','Chrome','Windows 10','0','登录成功','2019-08-23 17:28:18'),(123,'admin','127.0.0.1','内网IP','Chrome','Windows 10','0','登录成功','2019-08-23 17:34:45'),(124,'admin','127.0.0.1','内网IP','Chrome','Windows 10','0','登录成功','2019-08-23 17:37:02'),(125,'admin','127.0.0.1','内网IP','Chrome','Windows 10','0','登录成功','2019-08-23 17:38:43'),(126,'admin','127.0.0.1','内网IP','Chrome','Windows 10','0','登录成功','2019-08-23 17:44:06'),(127,'admin','127.0.0.1','内网IP','Chrome','Windows 10','0','登录成功','2019-08-23 17:48:07'),(128,'admin','127.0.0.1','内网IP','Chrome','Windows 10','0','登录成功','2019-08-23 17:50:10'),(129,'admin','127.0.0.1','内网IP','Chrome','Windows 10','0','登录成功','2019-08-23 18:02:44'),(130,'admin','127.0.0.1','内网IP','Chrome','Windows 10','0','登录成功','2019-08-23 18:06:07'),(131,'admin','127.0.0.1','内网IP','Chrome','Windows 10','0','登录成功','2019-08-23 18:08:27'),(132,'admin','127.0.0.1','内网IP','Chrome','Windows 10','0','登录成功','2019-08-23 18:14:50'),(133,'admin','127.0.0.1','内网IP','Chrome','Windows 10','0','登录成功','2019-08-23 18:17:26'),(134,'admin','127.0.0.1','内网IP','Chrome','Windows 10','0','登录成功','2019-08-23 18:19:01'),(135,'admin','127.0.0.1','内网IP','Chrome','Windows 10','0','登录成功','2019-08-23 18:30:58'),(136,'admin','127.0.0.1','内网IP','Chrome','Windows 10','0','登录成功','2019-08-23 18:33:00'),(137,'admin','127.0.0.1','内网IP','Chrome','Windows 10','0','登录成功','2019-08-23 18:37:00'),(138,'admin','127.0.0.1','内网IP','Chrome','Windows 10','0','登录成功','2019-08-23 18:38:21'),(139,'admin','127.0.0.1','内网IP','Chrome','Windows 10','0','登录成功','2019-08-23 18:40:17'),(140,'admin','127.0.0.1','内网IP','Chrome','Windows 10','0','登录成功','2019-08-24 14:13:59'),(141,'admin','127.0.0.1','内网IP','Chrome','Windows 10','0','登录成功','2019-08-24 14:27:37'),(142,'admin','127.0.0.1','内网IP','Chrome','Windows 10','0','登录成功','2019-08-24 14:38:47'),(143,'admin','127.0.0.1','内网IP','Chrome','Windows 10','0','登录成功','2019-08-24 14:58:38'),(144,'admin','127.0.0.1','内网IP','Chrome','Windows 10','0','登录成功','2019-08-24 15:25:41'),(145,'admin','127.0.0.1','内网IP','Chrome','Windows 10','0','登录成功','2019-08-24 15:28:39'),(146,'admin','127.0.0.1','内网IP','Chrome','Windows 10','0','登录成功','2019-08-24 15:33:25'),(147,'admin','127.0.0.1','内网IP','Chrome','Windows 10','0','登录成功','2019-08-24 15:45:45'),(148,'admin','127.0.0.1','内网IP','Chrome','Windows 10','0','登录成功','2019-08-24 15:47:30'),(149,'admin','127.0.0.1','内网IP','Chrome','Windows 10','0','登录成功','2019-08-24 15:48:33'),(150,'admin','127.0.0.1','内网IP','Chrome','Windows 10','0','登录成功','2019-08-24 15:59:34'),(151,'admin','127.0.0.1','内网IP','Chrome','Windows 10','0','登录成功','2019-08-24 16:00:18'),(152,'admin','127.0.0.1','内网IP','Chrome','Windows 10','0','登录成功','2019-08-24 16:02:08'),(153,'admin','127.0.0.1','内网IP','Chrome','Windows 10','0','登录成功','2019-08-24 16:03:29'),(154,'admin','127.0.0.1','内网IP','Chrome','Windows 10','0','登录成功','2019-08-24 16:10:32'),(155,'admin','127.0.0.1','内网IP','Chrome','Windows 10','0','登录成功','2019-08-24 17:25:45'),(156,'admin','127.0.0.1','内网IP','Chrome','Windows 10','0','登录成功','2019-08-24 17:27:50'),(157,'admin','127.0.0.1','内网IP','Chrome','Windows 10','0','登录成功','2019-08-24 17:30:28'),(158,'admin','127.0.0.1','内网IP','Chrome','Windows 10','0','登录成功','2019-08-24 17:33:20'),(159,'admin','127.0.0.1','内网IP','Chrome','Windows 10','0','登录成功','2019-08-24 17:35:17'),(160,'admin','127.0.0.1','内网IP','Chrome','Windows 10','0','登录成功','2019-08-24 17:46:51'),(161,'admin','127.0.0.1','内网IP','Chrome','Windows 10','0','登录成功','2019-08-25 09:33:47'),(162,'admin','127.0.0.1','内网IP','Chrome','Windows 10','0','登录成功','2019-08-25 10:03:45'),(163,'admin','127.0.0.1','内网IP','Chrome','Windows 10','0','登录成功','2019-08-25 11:01:14'),(164,'admin','127.0.0.1','内网IP','Chrome','Windows 10','0','登录成功','2019-08-25 11:39:54'),(165,'admin','127.0.0.1','内网IP','Chrome','Windows 10','0','登录成功','2019-08-25 11:46:33'),(166,'admin','127.0.0.1','内网IP','Chrome','Windows 10','0','登录成功','2019-08-25 11:50:42'),(167,'admin','127.0.0.1','内网IP','Chrome','Windows 10','0','登录成功','2019-08-25 11:54:42'),(168,'admin','127.0.0.1','内网IP','Chrome','Windows 10','0','登录成功','2019-08-25 12:02:58'),(169,'admin','127.0.0.1','内网IP','Chrome','Windows 10','0','登录成功','2019-08-25 12:09:03'),(170,'admin','127.0.0.1','内网IP','Chrome','Windows 10','0','登录成功','2019-08-25 13:58:11'),(171,'admin','127.0.0.1','内网IP','Chrome','Windows 10','0','登录成功','2019-08-25 14:21:19'),(172,'admin','127.0.0.1','内网IP','Chrome','Windows 10','0','登录成功','2019-08-25 15:01:53'),(173,'admin','127.0.0.1','内网IP','Chrome','Windows 10','0','登录成功','2019-08-25 15:09:03'),(174,'admin','127.0.0.1','内网IP','Chrome','Windows 10','0','登录成功','2019-08-25 15:15:16'),(175,'admin','127.0.0.1','内网IP','Chrome','Windows 10','0','登录成功','2019-08-25 15:20:48'),(176,'admin','127.0.0.1','内网IP','Chrome','Windows 10','0','登录成功','2019-08-25 15:21:36'),(177,'admin','127.0.0.1','内网IP','Chrome','Windows 10','0','登录成功','2019-08-25 15:23:46'),(178,'admin','127.0.0.1','内网IP','Chrome','Windows 10','0','登录成功','2019-08-25 15:24:36'),(179,'admin','127.0.0.1','内网IP','Chrome','Windows 10','0','登录成功','2019-08-25 15:32:13'),(180,'admin','127.0.0.1','内网IP','Chrome','Windows 10','0','登录成功','2019-08-25 15:34:06'),(181,'admin','127.0.0.1','内网IP','Chrome','Windows 10','0','登录成功','2019-08-25 15:38:59'),(182,'admin','127.0.0.1','内网IP','Chrome','Windows 10','0','登录成功','2019-08-25 15:45:51'),(183,'admin','127.0.0.1','内网IP','Chrome','Windows 10','0','登录成功','2019-08-25 15:51:54'),(184,'admin','127.0.0.1','内网IP','Chrome','Windows 10','0','登录成功','2019-08-25 15:56:23'),(185,'admin','127.0.0.1','内网IP','Chrome','Windows 10','0','登录成功','2019-08-25 16:00:45'),(186,'admin','127.0.0.1','内网IP','Chrome','Windows 10','0','登录成功','2019-08-25 16:04:21'),(187,'admin','127.0.0.1','内网IP','Chrome','Windows 10','0','登录成功','2019-08-25 16:24:20'),(188,'admin','127.0.0.1','内网IP','Chrome','Windows 10','0','登录成功','2019-08-25 16:26:10'),(189,'admin','127.0.0.1','内网IP','Chrome','Windows 10','0','登录成功','2019-08-25 16:32:44'),(190,'admin','127.0.0.1','内网IP','Chrome','Windows 10','0','登录成功','2019-08-25 16:33:58'),(191,'admin','127.0.0.1','内网IP','Chrome','Windows 10','0','登录成功','2019-08-25 16:39:07'),(192,'admin','127.0.0.1','内网IP','Chrome','Windows 10','0','登录成功','2019-08-25 16:42:52'),(193,'admin','127.0.0.1','内网IP','Chrome','Windows 10','0','登录成功','2019-08-25 16:48:50'),(194,'admin','127.0.0.1','内网IP','Chrome','Windows 10','0','登录成功','2019-08-25 16:50:35'),(195,'admin','127.0.0.1','内网IP','Chrome','Windows 10','0','登录成功','2019-08-25 17:27:43'),(196,'admin','127.0.0.1','内网IP','Chrome','Windows 10','0','登录成功','2019-08-25 17:29:08'),(197,'admin','127.0.0.1','内网IP','Chrome','Windows 10','0','登录成功','2019-08-25 17:38:47'),(198,'admin','127.0.0.1','内网IP','Chrome','Windows 10','0','登录成功','2019-08-25 17:47:03'),(199,'admin','127.0.0.1','内网IP','Chrome','Windows 10','0','登录成功','2019-08-25 17:48:45'),(200,'admin','127.0.0.1','内网IP','Chrome','Windows 10','0','登录成功','2019-08-25 18:06:09'),(201,'admin','127.0.0.1','内网IP','Chrome','Windows 10','0','登录成功','2019-08-25 18:08:38'),(202,'admin','127.0.0.1','内网IP','Chrome','Windows 10','0','登录成功','2019-08-26 13:23:58'),(203,'admin','127.0.0.1','内网IP','Chrome','Windows 10','0','登录成功','2019-08-26 14:16:05'),(204,'admin','127.0.0.1','内网IP','Chrome','Windows 10','0','登录成功','2019-08-26 14:18:42'),(205,'admin','127.0.0.1','内网IP','Chrome','Windows 10','0','登录成功','2019-08-26 14:25:06'),(206,'admin','127.0.0.1','内网IP','Chrome','Windows 10','0','登录成功','2019-08-26 14:49:59'),(207,'admin','127.0.0.1','内网IP','Chrome','Windows 10','0','登录成功','2019-08-26 14:53:36'),(208,'admin','127.0.0.1','内网IP','Chrome','Windows 10','0','登录成功','2019-08-26 14:55:10'),(209,'admin','127.0.0.1','内网IP','Chrome','Windows 10','0','登录成功','2019-08-26 14:59:00'),(210,'admin','127.0.0.1','内网IP','Chrome','Windows 10','0','登录成功','2019-08-26 15:02:23'),(211,'admin','127.0.0.1','内网IP','Chrome','Windows 10','0','登录成功','2019-08-26 15:04:02'),(212,'admin','127.0.0.1','内网IP','Chrome','Windows 10','0','登录成功','2019-08-26 16:26:50'),(213,'admin','127.0.0.1','内网IP','Chrome','Windows 10','0','登录成功','2019-08-26 16:30:02'),(214,'admin','127.0.0.1','内网IP','Chrome','Windows 10','0','登录成功','2019-08-26 16:33:20'),(215,'admin','127.0.0.1','内网IP','Chrome','Windows 10','0','登录成功','2019-08-26 16:49:02'),(216,'admin','127.0.0.1','内网IP','Chrome','Windows 10','0','登录成功','2019-08-26 16:57:10'),(217,'admin','127.0.0.1','内网IP','Chrome','Windows 10','0','登录成功','2019-08-26 17:00:49'),(218,'admin','127.0.0.1','内网IP','Chrome','Windows 10','0','登录成功','2019-08-26 17:02:04'),(219,'admin','127.0.0.1','内网IP','Chrome','Windows 10','0','登录成功','2019-08-26 17:03:30'),(220,'admin','127.0.0.1','内网IP','Chrome','Windows 10','0','登录成功','2019-08-26 17:07:37'),(221,'admin','127.0.0.1','内网IP','Chrome','Windows 10','0','登录成功','2019-08-26 17:19:45'),(222,'admin','127.0.0.1','内网IP','Chrome','Windows 10','0','登录成功','2019-08-26 17:21:43'),(223,'admin','127.0.0.1','内网IP','Chrome','Windows 10','0','登录成功','2019-08-26 17:25:40'),(224,'admin','127.0.0.1','内网IP','Chrome','Windows 10','0','登录成功','2019-08-26 17:31:16'),(225,'admin','127.0.0.1','内网IP','Chrome','Windows 10','0','登录成功','2019-08-26 17:43:55'),(226,'admin','127.0.0.1','内网IP','Chrome','Windows 10','0','登录成功','2019-08-26 17:46:31'),(227,'admin','127.0.0.1','内网IP','Chrome','Windows 10','0','登录成功','2019-08-26 17:51:56'),(228,'admin','127.0.0.1','内网IP','Chrome','Windows 10','0','登录成功','2019-08-26 17:56:47'),(229,'admin','127.0.0.1','内网IP','Chrome','Windows 10','0','登录成功','2019-08-26 17:59:41'),(230,'admin','127.0.0.1','内网IP','Chrome','Windows 10','0','登录成功','2019-08-26 18:01:03'),(231,'admin','127.0.0.1','内网IP','Chrome','Windows 10','0','登录成功','2019-08-26 18:08:17'),(232,'admin','127.0.0.1','内网IP','Chrome','Windows 10','0','登录成功','2019-08-26 18:09:19'),(233,'admin','127.0.0.1','内网IP','Chrome','Windows 10','0','登录成功','2019-08-26 18:11:28'),(234,'admin','127.0.0.1','内网IP','Chrome','Windows 10','0','登录成功','2019-08-26 18:14:08'),(235,'admin','127.0.0.1','内网IP','Chrome','Windows 10','0','登录成功','2019-08-26 18:16:14'),(236,'admin','127.0.0.1','内网IP','Chrome','Windows 10','0','登录成功','2019-08-26 19:28:06'),(237,'admin','127.0.0.1','内网IP','Chrome','Windows 10','0','登录成功','2019-08-26 19:41:15'),(238,'admin','127.0.0.1','内网IP','Chrome','Windows 10','0','登录成功','2019-08-26 19:46:39'),(239,'admin','127.0.0.1','内网IP','Chrome','Windows 10','0','登录成功','2019-08-26 19:53:00'),(240,'admin','127.0.0.1','内网IP','Chrome','Windows 10','0','登录成功','2019-08-26 20:01:05'),(241,'admin','127.0.0.1','内网IP','Chrome','Windows 10','0','登录成功','2019-08-26 20:04:07'),(242,'admin','127.0.0.1','内网IP','Chrome','Windows 10','0','登录成功','2019-08-26 20:05:20'),(243,'admin','127.0.0.1','内网IP','Chrome','Windows 10','0','登录成功','2019-08-27 14:18:31'),(244,'admin','127.0.0.1','内网IP','Chrome','Windows 10','0','登录成功','2019-08-27 15:34:17'),(245,'admin','127.0.0.1','内网IP','Chrome','Windows 10','0','登录成功','2019-08-27 15:45:25'),(246,'admin','127.0.0.1','内网IP','Chrome','Windows 10','0','登录成功','2019-08-27 15:48:31'),(247,'admin','127.0.0.1','内网IP','Chrome','Windows 10','0','登录成功','2019-08-27 16:02:46'),(248,'admin','127.0.0.1','内网IP','Chrome','Windows 10','0','登录成功','2019-08-27 16:04:55'),(249,'admin','127.0.0.1','内网IP','Chrome','Windows 10','0','登录成功','2019-08-27 16:18:21'),(250,'admin','127.0.0.1','内网IP','Chrome','Windows 10','0','登录成功','2019-08-27 16:22:28'),(251,'admin','127.0.0.1','内网IP','Chrome','Windows 10','0','登录成功','2019-08-27 16:24:15'),(252,'admin','127.0.0.1','内网IP','Chrome','Windows 10','0','登录成功','2019-08-27 17:02:57'),(253,'admin','127.0.0.1','内网IP','Chrome','Windows 10','0','登录成功','2019-08-27 17:04:35'),(254,'admin','127.0.0.1','内网IP','Chrome','Windows 10','0','登录成功','2019-08-27 17:09:59'),(255,'admin','127.0.0.1','内网IP','Chrome','Windows 10','0','登录成功','2019-08-27 17:11:10'),(256,'admin','127.0.0.1','内网IP','Chrome','Windows 10','0','登录成功','2019-08-27 17:14:31'),(257,'admin','127.0.0.1','内网IP','Chrome','Windows 10','0','登录成功','2019-08-27 17:16:28'),(258,'admin','127.0.0.1','内网IP','Chrome','Windows 10','0','登录成功','2019-08-27 17:21:27'),(259,'admin','127.0.0.1','内网IP','Chrome','Windows 10','0','登录成功','2019-08-27 17:29:55'),(260,'admin','127.0.0.1','内网IP','Chrome','Windows 10','0','登录成功','2019-08-27 17:39:23'),(261,'admin','127.0.0.1','内网IP','Chrome','Windows 10','0','登录成功','2019-08-27 17:46:53'),(262,'admin','127.0.0.1','内网IP','Chrome','Windows 10','0','登录成功','2019-08-27 17:49:12'),(263,'admin','127.0.0.1','内网IP','Chrome','Windows 10','0','登录成功','2019-08-27 17:52:16'),(264,'admin','127.0.0.1','内网IP','Chrome','Windows 10','0','登录成功','2019-08-27 17:52:20'),(265,'admin','127.0.0.1','内网IP','Chrome','Windows 10','0','登录成功','2019-08-27 17:54:51'),(266,'admin','127.0.0.1','内网IP','Chrome','Windows 10','0','登录成功','2019-08-27 18:08:39'),(267,'admin','127.0.0.1','内网IP','Chrome','Windows 10','0','登录成功','2019-08-27 18:20:10'),(268,'admin','127.0.0.1','内网IP','Chrome','Windows 10','0','登录成功','2019-08-27 18:24:54'),(269,'admin','127.0.0.1','内网IP','Chrome','Windows 10','0','登录成功','2019-08-27 18:29:25'),(270,'admin','127.0.0.1','内网IP','Chrome','Windows 10','0','登录成功','2019-08-27 18:40:53'),(271,'admin','127.0.0.1','内网IP','Chrome','Windows 10','0','登录成功','2019-08-27 18:42:38'),(272,'admin','127.0.0.1','内网IP','Chrome','Windows 10','0','登录成功','2019-08-27 18:44:42'),(273,'admin','127.0.0.1','内网IP','Chrome','Windows 10','0','登录成功','2019-08-27 18:46:45'),(274,'admin','127.0.0.1','内网IP','Chrome','Windows 10','0','登录成功','2019-08-27 18:49:02'),(275,'admin','127.0.0.1','内网IP','Chrome','Windows 10','0','登录成功','2019-08-27 18:51:15'),(276,'admin','127.0.0.1','内网IP','Chrome','Windows 10','0','登录成功','2019-08-27 19:04:08'),(277,'admin','127.0.0.1','内网IP','Chrome','Windows 10','0','登录成功','2019-08-27 19:06:16'),(278,'admin','127.0.0.1','内网IP','Chrome','Windows 10','0','登录成功','2019-08-27 19:12:54'),(279,'admin','127.0.0.1','内网IP','Chrome','Windows 10','0','登录成功','2019-08-27 19:19:40'),(280,'admin','127.0.0.1','内网IP','Chrome','Windows 10','0','登录成功','2019-08-27 19:28:28'),(281,'admin','127.0.0.1','内网IP','Chrome','Windows 10','0','登录成功','2019-08-27 19:33:31'),(282,'admin','127.0.0.1','内网IP','Chrome','Windows 10','0','登录成功','2019-08-27 19:36:03'),(283,'admin','127.0.0.1','内网IP','Chrome','Windows 10','0','登录成功','2019-08-27 19:36:56'),(284,'admin','127.0.0.1','内网IP','Chrome','Windows 10','0','登录成功','2019-08-28 09:21:45'),(285,'admin','127.0.0.1','内网IP','Chrome','Windows 10','0','登录成功','2019-08-28 09:29:18'),(286,'admin','127.0.0.1','内网IP','Chrome','Windows 10','0','登录成功','2019-08-28 09:33:18'),(287,'admin','127.0.0.1','内网IP','Chrome','Windows 10','0','登录成功','2019-08-28 09:43:07'),(288,'admin','127.0.0.1','内网IP','Chrome','Windows 10','0','登录成功','2019-08-28 09:47:20'),(289,'admin','127.0.0.1','内网IP','Chrome','Windows 10','0','登录成功','2019-08-28 10:40:22'),(290,'admin','127.0.0.1','内网IP','Chrome','Windows 10','0','登录成功','2019-08-28 10:56:56'),(291,'admin','127.0.0.1','内网IP','Chrome','Windows 10','0','登录成功','2019-08-28 11:00:35'),(292,'admin','127.0.0.1','内网IP','Chrome','Windows 10','0','登录成功','2019-08-28 11:14:35'),(293,'admin','127.0.0.1','内网IP','Chrome','Windows 10','0','登录成功','2019-08-28 11:16:42'),(294,'admin','127.0.0.1','内网IP','Chrome','Windows 10','0','登录成功','2019-08-28 11:20:37'),(295,'admin','127.0.0.1','内网IP','Chrome','Windows 10','0','登录成功','2019-08-28 11:28:45'),(296,'admin','127.0.0.1','内网IP','Chrome','Windows 10','0','登录成功','2019-08-28 11:29:32'),(297,'admin','127.0.0.1','内网IP','Chrome','Windows 10','0','登录成功','2019-08-28 14:15:41'),(298,'admin','127.0.0.1','内网IP','Chrome','Windows 10','0','登录成功','2019-08-28 14:57:22'),(299,'admin','127.0.0.1','内网IP','Chrome','Windows 10','0','登录成功','2019-08-28 15:22:48'),(300,'admin','127.0.0.1','内网IP','Chrome','Windows 10','0','登录成功','2019-08-28 15:26:30'),(301,'admin','127.0.0.1','内网IP','Chrome','Windows 10','0','登录成功','2019-08-28 15:27:23'),(302,'admin','127.0.0.1','内网IP','Chrome','Windows 10','0','登录成功','2019-08-28 16:03:29'),(303,'admin','127.0.0.1','内网IP','Chrome','Windows 10','0','登录成功','2019-08-28 16:16:39'),(304,'admin','127.0.0.1','内网IP','Chrome','Windows 10','0','登录成功','2019-08-28 16:21:48'),(305,'admin','127.0.0.1','内网IP','Chrome','Windows 10','0','登录成功','2019-08-28 16:23:24'),(306,'admin','127.0.0.1','内网IP','Chrome','Windows 10','0','登录成功','2019-08-28 16:26:18'),(307,'admin','127.0.0.1','内网IP','Chrome','Windows 10','0','登录成功','2019-08-28 16:28:48'),(308,'admin','127.0.0.1','内网IP','Chrome','Windows 10','0','登录成功','2019-08-28 16:45:43'),(309,'admin','127.0.0.1','内网IP','Chrome','Windows 10','0','登录成功','2019-08-28 16:47:18'),(310,'admin','127.0.0.1','内网IP','Chrome','Windows 10','0','登录成功','2019-08-28 16:53:36'),(311,'admin','127.0.0.1','内网IP','Chrome','Windows 10','0','登录成功','2019-08-28 16:56:04'),(312,'admin','127.0.0.1','内网IP','Chrome','Windows 10','0','登录成功','2019-08-28 16:59:32'),(313,'admin','127.0.0.1','内网IP','Chrome','Windows 10','0','登录成功','2019-08-28 17:02:16'),(314,'admin','127.0.0.1','内网IP','Chrome','Windows 10','0','登录成功','2019-08-28 17:05:20'),(315,'admin','127.0.0.1','内网IP','Chrome','Windows 10','0','登录成功','2019-08-28 17:13:56'),(316,'admin','127.0.0.1','内网IP','Chrome','Windows 10','0','登录成功','2019-08-28 17:17:43'),(317,'admin','127.0.0.1','内网IP','Chrome','Windows 10','0','登录成功','2019-08-28 17:21:47'),(318,'admin','127.0.0.1','内网IP','Chrome','Windows 10','0','登录成功','2019-08-28 17:25:37'),(319,'admin','127.0.0.1','内网IP','Chrome','Windows 10','0','登录成功','2019-08-28 17:39:19'),(320,'admin','127.0.0.1','内网IP','Chrome','Windows 10','0','登录成功','2019-08-28 17:46:57'),(321,'admin','127.0.0.1','内网IP','Chrome','Windows 10','0','登录成功','2019-08-28 18:02:50'),(322,'admin','127.0.0.1','内网IP','Chrome','Windows 10','0','登录成功','2019-08-28 18:06:20'),(323,'admin','127.0.0.1','内网IP','Chrome','Windows 10','0','登录成功','2019-08-28 18:07:54'),(324,'admin','127.0.0.1','内网IP','Chrome','Windows 10','0','登录成功','2019-08-28 18:11:20'),(325,'admin','127.0.0.1','内网IP','Chrome','Windows 10','0','登录成功','2019-08-28 18:20:27'),(326,'admin','127.0.0.1','内网IP','Chrome','Windows 10','0','登录成功','2019-08-28 18:23:56'),(327,'admin','127.0.0.1','内网IP','Chrome','Windows 10','0','登录成功','2019-08-28 18:37:18'),(328,'admin','127.0.0.1','内网IP','Chrome','Windows 10','0','登录成功','2019-08-28 18:43:37'),(329,'admin','127.0.0.1','内网IP','Chrome','Windows 10','0','登录成功','2019-08-28 18:57:43'),(330,'admin','127.0.0.1','内网IP','Chrome','Windows 10','0','登录成功','2019-08-28 19:00:59'),(331,'admin','127.0.0.1','内网IP','Chrome','Windows 10','0','登录成功','2019-08-28 19:03:56'),(332,'admin','127.0.0.1','内网IP','Chrome','Windows 10','0','登录成功','2019-08-28 19:10:52'),(333,'admin','127.0.0.1','内网IP','Chrome','Windows 10','0','登录成功','2019-08-28 19:12:34'),(334,'admin','127.0.0.1','内网IP','Chrome','Windows 10','0','登录成功','2019-08-28 19:29:36'),(335,'admin','127.0.0.1','内网IP','Chrome','Windows 10','0','登录成功','2019-08-28 19:33:33'),(336,'admin','127.0.0.1','内网IP','Chrome','Windows 10','0','登录成功','2019-08-28 19:36:30'),(337,'admin','127.0.0.1','内网IP','Chrome','Windows 10','0','登录成功','2019-08-28 19:38:26'),(338,'admin','127.0.0.1','内网IP','Chrome','Windows 10','0','登录成功','2019-08-28 19:40:29'),(339,'admin','127.0.0.1','内网IP','Chrome','Windows 10','0','登录成功','2019-08-28 19:42:58'),(340,'admin','127.0.0.1','内网IP','Chrome','Windows 10','0','登录成功','2019-08-28 19:46:48'),(341,'admin','127.0.0.1','内网IP','Chrome','Windows 10','0','登录成功','2019-08-28 19:49:54'),(342,'admin','127.0.0.1','内网IP','Chrome','Windows 10','0','登录成功','2019-08-28 19:51:44'),(343,'admin','127.0.0.1','内网IP','Chrome','Windows 10','0','登录成功','2019-08-28 19:53:24'),(344,'admin','127.0.0.1','内网IP','Chrome','Windows 10','0','登录成功','2019-08-28 19:56:01'),(345,'admin','127.0.0.1','内网IP','Chrome','Windows 10','0','登录成功','2019-08-28 19:57:28'),(346,'admin','127.0.0.1','内网IP','Chrome','Windows 10','0','登录成功','2019-08-28 19:59:02'),(347,'admin','127.0.0.1','内网IP','Chrome','Windows 10','0','登录成功','2019-08-28 20:00:04'),(348,'admin','127.0.0.1','内网IP','Chrome','Windows 10','0','登录成功','2019-08-28 20:02:11'),(349,'admin','127.0.0.1','内网IP','Chrome','Windows 10','0','登录成功','2019-08-28 20:02:52'),(350,'admin','127.0.0.1','内网IP','Chrome','Windows 10','0','登录成功','2019-08-28 20:04:18'),(351,'admin','127.0.0.1','内网IP','Chrome','Windows 10','0','登录成功','2019-08-28 20:05:21'),(352,'admin','127.0.0.1','内网IP','Chrome','Windows 10','0','登录成功','2019-08-28 20:06:45'),(353,'admin','127.0.0.1','内网IP','Chrome','Windows 10','0','登录成功','2019-08-28 20:07:54'),(354,'admin','127.0.0.1','内网IP','Chrome','Windows 10','0','登录成功','2019-08-28 20:08:55'),(355,'admin','127.0.0.1','内网IP','Chrome','Windows 10','0','登录成功','2019-08-28 20:09:49'),(356,'admin','127.0.0.1','内网IP','Chrome','Windows 10','0','登录成功','2019-08-28 20:10:45'),(357,'admin','127.0.0.1','内网IP','Chrome','Windows 10','0','登录成功','2019-08-29 14:51:31'),(358,'admin','127.0.0.1','内网IP','Chrome','Windows 10','0','登录成功','2019-08-29 15:07:31'),(359,'admin','127.0.0.1','内网IP','Chrome','Windows 10','0','登录成功','2019-08-29 15:12:32'),(360,'admin','127.0.0.1','内网IP','Chrome','Windows 10','0','登录成功','2019-08-29 15:14:43'),(361,'admin','127.0.0.1','内网IP','Chrome','Windows 10','0','登录成功','2019-08-29 15:17:50'),(362,'admin','127.0.0.1','内网IP','Chrome','Windows 10','0','登录成功','2019-08-29 15:20:46'),(363,'admin','127.0.0.1','内网IP','Chrome','Windows 10','0','登录成功','2019-08-29 15:40:27'),(364,'admin','127.0.0.1','内网IP','Chrome','Windows 10','0','登录成功','2019-08-29 16:06:46'),(365,'admin','127.0.0.1','内网IP','Chrome','Windows 10','0','登录成功','2019-08-29 16:13:53'),(366,'admin','127.0.0.1','内网IP','Chrome','Windows 10','0','登录成功','2019-08-29 16:16:20'),(367,'admin','127.0.0.1','内网IP','Chrome','Windows 10','0','登录成功','2019-08-29 16:24:59'),(368,'admin','127.0.0.1','内网IP','Chrome','Windows 10','0','登录成功','2019-08-29 16:29:03'),(369,'admin','127.0.0.1','内网IP','Chrome','Windows 10','0','登录成功','2019-08-29 16:34:56'),(370,'admin','127.0.0.1','内网IP','Chrome','Windows 10','0','登录成功','2019-08-29 16:40:13'),(371,'admin','127.0.0.1','内网IP','Chrome','Windows 10','0','登录成功','2019-08-29 16:45:58'),(372,'admin','127.0.0.1','内网IP','Chrome','Windows 10','0','登录成功','2019-08-29 16:52:40'),(373,'admin','127.0.0.1','内网IP','Chrome','Windows 10','0','登录成功','2019-08-29 17:05:42'),(374,'admin','127.0.0.1','内网IP','Chrome','Windows 10','0','登录成功','2019-08-29 17:06:57'),(375,'admin','127.0.0.1','内网IP','Chrome','Windows 10','0','登录成功','2019-08-29 17:23:34'),(376,'admin','127.0.0.1','内网IP','Chrome','Windows 10','0','登录成功','2019-08-29 17:44:43'),(377,'admin','127.0.0.1','内网IP','Chrome','Windows 10','0','登录成功','2019-08-29 17:49:39'),(378,'admin','127.0.0.1','内网IP','Chrome','Windows 10','0','登录成功','2019-08-29 18:10:24'),(379,'admin','127.0.0.1','内网IP','Chrome','Windows 10','0','登录成功','2019-08-29 18:19:19'),(380,'admin','127.0.0.1','内网IP','Chrome','Windows 10','0','登录成功','2019-08-29 18:21:10'),(381,'admin','127.0.0.1','内网IP','Chrome','Windows 10','0','登录成功','2019-08-29 19:04:57'),(382,'admin','127.0.0.1','内网IP','Chrome','Windows 10','0','登录成功','2019-08-29 19:08:30'),(383,'admin','127.0.0.1','内网IP','Chrome','Windows 10','0','登录成功','2019-08-29 19:12:14'),(384,'admin','127.0.0.1','内网IP','Chrome','Windows 10','0','登录成功','2019-08-29 19:15:06'),(385,'admin','127.0.0.1','内网IP','Chrome','Windows 10','0','登录成功','2019-08-29 19:34:39'),(386,'admin','127.0.0.1','内网IP','Chrome','Windows 10','0','登录成功','2019-08-29 19:38:36'),(387,'admin','127.0.0.1','内网IP','Chrome','Windows 10','0','登录成功','2019-08-29 19:44:15'),(388,'admin','127.0.0.1','内网IP','Chrome','Windows 10','0','登录成功','2019-08-29 19:58:35'),(389,'admin','127.0.0.1','内网IP','Chrome','Windows 10','0','登录成功','2019-08-30 09:36:11'),(390,'admin','127.0.0.1','内网IP','Chrome','Windows 10','0','登录成功','2019-08-30 09:48:29'),(391,'admin','127.0.0.1','内网IP','Chrome','Windows 10','0','登录成功','2019-08-30 09:53:47'),(392,'admin','127.0.0.1','内网IP','Chrome','Windows 10','0','登录成功','2019-08-30 09:56:21'),(393,'admin','127.0.0.1','内网IP','Chrome','Windows 10','0','登录成功','2019-08-30 10:17:56'),(394,'admin','127.0.0.1','内网IP','Chrome','Windows 10','0','登录成功','2019-08-30 10:25:02'),(395,'admin','127.0.0.1','内网IP','Chrome','Windows 10','0','登录成功','2019-08-30 10:34:29'),(396,'admin','127.0.0.1','内网IP','Chrome','Windows 10','0','登录成功','2019-08-30 10:36:18'),(397,'admin','127.0.0.1','内网IP','Chrome','Windows 10','0','登录成功','2019-08-30 10:41:54'),(398,'admin','127.0.0.1','内网IP','Chrome','Windows 10','0','登录成功','2019-08-30 11:33:26'),(399,'admin','127.0.0.1','内网IP','Chrome','Windows 10','0','登录成功','2019-08-30 13:23:29'),(400,'admin','127.0.0.1','内网IP','Chrome','Windows 10','0','登录成功','2019-08-30 13:27:28'),(401,'admin','127.0.0.1','内网IP','Chrome','Windows 10','0','登录成功','2019-08-30 13:30:33'),(402,'admin','127.0.0.1','内网IP','Chrome','Windows 10','0','登录成功','2019-08-30 13:32:15'),(403,'admin','127.0.0.1','内网IP','Chrome','Windows 10','0','登录成功','2019-08-30 13:35:21'),(404,'admin','127.0.0.1','内网IP','Chrome','Windows 10','0','登录成功','2019-08-30 13:38:12'),(405,'admin','127.0.0.1','内网IP','Chrome','Windows 10','0','登录成功','2019-08-30 14:16:57'),(406,'admin','127.0.0.1','内网IP','Chrome','Windows 10','0','登录成功','2019-08-30 14:19:46'),(407,'admin','127.0.0.1','内网IP','Chrome','Windows 10','0','登录成功','2019-08-30 14:21:34'),(408,'admin','127.0.0.1','内网IP','Chrome','Windows 10','0','登录成功','2019-08-30 14:24:10'),(409,'admin','127.0.0.1','内网IP','Chrome','Windows 10','0','登录成功','2019-08-30 14:24:57'),(410,'admin','127.0.0.1','内网IP','Chrome','Windows 10','0','登录成功','2019-08-30 14:26:07'),(411,'admin','127.0.0.1','内网IP','Chrome','Windows 10','0','登录成功','2019-08-30 14:38:03'),(412,'admin','127.0.0.1','内网IP','Chrome','Windows 10','0','登录成功','2019-08-30 14:45:50'),(413,'admin','127.0.0.1','内网IP','Chrome','Windows 10','0','登录成功','2019-08-30 14:54:01'),(414,'admin','127.0.0.1','内网IP','Chrome','Windows 10','0','登录成功','2019-08-30 14:59:55'),(415,'admin','127.0.0.1','内网IP','Chrome','Windows 10','0','登录成功','2019-08-30 15:45:12'),(416,'admin','127.0.0.1','内网IP','Chrome','Windows 10','0','登录成功','2019-08-30 15:47:37'),(417,'admin','127.0.0.1','内网IP','Chrome','Windows 10','0','登录成功','2019-08-30 16:01:00'),(418,'admin','127.0.0.1','内网IP','Chrome','Windows 10','0','登录成功','2019-08-30 16:02:22'),(419,'admin','127.0.0.1','内网IP','Chrome','Windows 10','0','登录成功','2019-08-30 16:08:35'),(420,'admin','127.0.0.1','内网IP','Chrome','Windows 10','0','登录成功','2019-08-30 16:13:20'),(421,'admin','127.0.0.1','内网IP','Chrome','Windows 10','0','登录成功','2019-08-30 16:14:50'),(422,'admin','127.0.0.1','内网IP','Chrome','Windows 10','0','登录成功','2019-08-30 16:18:13'),(423,'admin','127.0.0.1','内网IP','Chrome','Windows 10','0','登录成功','2019-08-30 16:30:59'),(424,'admin','127.0.0.1','内网IP','Chrome','Windows 10','0','登录成功','2019-08-30 16:32:07'),(425,'admin','127.0.0.1','内网IP','Chrome','Windows 10','0','登录成功','2019-08-30 17:21:30'),(426,'admin','127.0.0.1','内网IP','Chrome','Windows 10','0','登录成功','2019-09-16 17:22:52'),(427,'admin','127.0.0.1','内网IP','Chrome','Windows 10','0','登录成功','2019-09-16 17:25:37'),(428,'admin','127.0.0.1','内网IP','Chrome','Windows 10','0','登录成功','2019-09-16 17:27:33'),(429,'admin','127.0.0.1','内网IP','Chrome','Windows 10','0','登录成功','2019-09-23 15:41:59'),(430,'admin','127.0.0.1','内网IP','Chrome','Windows 10','0','登录成功','2019-09-23 15:45:33'),(431,'admin','127.0.0.1','内网IP','Chrome','Windows 10','0','登录成功','2019-09-23 15:56:35'),(432,'admin','127.0.0.1','内网IP','Chrome','Windows 10','0','登录成功','2019-09-23 16:47:42'),(433,'admin','127.0.0.1','内网IP','Chrome','Windows 7','0','登录成功','2019-10-19 23:06:19'),(434,'admin','127.0.0.1','内网IP','Chrome','Windows 7','0','登录成功','2019-10-19 23:48:23'),(435,'admin','127.0.0.1','内网IP','Chrome','Windows 7','1','验证码错误','2019-10-20 02:32:54'),(436,'admin','127.0.0.1','内网IP','Chrome','Windows 7','0','登录成功','2019-10-20 02:33:03'),(437,'admin','127.0.0.1','内网IP','Chrome','Windows 7','0','登录成功','2019-10-20 02:51:20'),(438,'admin','127.0.0.1','内网IP','Chrome','Windows 7','0','登录成功','2019-10-20 02:52:16'),(439,'admin','127.0.0.1','内网IP','Chrome','Windows 7','0','登录成功','2019-10-20 03:10:23'),(440,'admin','127.0.0.1','内网IP','Chrome','Windows 7','0','登录成功','2019-10-20 03:18:55'),(441,'admin','127.0.0.1','内网IP','Chrome','Windows 7','0','登录成功','2019-10-20 03:53:02'),(442,'admin','127.0.0.1','内网IP','Chrome','Windows 7','0','登录成功','2019-10-20 04:04:01'),(443,'admin','127.0.0.1','内网IP','Chrome','Windows 7','1','验证码错误','2019-10-20 04:13:53'),(444,'admin','127.0.0.1','内网IP','Chrome','Windows 7','1','验证码错误','2019-10-20 04:14:25'),(445,'admin','127.0.0.1','内网IP','Chrome','Windows 7','0','登录成功','2019-10-20 04:24:47'),(446,'admin','127.0.0.1','内网IP','Chrome','Windows 7','0','登录成功','2019-10-20 04:25:14'),(447,'admin','127.0.0.1','内网IP','Chrome','Windows 7','0','登录成功','2019-10-20 04:26:53'),(448,'admin','127.0.0.1','内网IP','Chrome','Windows 7','0','登录成功','2019-10-20 04:27:00'),(449,'admin','127.0.0.1','内网IP','Chrome','Windows 7','0','登录成功','2019-10-20 04:28:19'),(450,'admin','127.0.0.1','内网IP','Chrome','Windows 7','0','登录成功','2019-10-20 04:28:22'),(451,'admin','127.0.0.1','内网IP','Chrome','Windows 7','0','登录成功','2019-10-20 04:28:23'),(452,'admin','127.0.0.1','内网IP','Chrome','Windows 7','0','登录成功','2019-10-20 04:28:24'),(453,'admin','127.0.0.1','内网IP','Chrome','Windows 7','0','登录成功','2019-10-20 04:28:24'),(454,'admin','127.0.0.1','内网IP','Chrome','Windows 7','0','登录成功','2019-10-20 04:28:25'),(455,'admin','127.0.0.1','内网IP','Chrome','Windows 7','0','登录成功','2019-10-20 04:28:26'),(456,'admin','127.0.0.1','内网IP','Chrome','Windows 7','0','登录成功','2019-10-20 04:28:27'),(457,'admin','127.0.0.1','内网IP','Chrome','Windows 7','0','退出成功','2019-10-20 04:28:37'),(458,'admin','127.0.0.1','内网IP','Chrome','Windows 7','0','登录成功','2019-10-20 04:28:55'),(459,'admin','127.0.0.1','内网IP','Chrome','Windows 7','0','退出成功','2019-10-20 10:09:44'),(460,'admin','127.0.0.1','内网IP','Chrome','Windows 7','0','登录成功','2019-10-20 10:09:47'),(461,'admin','127.0.0.1','内网IP','Chrome','Windows 7','0','登录成功','2019-10-20 10:18:39'),(462,'admin','127.0.0.1','内网IP','Chrome','Windows 7','0','登录成功','2019-10-20 10:18:43'),(463,'admin','127.0.0.1','内网IP','Chrome','Windows 7','0','登录成功','2019-10-20 10:19:58'),(464,'admin','127.0.0.1','内网IP','Chrome','Windows 7','0','登录成功','2019-10-20 10:20:12'),(465,'admin','127.0.0.1','内网IP','Chrome Mobile','Android Mobile','1','验证码错误','2019-10-20 21:07:08'),(466,'admin','127.0.0.1','内网IP','Chrome Mobile','Android Mobile','1','验证码错误','2019-10-20 21:10:08'),(467,'admin','127.0.0.1','内网IP','Chrome','Windows 7','1','验证码错误','2019-10-20 22:54:23'),(468,'admin','127.0.0.1','内网IP','Chrome','Windows 7','0','登录成功','2019-10-20 22:55:22'),(469,'admin','127.0.0.1','内网IP','Chrome','Windows 7','0','退出成功','2019-10-20 22:56:14'),(470,'admin','127.0.0.1','内网IP','Chrome','Windows 7','1','验证码错误','2019-10-20 22:57:00'),(471,'admin','127.0.0.1','内网IP','Chrome','Windows 7','0','登录成功','2019-10-20 23:08:27'),(472,'admin','127.0.0.1','内网IP','Chrome','Windows 7','0','退出成功','2019-10-20 23:09:06'),(473,'admin','127.0.0.1','内网IP','Chrome','Windows 7','0','登录成功','2019-10-20 23:09:39'),(474,'admin','127.0.0.1','内网IP','Chrome','Windows 7','0','退出成功','2019-10-20 23:17:11'),(475,'admin','127.0.0.1','内网IP','Chrome','Windows 7','1','验证码错误','2019-10-20 23:18:55'),(476,'admin','127.0.0.1','内网IP','Chrome','Windows 7','0','登录成功','2019-10-20 23:21:10'),(477,'admin','127.0.0.1','内网IP','Chrome','Windows 7','0','退出成功','2019-10-20 23:23:28'),(478,'admin','127.0.0.1','内网IP','Chrome','Windows 7','1','验证码错误','2019-10-20 23:28:08'),(479,'admin','127.0.0.1','内网IP','Chrome','Windows 7','0','登录成功','2019-10-20 23:32:29'),(480,'admin','127.0.0.1','内网IP','Chrome','Windows 7','0','退出成功','2019-10-20 23:45:53');
/*!40000 ALTER TABLE `sys_logininfor` ENABLE KEYS */;
UNLOCK TABLES;

--
-- Table structure for table `sys_menu`
--

DROP TABLE IF EXISTS `sys_menu`;
/*!40101 SET @saved_cs_client     = @@character_set_client */;
/*!40101 SET character_set_client = utf8 */;
CREATE TABLE `sys_menu` (
  `menu_id` bigint(20) NOT NULL AUTO_INCREMENT COMMENT '菜单ID',
  `menu_name` varchar(50) NOT NULL COMMENT '菜单名称',
  `parent_id` bigint(20) DEFAULT '0' COMMENT '父菜单ID',
  `order_num` int(4) DEFAULT '0' COMMENT '显示顺序',
  `url` varchar(200) DEFAULT '#' COMMENT '请求地址',
  `target` varchar(20) DEFAULT '' COMMENT '打开方式（menuItem页签 menuBlank新窗口）',
  `menu_type` char(1) DEFAULT '' COMMENT '菜单类型（M目录 C菜单 F按钮）',
  `visible` char(1) DEFAULT '0' COMMENT '菜单状态（0显示 1隐藏）',
  `perms` varchar(100) DEFAULT NULL COMMENT '权限标识',
  `icon` varchar(100) DEFAULT '#' COMMENT '菜单图标',
  `create_by` varchar(64) DEFAULT '' COMMENT '创建者',
  `create_time` datetime DEFAULT NULL COMMENT '创建时间',
  `update_by` varchar(64) DEFAULT '' COMMENT '更新者',
  `update_time` datetime DEFAULT NULL COMMENT '更新时间',
  `remark` varchar(500) DEFAULT '' COMMENT '备注',
  PRIMARY KEY (`menu_id`) USING BTREE
) ENGINE=InnoDB AUTO_INCREMENT=1117 DEFAULT CHARSET=utf8mb4 ROW_FORMAT=DYNAMIC COMMENT='菜单权限表';
/*!40101 SET character_set_client = @saved_cs_client */;

--
-- Dumping data for table `sys_menu`
--

LOCK TABLES `sys_menu` WRITE;
/*!40000 ALTER TABLE `sys_menu` DISABLE KEYS */;
INSERT INTO `sys_menu` VALUES (1,'系统管理',0,1,'#','','M','0','','fa fa-gear','admin','2018-03-16 11:33:00','ry','2018-03-16 11:33:00','系统管理目录'),(2,'系统监控',0,2,'#','','M','0','','fa fa-video-camera','admin','2018-03-16 11:33:00','ry','2018-03-16 11:33:00','系统监控目录'),(3,'系统工具',0,3,'#','','M','0','','fa fa-bars','admin','2018-03-16 11:33:00','ry','2018-03-16 11:33:00','系统工具目录'),(100,'用户管理',1,1,'/system/user','','C','0','system:user:view','#','admin','2018-03-16 11:33:00','ry','2018-03-16 11:33:00','用户管理菜单'),(101,'角色管理',1,2,'/system/role','','C','0','system:role:view','#','admin','2018-03-16 11:33:00','ry','2018-03-16 11:33:00','角色管理菜单'),(102,'菜单管理',1,3,'/system/menu','','C','0','system:menu:view','#','admin','2018-03-16 11:33:00','ry','2018-03-16 11:33:00','菜单管理菜单'),(103,'部门管理',1,4,'/system/dept','','C','0','system:dept:view','#','admin','2018-03-16 11:33:00','ry','2018-03-16 11:33:00','部门管理菜单'),(104,'岗位管理',1,5,'/system/post','','C','0','system:post:view','#','admin','2018-03-16 11:33:00','ry','2018-03-16 11:33:00','岗位管理菜单'),(105,'字典管理',1,6,'/system/dict','','C','0','system:dict:view','#','admin','2018-03-16 11:33:00','ry','2018-03-16 11:33:00','字典管理菜单'),(106,'参数设置',1,7,'/system/config','','C','0','system:config:view','#','admin','2018-03-16 11:33:00','ry','2018-03-16 11:33:00','参数设置菜单'),(107,'通知公告',1,8,'/system/notice','','C','0','system:notice:view','#','admin','2018-03-16 11:33:00','ry','2018-03-16 11:33:00','通知公告菜单'),(108,'日志管理',1,9,'#','','M','0','','#','admin','2018-03-16 11:33:00','ry','2018-03-16 11:33:00','日志管理菜单'),(109,'在线用户',2,1,'/monitor/online','','C','0','monitor:online:view','#','admin','2018-03-16 11:33:00','ry','2018-03-16 11:33:00','在线用户菜单'),(110,'定时任务',2,2,'/monitor/job','','C','0','monitor:job:view','#','admin','2018-03-16 11:33:00','ry','2018-03-16 11:33:00','定时任务菜单'),(111,'数据监控',2,3,'/monitor/data','','C','0','monitor:data:view','#','admin','2018-03-16 11:33:00','ry','2018-03-16 11:33:00','数据监控菜单'),(112,'服务监控',2,3,'/monitor/server','','C','0','monitor:server:view','#','admin','2018-03-16 11:33:00','ry','2018-03-16 11:33:00','服务监控菜单'),(113,'表单构建',3,1,'/tool/build','','C','0','tool:build:view','#','admin','2018-03-16 11:33:00','ry','2018-03-16 11:33:00','表单构建菜单'),(114,'代码生成',3,2,'/tool/gen','','C','0','tool:gen:view','#','admin','2018-03-16 11:33:00','ry','2018-03-16 11:33:00','代码生成菜单'),(115,'系统接口',3,3,'/tool/swagger','','C','0','tool:swagger:view','#','admin','2018-03-16 11:33:00','ry','2018-03-16 11:33:00','系统接口菜单'),(500,'操作日志',108,1,'/monitor/operlog','','C','0','monitor:operlog:view','#','admin','2018-03-16 11:33:00','ry','2018-03-16 11:33:00','操作日志菜单'),(501,'登录日志',108,2,'/monitor/logininfor','','C','0','monitor:logininfor:view','#','admin','2018-03-16 11:33:00','ry','2018-03-16 11:33:00','登录日志菜单'),(1000,'用户查询',100,1,'#','','F','0','system:user:list','#','admin','2018-03-16 11:33:00','ry','2018-03-16 11:33:00',''),(1001,'用户新增',100,2,'#','','F','0','system:user:add','#','admin','2018-03-16 11:33:00','ry','2018-03-16 11:33:00',''),(1002,'用户修改',100,3,'#','','F','0','system:user:edit','#','admin','2018-03-16 11:33:00','ry','2018-03-16 11:33:00',''),(1003,'用户删除',100,4,'#','','F','0','system:user:remove','#','admin','2018-03-16 11:33:00','ry','2018-03-16 11:33:00',''),(1004,'用户导出',100,5,'#','','F','0','system:user:export','#','admin','2018-03-16 11:33:00','ry','2018-03-16 11:33:00',''),(1005,'用户导入',100,6,'#','','F','0','system:user:import','#','admin','2018-03-16 11:33:00','ry','2018-03-16 11:33:00',''),(1006,'重置密码',100,7,'#','','F','0','system:user:resetPwd','#','admin','2018-03-16 11:33:00','ry','2018-03-16 11:33:00',''),(1007,'角色查询',101,1,'#','','F','0','system:role:list','#','admin','2018-03-16 11:33:00','ry','2018-03-16 11:33:00',''),(1008,'角色新增',101,2,'#','','F','0','system:role:add','#','admin','2018-03-16 11:33:00','ry','2018-03-16 11:33:00',''),(1009,'角色修改',101,3,'#','','F','0','system:role:edit','#','admin','2018-03-16 11:33:00','ry','2018-03-16 11:33:00',''),(1010,'角色删除',101,4,'#','','F','0','system:role:remove','#','admin','2018-03-16 11:33:00','ry','2018-03-16 11:33:00',''),(1011,'角色导出',101,5,'#','','F','0','system:role:export','#','admin','2018-03-16 11:33:00','ry','2018-03-16 11:33:00',''),(1012,'菜单查询',102,1,'#','','F','0','system:menu:list','#','admin','2018-03-16 11:33:00','ry','2018-03-16 11:33:00',''),(1013,'菜单新增',102,2,'#','','F','0','system:menu:add','#','admin','2018-03-16 11:33:00','ry','2018-03-16 11:33:00',''),(1014,'菜单修改',102,3,'#','','F','0','system:menu:edit','#','admin','2018-03-16 11:33:00','ry','2018-03-16 11:33:00',''),(1015,'菜单删除',102,4,'#','','F','0','system:menu:remove','#','admin','2018-03-16 11:33:00','ry','2018-03-16 11:33:00',''),(1016,'部门查询',103,1,'#','','F','0','system:dept:list','#','admin','2018-03-16 11:33:00','ry','2018-03-16 11:33:00',''),(1017,'部门新增',103,2,'#','','F','0','system:dept:add','#','admin','2018-03-16 11:33:00','ry','2018-03-16 11:33:00',''),(1018,'部门修改',103,3,'#','','F','0','system:dept:edit','#','admin','2018-03-16 11:33:00','ry','2018-03-16 11:33:00',''),(1019,'部门删除',103,4,'#','','F','0','system:dept:remove','#','admin','2018-03-16 11:33:00','ry','2018-03-16 11:33:00',''),(1020,'岗位查询',104,1,'#','','F','0','system:post:list','#','admin','2018-03-16 11:33:00','ry','2018-03-16 11:33:00',''),(1021,'岗位新增',104,2,'#','','F','0','system:post:add','#','admin','2018-03-16 11:33:00','ry','2018-03-16 11:33:00',''),(1022,'岗位修改',104,3,'#','','F','0','system:post:edit','#','admin','2018-03-16 11:33:00','ry','2018-03-16 11:33:00',''),(1023,'岗位删除',104,4,'#','','F','0','system:post:remove','#','admin','2018-03-16 11:33:00','ry','2018-03-16 11:33:00',''),(1024,'岗位导出',104,5,'#','','F','0','system:post:export','#','admin','2018-03-16 11:33:00','ry','2018-03-16 11:33:00',''),(1025,'字典查询',105,1,'#','','F','0','system:dict:list','#','admin','2018-03-16 11:33:00','ry','2018-03-16 11:33:00',''),(1026,'字典新增',105,2,'#','','F','0','system:dict:add','#','admin','2018-03-16 11:33:00','ry','2018-03-16 11:33:00',''),(1027,'字典修改',105,3,'#','','F','0','system:dict:edit','#','admin','2018-03-16 11:33:00','ry','2018-03-16 11:33:00',''),(1028,'字典删除',105,4,'#','','F','0','system:dict:remove','#','admin','2018-03-16 11:33:00','ry','2018-03-16 11:33:00',''),(1029,'字典导出',105,5,'#','','F','0','system:dict:export','#','admin','2018-03-16 11:33:00','ry','2018-03-16 11:33:00',''),(1030,'参数查询',106,1,'#','','F','0','system:config:list','#','admin','2018-03-16 11:33:00','ry','2018-03-16 11:33:00',''),(1031,'参数新增',106,2,'#','','F','0','system:config:add','#','admin','2018-03-16 11:33:00','ry','2018-03-16 11:33:00',''),(1032,'参数修改',106,3,'#','','F','0','system:config:edit','#','admin','2018-03-16 11:33:00','ry','2018-03-16 11:33:00',''),(1033,'参数删除',106,4,'#','','F','0','system:config:remove','#','admin','2018-03-16 11:33:00','ry','2018-03-16 11:33:00',''),(1034,'参数导出',106,5,'#','','F','0','system:config:export','#','admin','2018-03-16 11:33:00','ry','2018-03-16 11:33:00',''),(1035,'公告查询',107,1,'#','','F','0','system:notice:list','#','admin','2018-03-16 11:33:00','ry','2018-03-16 11:33:00',''),(1036,'公告新增',107,2,'#','','F','0','system:notice:add','#','admin','2018-03-16 11:33:00','ry','2018-03-16 11:33:00',''),(1037,'公告修改',107,3,'#','','F','0','system:notice:edit','#','admin','2018-03-16 11:33:00','ry','2018-03-16 11:33:00',''),(1038,'公告删除',107,4,'#','','F','0','system:notice:remove','#','admin','2018-03-16 11:33:00','ry','2018-03-16 11:33:00',''),(1039,'操作查询',500,1,'#','','F','0','monitor:operlog:list','#','admin','2018-03-16 11:33:00','ry','2018-03-16 11:33:00',''),(1040,'操作删除',500,2,'#','','F','0','monitor:operlog:remove','#','admin','2018-03-16 11:33:00','ry','2018-03-16 11:33:00',''),(1041,'详细信息',500,3,'#','','F','0','monitor:operlog:detail','#','admin','2018-03-16 11:33:00','ry','2018-03-16 11:33:00',''),(1042,'日志导出',500,4,'#','','F','0','monitor:operlog:export','#','admin','2018-03-16 11:33:00','ry','2018-03-16 11:33:00',''),(1043,'登录查询',501,1,'#','','F','0','monitor:logininfor:list','#','admin','2018-03-16 11:33:00','ry','2018-03-16 11:33:00',''),(1044,'登录删除',501,2,'#','','F','0','monitor:logininfor:remove','#','admin','2018-03-16 11:33:00','ry','2018-03-16 11:33:00',''),(1045,'日志导出',501,3,'#','','F','0','monitor:logininfor:export','#','admin','2018-03-16 11:33:00','ry','2018-03-16 11:33:00',''),(1046,'在线查询',109,1,'#','','F','0','monitor:online:list','#','admin','2018-03-16 11:33:00','ry','2018-03-16 11:33:00',''),(1047,'批量强退',109,2,'#','','F','0','monitor:online:batchForceLogout','#','admin','2018-03-16 11:33:00','ry','2018-03-16 11:33:00',''),(1048,'单条强退',109,3,'#','','F','0','monitor:online:forceLogout','#','admin','2018-03-16 11:33:00','ry','2018-03-16 11:33:00',''),(1049,'任务查询',110,1,'#','','F','0','monitor:job:list','#','admin','2018-03-16 11:33:00','ry','2018-03-16 11:33:00',''),(1050,'任务新增',110,2,'#','','F','0','monitor:job:add','#','admin','2018-03-16 11:33:00','ry','2018-03-16 11:33:00',''),(1051,'任务修改',110,3,'#','','F','0','monitor:job:edit','#','admin','2018-03-16 11:33:00','ry','2018-03-16 11:33:00',''),(1052,'任务删除',110,4,'#','','F','0','monitor:job:remove','#','admin','2018-03-16 11:33:00','ry','2018-03-16 11:33:00',''),(1053,'状态修改',110,5,'#','','F','0','monitor:job:changeStatus','#','admin','2018-03-16 11:33:00','ry','2018-03-16 11:33:00',''),(1054,'任务详细',110,6,'#','','F','0','monitor:job:detail','#','admin','2018-03-16 11:33:00','ry','2018-03-16 11:33:00',''),(1055,'任务导出',110,7,'#','','F','0','monitor:job:export','#','admin','2018-03-16 11:33:00','ry','2018-03-16 11:33:00',''),(1056,'生成查询',114,1,'#','','F','0','tool:gen:list','#','admin','2018-03-16 11:33:00','ry','2018-03-16 11:33:00',''),(1057,'生成修改',114,2,'#','','F','0','tool:gen:edit','#','admin','2018-03-16 11:33:00','ry','2018-03-16 11:33:00',''),(1058,'生成删除',114,3,'#','','F','0','tool:gen:remove','#','admin','2018-03-16 11:33:00','ry','2018-03-16 11:33:00',''),(1059,'预览代码',114,4,'#','','F','0','tool:gen:preview','#','admin','2018-03-16 11:33:00','ry','2018-03-16 11:33:00',''),(1060,'生成代码',114,5,'#','','F','0','tool:gen:code','#','admin','2018-03-16 11:33:00','ry','2018-03-16 11:33:00',''),(1061,'商城管理',0,4,'#','menuItem','M','0','','fa fa-shopping-cart','admin','2019-08-22 10:14:45','admin','2019-10-20 03:04:22',''),(1062,'商城商品分类',1061,1,'/shop/cate','','C','0','shop:cate:view','#','admin','2018-03-01 00:00:00','ry','2018-03-01 00:00:00','商城商品分类菜单'),(1063,'商城商品分类查询',1062,1,'#','','F','0','shop:cate:list','#','admin','2018-03-01 00:00:00','ry','2018-03-01 00:00:00',''),(1064,'商城商品分类新增',1062,2,'#','','F','0','shop:cate:add','#','admin','2018-03-01 00:00:00','ry','2018-03-01 00:00:00',''),(1065,'商城商品分类修改',1062,3,'#','','F','0','shop:cate:edit','#','admin','2018-03-01 00:00:00','ry','2018-03-01 00:00:00',''),(1066,'商城商品分类删除',1062,4,'#','','F','0','shop:cate:remove','#','admin','2018-03-01 00:00:00','ry','2018-03-01 00:00:00',''),(1067,'产品品牌',1061,1,'/shop/brand','','C','0','shop:brand:view','#','admin','2018-03-01 00:00:00','ry','2018-03-01 00:00:00','产品品牌菜单'),(1068,'产品品牌查询',1067,1,'#','','F','0','shop:brand:list','#','admin','2018-03-01 00:00:00','ry','2018-03-01 00:00:00',''),(1069,'产品品牌新增',1067,2,'#','','F','0','shop:brand:add','#','admin','2018-03-01 00:00:00','ry','2018-03-01 00:00:00',''),(1070,'产品品牌修改',1067,3,'#','','F','0','shop:brand:edit','#','admin','2018-03-01 00:00:00','ry','2018-03-01 00:00:00',''),(1071,'产品品牌删除',1067,4,'#','','F','0','shop:brand:remove','#','admin','2018-03-01 00:00:00','ry','2018-03-01 00:00:00',''),(1072,'商品类型(商品模型)',1061,1,'/shop/type','','C','0','shop:type:view','#','admin','2018-03-01 00:00:00','ry','2018-03-01 00:00:00','商品类型(商品模型)菜单'),(1073,'商品类型(商品模型)查询',1072,1,'#','','F','0','shop:type:list','#','admin','2018-03-01 00:00:00','ry','2018-03-01 00:00:00',''),(1074,'商品类型(商品模型)新增',1072,2,'#','','F','0','shop:type:add','#','admin','2018-03-01 00:00:00','ry','2018-03-01 00:00:00',''),(1075,'商品类型(商品模型)修改',1072,3,'#','','F','0','shop:type:edit','#','admin','2018-03-01 00:00:00','ry','2018-03-01 00:00:00',''),(1076,'商品类型(商品模型)删除',1072,4,'#','','F','0','shop:type:remove','#','admin','2018-03-01 00:00:00','ry','2018-03-01 00:00:00',''),(1077,'商品的属性',1061,1,'/shop/attribute','','C','0','shop:attribute:view','#','admin','2018-03-01 00:00:00','ry','2018-03-01 00:00:00','商品的属性(独立)菜单'),(1078,'商品的属性查询',1077,1,'#','','F','0','shop:attribute:list','#','admin','2018-03-01 00:00:00','ry','2018-03-01 00:00:00',''),(1079,'商品的属性新增',1077,2,'#','','F','0','shop:attribute:add','#','admin','2018-03-01 00:00:00','ry','2018-03-01 00:00:00',''),(1080,'商品的属性修改',1077,3,'#','','F','0','shop:attribute:edit','#','admin','2018-03-01 00:00:00','ry','2018-03-01 00:00:00',''),(1081,'商品的属性删除',1077,4,'#','','F','0','shop:attribute:remove','#','admin','2018-03-01 00:00:00','ry','2018-03-01 00:00:00',''),(1082,'商品规格',1061,1,'/shop/spec','','C','0','shop:spec:view','#','admin','2018-03-01 00:00:00','ry','2018-03-01 00:00:00','商品规格(独立)菜单'),(1083,'商品规格查询',1082,1,'#','','F','0','shop:spec:list','#','admin','2018-03-01 00:00:00','ry','2018-03-01 00:00:00',''),(1084,'商品规格新增',1082,2,'#','','F','0','shop:spec:add','#','admin','2018-03-01 00:00:00','ry','2018-03-01 00:00:00',''),(1085,'商品规格修改',1082,3,'#','','F','0','shop:spec:edit','#','admin','2018-03-01 00:00:00','ry','2018-03-01 00:00:00',''),(1086,'商品规格删除',1082,4,'#','','F','0','shop:spec:remove','#','admin','2018-03-01 00:00:00','ry','2018-03-01 00:00:00',''),(1087,'商品管理',1061,1,'/shop/goods','','C','0','shop:goods:view','#','admin','2018-03-01 00:00:00','ry','2018-03-01 00:00:00','商品主菜单'),(1088,'商品查询',1087,1,'#','','F','0','shop:goods:list','#','admin','2018-03-01 00:00:00','ry','2018-03-01 00:00:00',''),(1089,'商品新增',1087,2,'#','','F','0','shop:goods:add','#','admin','2018-03-01 00:00:00','ry','2018-03-01 00:00:00',''),(1090,'商品修改',1087,3,'#','','F','0','shop:goods:edit','#','admin','2018-03-01 00:00:00','ry','2018-03-01 00:00:00',''),(1091,'商品删除',1087,4,'#','','F','0','shop:goods:remove','#','admin','2018-03-01 00:00:00','ry','2018-03-01 00:00:00',''),(1092,'优惠券',1061,1,'/shop/coupon','','C','0','shop:coupon:view','#','admin','2018-03-01 00:00:00','ry','2018-03-01 00:00:00','优惠券主菜单'),(1093,'优惠券查询',1092,1,'#','','F','0','shop:coupon:list','#','admin','2018-03-01 00:00:00','ry','2018-03-01 00:00:00',''),(1094,'优惠券新增',1092,2,'#','','F','0','shop:coupon:add','#','admin','2018-03-01 00:00:00','ry','2018-03-01 00:00:00',''),(1095,'优惠券修改',1092,3,'#','','F','0','shop:coupon:edit','#','admin','2018-03-01 00:00:00','ry','2018-03-01 00:00:00',''),(1096,'优惠券删除',1092,4,'#','','F','0','shop:coupon:remove','#','admin','2018-03-01 00:00:00','ry','2018-03-01 00:00:00',''),(1097,'订单管理',1061,1,'/shop/order','','C','0','shop:order:view','#','admin','2018-03-01 00:00:00','ry','2018-03-01 00:00:00','订单主菜单'),(1098,'订单查询',1097,1,'#','','F','0','shop:order:list','#','admin','2018-03-01 00:00:00','ry','2018-03-01 00:00:00',''),(1099,'订单新增',1097,2,'#','','F','0','shop:order:add','#','admin','2018-03-01 00:00:00','ry','2018-03-01 00:00:00',''),(1100,'订单修改',1097,3,'#','','F','0','shop:order:edit','#','admin','2018-03-01 00:00:00','ry','2018-03-01 00:00:00',''),(1101,'订单删除',1097,4,'#','','F','0','shop:order:remove','#','admin','2018-03-01 00:00:00','ry','2018-03-01 00:00:00',''),(1102,'会员信息',1061,1,'/shop/member','','C','0','shop:member:view','#','admin','2018-03-01 00:00:00','ry','2018-03-01 00:00:00','商城会员信息菜单'),(1103,'会员信息查询',1102,1,'#','','F','0','shop:member:list','#','admin','2018-03-01 00:00:00','ry','2018-03-01 00:00:00',''),(1104,'会员信息新增',1102,2,'#','','F','0','shop:member:add','#','admin','2018-03-01 00:00:00','ry','2018-03-01 00:00:00',''),(1105,'会员信息修改',1102,3,'#','','F','0','shop:member:edit','#','admin','2018-03-01 00:00:00','ry','2018-03-01 00:00:00',''),(1106,'会员信息删除',1102,4,'#','','F','0','shop:member:remove','#','admin','2018-03-01 00:00:00','ry','2018-03-01 00:00:00',''),(1107,'地区菜单',1,11,'/system/districts','','C','0','system:districts:view','#','admin','2018-03-01 00:00:00','ry','2018-03-01 00:00:00','地区菜单'),(1108,'地区查询',1107,1,'#','','F','0','system:districts:list','#','admin','2018-03-01 00:00:00','ry','2018-03-01 00:00:00',''),(1109,'地区新增',1107,2,'#','','F','0','system:districts:add','#','admin','2018-03-01 00:00:00','ry','2018-03-01 00:00:00',''),(1110,'地区修改',1107,3,'#','','F','0','system:districts:edit','#','admin','2018-03-01 00:00:00','ry','2018-03-01 00:00:00',''),(1111,'地区删除',1107,4,'#','','F','0','system:districts:remove','#','admin','2018-03-01 00:00:00','ry','2018-03-01 00:00:00',''),(1112,'文件管理',1,10,'/system/oss','','C','0','system:oss:view','#','admin','2018-11-16 13:59:45','',NULL,''),(1113,'文件上传',1056,1,'#','','F','0','system:oss:add','#','admin','2018-11-16 13:59:45','',NULL,''),(1114,'文件删除',1056,2,'#','','F','0','system:oss:remove','#','admin','2018-11-16 13:59:45','',NULL,''),(1115,'文件配置',1056,3,'#','','F','0','system:oss:config','#','admin','2018-11-16 13:59:45','',NULL,''),(1116,'文件修改',1056,4,'#','','F','0','system:oss:remove','#','admin','2018-11-16 13:59:45','',NULL,'');
/*!40000 ALTER TABLE `sys_menu` ENABLE KEYS */;
UNLOCK TABLES;

--
-- Table structure for table `sys_notice`
--

DROP TABLE IF EXISTS `sys_notice`;
/*!40101 SET @saved_cs_client     = @@character_set_client */;
/*!40101 SET character_set_client = utf8 */;
CREATE TABLE `sys_notice` (
  `notice_id` int(4) NOT NULL AUTO_INCREMENT COMMENT '公告ID',
  `notice_title` varchar(50) NOT NULL COMMENT '公告标题',
  `notice_type` char(1) NOT NULL COMMENT '公告类型（1通知 2公告）',
  `notice_content` varchar(2000) DEFAULT NULL COMMENT '公告内容',
  `status` char(1) DEFAULT '0' COMMENT '公告状态（0正常 1关闭）',
  `create_by` varchar(64) DEFAULT '' COMMENT '创建者',
  `create_time` datetime DEFAULT NULL COMMENT '创建时间',
  `update_by` varchar(64) DEFAULT '' COMMENT '更新者',
  `update_time` datetime DEFAULT NULL COMMENT '更新时间',
  `remark` varchar(255) DEFAULT NULL COMMENT '备注',
  PRIMARY KEY (`notice_id`) USING BTREE
) ENGINE=InnoDB AUTO_INCREMENT=3 DEFAULT CHARSET=utf8mb4 ROW_FORMAT=DYNAMIC COMMENT='通知公告表';
/*!40101 SET character_set_client = @saved_cs_client */;

--
-- Dumping data for table `sys_notice`
--

LOCK TABLES `sys_notice` WRITE;
/*!40000 ALTER TABLE `sys_notice` DISABLE KEYS */;
INSERT INTO `sys_notice` VALUES (1,'温馨提醒：2018-07-01 若依新版本发布啦','2','新版本内容','0','admin','2018-03-16 11:33:00','admin','2019-10-20 02:35:42','管理员');
/*!40000 ALTER TABLE `sys_notice` ENABLE KEYS */;
UNLOCK TABLES;

--
-- Table structure for table `sys_oper_log`
--

DROP TABLE IF EXISTS `sys_oper_log`;
/*!40101 SET @saved_cs_client     = @@character_set_client */;
/*!40101 SET character_set_client = utf8 */;
CREATE TABLE `sys_oper_log` (
  `oper_id` bigint(20) NOT NULL AUTO_INCREMENT COMMENT '日志主键',
  `title` varchar(50) DEFAULT '' COMMENT '模块标题',
  `business_type` int(2) DEFAULT '0' COMMENT '业务类型（0其它 1新增 2修改 3删除）',
  `method` varchar(100) DEFAULT '' COMMENT '方法名称',
  `request_method` varchar(10) DEFAULT '' COMMENT '请求方式',
  `operator_type` int(1) DEFAULT '0' COMMENT '操作类别（0其它 1后台用户 2手机端用户）',
  `oper_name` varchar(50) DEFAULT '' COMMENT '操作人员',
  `dept_name` varchar(50) DEFAULT '' COMMENT '部门名称',
  `oper_url` varchar(255) DEFAULT '' COMMENT '请求URL',
  `oper_ip` varchar(50) DEFAULT '' COMMENT '主机地址',
  `oper_location` varchar(255) DEFAULT '' COMMENT '操作地点',
  `oper_param` varchar(2000) DEFAULT '' COMMENT '请求参数',
  `json_result` varchar(2000) DEFAULT '' COMMENT '请求结果',
  `status` int(1) DEFAULT '0' COMMENT '操作状态（0正常 1异常）',
  `error_msg` varchar(2000) DEFAULT '' COMMENT '错误消息',
  `oper_time` datetime DEFAULT NULL COMMENT '操作时间',
  PRIMARY KEY (`oper_id`) USING BTREE
) ENGINE=InnoDB AUTO_INCREMENT=76 DEFAULT CHARSET=utf8mb4 ROW_FORMAT=DYNAMIC COMMENT='操作日志记录';
/*!40101 SET character_set_client = @saved_cs_client */;

--
-- Dumping data for table `sys_oper_log`
--

LOCK TABLES `sys_oper_log` WRITE;
/*!40000 ALTER TABLE `sys_oper_log` DISABLE KEYS */;
INSERT INTO `sys_oper_log` VALUES (1,'代码生成',6,'com.ruoyi.generator.controller.GenController.importTableSave()','get',1,'admin','研发部门','/tool/gen/importTable','127.0.0.1','内网IP','{\r\n  \"tables\" : [ \"store_goods_cate\" ]\r\n}','success',0,NULL,'2019-08-22 09:59:25'),(2,'代码生成',8,'com.ruoyi.generator.controller.GenController.genCode()','get',1,'admin','研发部门','/tool/gen/genCode/store_goods_cate','127.0.0.1','内网IP','{ }','success',0,NULL,'2019-08-22 10:00:12'),(3,'代码生成',8,'com.ruoyi.generator.controller.GenController.genCode()','get',1,'admin','研发部门','/tool/gen/genCode/store_goods_cate','127.0.0.1','内网IP','{ }','success',0,NULL,'2019-08-22 10:00:43'),(4,'代码生成',2,'com.ruoyi.generator.controller.GenController.editSave()','get',1,'admin','研发部门','/tool/gen/edit','127.0.0.1','内网IP','{\r\n  \"tableId\" : [ \"1\" ],\r\n  \"tableName\" : [ \"store_goods_cate\" ],\r\n  \"tableComment\" : [ \"商城商品分类\" ],\r\n  \"className\" : [ \"StoreGoodsCate\" ],\r\n  \"functionAuthor\" : [ \"hupeng\" ],\r\n  \"remark\" : [ \"\" ],\r\n  \"columns[0].columnId\" : [ \"1\" ],\r\n  \"columns[0].sort\" : [ \"1\" ],\r\n  \"columns[0].columnComment\" : [ \"null\" ],\r\n  \"columns[0].javaType\" : [ \"Long\" ],\r\n  \"columns[0].javaField\" : [ \"id\" ],\r\n  \"columns[0].isInsert\" : [ \"1\" ],\r\n  \"columns[0].queryType\" : [ \"EQ\" ],\r\n  \"columns[0].htmlType\" : [ \"input\" ],\r\n  \"columns[0].dictType\" : [ \"\" ],\r\n  \"columns[1].columnId\" : [ \"2\" ],\r\n  \"columns[1].sort\" : [ \"2\" ],\r\n  \"columns[1].columnComment\" : [ \"上级分类编号\" ],\r\n  \"columns[1].javaType\" : [ \"Long\" ],\r\n  \"columns[1].javaField\" : [ \"pid\" ],\r\n  \"columns[1].isInsert\" : [ \"1\" ],\r\n  \"columns[1].isEdit\" : [ \"1\" ],\r\n  \"columns[1].isList\" : [ \"1\" ],\r\n  \"columns[1].isQuery\" : [ \"1\" ],\r\n  \"columns[1].queryType\" : [ \"EQ\" ],\r\n  \"columns[1].htmlType\" : [ \"input\" ],\r\n  \"columns[1].dictType\" : [ \"\" ],\r\n  \"columns[2].columnId\" : [ \"3\" ],\r\n  \"columns[2].sort\" : [ \"3\" ],\r\n  \"columns[2].columnComment\" : [ \"品牌ID\" ],\r\n  \"columns[2].javaType\" : [ \"Long\" ],\r\n  \"columns[2].javaField\" : [ \"brandId\" ],\r\n  \"columns[2].isInsert\" : [ \"1\" ],\r\n  \"columns[2].isEdit\" : [ \"1\" ],\r\n  \"columns[2].isList\" : [ \"1\" ],\r\n  \"columns[2].isQuery\" : [ \"1\" ],\r\n  \"columns[2].queryType\" : [ \"EQ\" ],\r\n  \"columns[2].htmlType\" : [ \"input\" ],\r\n  \"columns[2].dictType\" : [ \"\" ],\r\n  \"columns[3].columnId\" : [ \"4\" ],\r\n  \"columns[3].sort\" : [ \"4\" ],\r\n  \"columns[3].columnComment\" : [ \"商品分类名称\" ],\r\n  \"columns[3].javaType\" : [ \"String\" ],\r\n  \"columns[3].javaField\" : [ \"cateTitle\" ],\r\n  \"columns[3].isInsert\" : [ \"1\" ],\r\n  \"columns[3].isEdit\" : [ \"1\" ],\r\n  \"columns[3].isList\" : [ \"1\" ],\r\n  \"columns[3].isQuery\" : [ \"1\" ],\r\n  \"columns[3].queryType\" : [ \"EQ\" ],\r\n  \"columns[3].htmlType\" : [ \"input\" ],\r\n  \"columns[3].dictType\" : [ \"\" ],\r\n  \"columns[4].columnId\" : [ \"5\" ],\r\n  \"columns[4].sort\" : [ \"5\" ],\r\n  \"columns[4].columnComment\" : [ \"商品分类\" ],\r\n  \"column','success',0,NULL,'2019-08-22 10:05:28'),(5,'代码生成',8,'com.ruoyi.generator.controller.GenController.genCode()','get',1,'admin','研发部门','/tool/gen/genCode/store_goods_cate','127.0.0.1','内网IP','{ }','success',0,NULL,'2019-08-22 10:05:35'),(6,'菜单管理',1,'com.ruoyi.web.controller.system.SysMenuController.addSave()','get',1,'admin','研发部门','/system/menu/add','127.0.0.1','内网IP','{\r\n  \"parentId\" : [ \"0\" ],\r\n  \"menuType\" : [ \"M\" ],\r\n  \"menuName\" : [ \"商城管理\" ],\r\n  \"url\" : [ \"\" ],\r\n  \"target\" : [ \"menuItem\" ],\r\n  \"perms\" : [ \"\" ],\r\n  \"orderNum\" : [ \"4\" ],\r\n  \"icon\" : [ \"fa fa-shopping-cart\" ],\r\n  \"visible\" : [ \"0\" ]\r\n}','success',0,NULL,'2019-08-22 10:14:45'),(7,'代码生成',2,'com.ruoyi.generator.controller.GenController.editSave()','get',1,'admin','研发部门','/tool/gen/edit','127.0.0.1','内网IP','{\r\n  \"tableId\" : [ \"1\" ],\r\n  \"tableName\" : [ \"store_goods_cate\" ],\r\n  \"tableComment\" : [ \"商城商品分类\" ],\r\n  \"className\" : [ \"StoreGoodsCate\" ],\r\n  \"functionAuthor\" : [ \"hupeng\" ],\r\n  \"remark\" : [ \"\" ],\r\n  \"columns[0].columnId\" : [ \"1\" ],\r\n  \"columns[0].sort\" : [ \"1\" ],\r\n  \"columns[0].columnComment\" : [ \"null\" ],\r\n  \"columns[0].javaType\" : [ \"Long\" ],\r\n  \"columns[0].javaField\" : [ \"id\" ],\r\n  \"columns[0].isInsert\" : [ \"1\" ],\r\n  \"columns[0].queryType\" : [ \"EQ\" ],\r\n  \"columns[0].htmlType\" : [ \"input\" ],\r\n  \"columns[0].dictType\" : [ \"\" ],\r\n  \"columns[1].columnId\" : [ \"2\" ],\r\n  \"columns[1].sort\" : [ \"2\" ],\r\n  \"columns[1].columnComment\" : [ \"上级分类编号\" ],\r\n  \"columns[1].javaType\" : [ \"Long\" ],\r\n  \"columns[1].javaField\" : [ \"pid\" ],\r\n  \"columns[1].isInsert\" : [ \"1\" ],\r\n  \"columns[1].isEdit\" : [ \"1\" ],\r\n  \"columns[1].isList\" : [ \"1\" ],\r\n  \"columns[1].isQuery\" : [ \"1\" ],\r\n  \"columns[1].queryType\" : [ \"EQ\" ],\r\n  \"columns[1].htmlType\" : [ \"input\" ],\r\n  \"columns[1].dictType\" : [ \"\" ],\r\n  \"columns[2].columnId\" : [ \"3\" ],\r\n  \"columns[2].sort\" : [ \"3\" ],\r\n  \"columns[2].columnComment\" : [ \"品牌ID\" ],\r\n  \"columns[2].javaType\" : [ \"Long\" ],\r\n  \"columns[2].javaField\" : [ \"brandId\" ],\r\n  \"columns[2].isInsert\" : [ \"1\" ],\r\n  \"columns[2].isEdit\" : [ \"1\" ],\r\n  \"columns[2].isList\" : [ \"1\" ],\r\n  \"columns[2].isQuery\" : [ \"1\" ],\r\n  \"columns[2].queryType\" : [ \"EQ\" ],\r\n  \"columns[2].htmlType\" : [ \"input\" ],\r\n  \"columns[2].dictType\" : [ \"\" ],\r\n  \"columns[3].columnId\" : [ \"4\" ],\r\n  \"columns[3].sort\" : [ \"4\" ],\r\n  \"columns[3].columnComment\" : [ \"商品分类名称\" ],\r\n  \"columns[3].javaType\" : [ \"String\" ],\r\n  \"columns[3].javaField\" : [ \"cateTitle\" ],\r\n  \"columns[3].isInsert\" : [ \"1\" ],\r\n  \"columns[3].isEdit\" : [ \"1\" ],\r\n  \"columns[3].isList\" : [ \"1\" ],\r\n  \"columns[3].isQuery\" : [ \"1\" ],\r\n  \"columns[3].queryType\" : [ \"EQ\" ],\r\n  \"columns[3].htmlType\" : [ \"input\" ],\r\n  \"columns[3].dictType\" : [ \"\" ],\r\n  \"columns[4].columnId\" : [ \"5\" ],\r\n  \"columns[4].sort\" : [ \"5\" ],\r\n  \"columns[4].columnComment\" : [ \"商品分类\" ],\r\n  \"column','success',0,NULL,'2019-08-22 10:17:16'),(8,'代码生成',2,'com.ruoyi.generator.controller.GenController.editSave()','get',1,'admin','研发部门','/tool/gen/edit','127.0.0.1','内网IP','{\r\n  \"tableId\" : [ \"1\" ],\r\n  \"tableName\" : [ \"store_goods_cate\" ],\r\n  \"tableComment\" : [ \"商城商品分类\" ],\r\n  \"className\" : [ \"StoreGoodsCate\" ],\r\n  \"functionAuthor\" : [ \"hupeng\" ],\r\n  \"remark\" : [ \"\" ],\r\n  \"columns[0].columnId\" : [ \"1\" ],\r\n  \"columns[0].sort\" : [ \"1\" ],\r\n  \"columns[0].columnComment\" : [ \"null\" ],\r\n  \"columns[0].javaType\" : [ \"Long\" ],\r\n  \"columns[0].javaField\" : [ \"id\" ],\r\n  \"columns[0].isInsert\" : [ \"1\" ],\r\n  \"columns[0].queryType\" : [ \"EQ\" ],\r\n  \"columns[0].htmlType\" : [ \"input\" ],\r\n  \"columns[0].dictType\" : [ \"\" ],\r\n  \"columns[1].columnId\" : [ \"2\" ],\r\n  \"columns[1].sort\" : [ \"2\" ],\r\n  \"columns[1].columnComment\" : [ \"上级分类编号\" ],\r\n  \"columns[1].javaType\" : [ \"Long\" ],\r\n  \"columns[1].javaField\" : [ \"pid\" ],\r\n  \"columns[1].isInsert\" : [ \"1\" ],\r\n  \"columns[1].isEdit\" : [ \"1\" ],\r\n  \"columns[1].isList\" : [ \"1\" ],\r\n  \"columns[1].isQuery\" : [ \"1\" ],\r\n  \"columns[1].queryType\" : [ \"EQ\" ],\r\n  \"columns[1].htmlType\" : [ \"input\" ],\r\n  \"columns[1].dictType\" : [ \"\" ],\r\n  \"columns[2].columnId\" : [ \"3\" ],\r\n  \"columns[2].sort\" : [ \"3\" ],\r\n  \"columns[2].columnComment\" : [ \"品牌ID\" ],\r\n  \"columns[2].javaType\" : [ \"Long\" ],\r\n  \"columns[2].javaField\" : [ \"brandId\" ],\r\n  \"columns[2].isInsert\" : [ \"1\" ],\r\n  \"columns[2].isEdit\" : [ \"1\" ],\r\n  \"columns[2].isList\" : [ \"1\" ],\r\n  \"columns[2].isQuery\" : [ \"1\" ],\r\n  \"columns[2].queryType\" : [ \"EQ\" ],\r\n  \"columns[2].htmlType\" : [ \"input\" ],\r\n  \"columns[2].dictType\" : [ \"\" ],\r\n  \"columns[3].columnId\" : [ \"4\" ],\r\n  \"columns[3].sort\" : [ \"4\" ],\r\n  \"columns[3].columnComment\" : [ \"商品分类名称\" ],\r\n  \"columns[3].javaType\" : [ \"String\" ],\r\n  \"columns[3].javaField\" : [ \"cateTitle\" ],\r\n  \"columns[3].isInsert\" : [ \"1\" ],\r\n  \"columns[3].isEdit\" : [ \"1\" ],\r\n  \"columns[3].isList\" : [ \"1\" ],\r\n  \"columns[3].isQuery\" : [ \"1\" ],\r\n  \"columns[3].queryType\" : [ \"EQ\" ],\r\n  \"columns[3].htmlType\" : [ \"input\" ],\r\n  \"columns[3].dictType\" : [ \"\" ],\r\n  \"columns[4].columnId\" : [ \"5\" ],\r\n  \"columns[4].sort\" : [ \"5\" ],\r\n  \"columns[4].columnComment\" : [ \"商品分类\" ],\r\n  \"column','success',0,NULL,'2019-08-22 10:19:09'),(9,'代码生成',8,'com.ruoyi.generator.controller.GenController.genCode()','get',1,'admin','研发部门','/tool/gen/genCode/store_goods_cate','127.0.0.1','内网IP','{ }','success',0,NULL,'2019-08-22 10:20:33'),(10,'代码生成',2,'com.ruoyi.generator.controller.GenController.editSave()','get',1,'admin',NULL,'/tool/gen/edit','127.0.0.1','内网IP','{\r\n  \"tableId\" : [ \"1\" ],\r\n  \"tableName\" : [ \"store_goods_cate\" ],\r\n  \"tableComment\" : [ \"商城商品分类\" ],\r\n  \"className\" : [ \"StoreGoodsCate\" ],\r\n  \"functionAuthor\" : [ \"hupeng\" ],\r\n  \"remark\" : [ \"\" ],\r\n  \"columns[0].columnId\" : [ \"1\" ],\r\n  \"columns[0].sort\" : [ \"1\" ],\r\n  \"columns[0].columnComment\" : [ \"null\" ],\r\n  \"columns[0].javaType\" : [ \"Long\" ],\r\n  \"columns[0].javaField\" : [ \"id\" ],\r\n  \"columns[0].isInsert\" : [ \"1\" ],\r\n  \"columns[0].queryType\" : [ \"EQ\" ],\r\n  \"columns[0].htmlType\" : [ \"input\" ],\r\n  \"columns[0].dictType\" : [ \"\" ],\r\n  \"columns[1].columnId\" : [ \"2\" ],\r\n  \"columns[1].sort\" : [ \"2\" ],\r\n  \"columns[1].columnComment\" : [ \"上级分类编号\" ],\r\n  \"columns[1].javaType\" : [ \"Long\" ],\r\n  \"columns[1].javaField\" : [ \"pid\" ],\r\n  \"columns[1].isInsert\" : [ \"1\" ],\r\n  \"columns[1].isEdit\" : [ \"1\" ],\r\n  \"columns[1].isList\" : [ \"1\" ],\r\n  \"columns[1].isQuery\" : [ \"1\" ],\r\n  \"columns[1].queryType\" : [ \"EQ\" ],\r\n  \"columns[1].htmlType\" : [ \"input\" ],\r\n  \"columns[1].dictType\" : [ \"\" ],\r\n  \"columns[2].columnId\" : [ \"3\" ],\r\n  \"columns[2].sort\" : [ \"3\" ],\r\n  \"columns[2].columnComment\" : [ \"品牌ID\" ],\r\n  \"columns[2].javaType\" : [ \"Long\" ],\r\n  \"columns[2].javaField\" : [ \"brandId\" ],\r\n  \"columns[2].isInsert\" : [ \"1\" ],\r\n  \"columns[2].isEdit\" : [ \"1\" ],\r\n  \"columns[2].isList\" : [ \"1\" ],\r\n  \"columns[2].isQuery\" : [ \"1\" ],\r\n  \"columns[2].queryType\" : [ \"EQ\" ],\r\n  \"columns[2].htmlType\" : [ \"input\" ],\r\n  \"columns[2].dictType\" : [ \"\" ],\r\n  \"columns[3].columnId\" : [ \"4\" ],\r\n  \"columns[3].sort\" : [ \"4\" ],\r\n  \"columns[3].columnComment\" : [ \"商品分类名称\" ],\r\n  \"columns[3].javaType\" : [ \"String\" ],\r\n  \"columns[3].javaField\" : [ \"cateTitle\" ],\r\n  \"columns[3].isInsert\" : [ \"1\" ],\r\n  \"columns[3].isEdit\" : [ \"1\" ],\r\n  \"columns[3].isList\" : [ \"1\" ],\r\n  \"columns[3].isQuery\" : [ \"1\" ],\r\n  \"columns[3].queryType\" : [ \"EQ\" ],\r\n  \"columns[3].htmlType\" : [ \"input\" ],\r\n  \"columns[3].dictType\" : [ \"\" ],\r\n  \"columns[4].columnId\" : [ \"5\" ],\r\n  \"columns[4].sort\" : [ \"5\" ],\r\n  \"columns[4].columnComment\" : [ \"商品分类\" ],\r\n  \"column','success',0,NULL,'2019-08-22 10:55:55'),(11,'代码生成',2,'com.ruoyi.generator.controller.GenController.editSave()','get',1,'admin',NULL,'/tool/gen/edit','127.0.0.1','内网IP','{\r\n  \"tableId\" : [ \"1\" ],\r\n  \"tableName\" : [ \"store_goods_cate\" ],\r\n  \"tableComment\" : [ \"商城商品分类\" ],\r\n  \"className\" : [ \"StoreGoodsCate\" ],\r\n  \"functionAuthor\" : [ \"hupeng\" ],\r\n  \"remark\" : [ \"\" ],\r\n  \"columns[0].columnId\" : [ \"1\" ],\r\n  \"columns[0].sort\" : [ \"1\" ],\r\n  \"columns[0].columnComment\" : [ \"null\" ],\r\n  \"columns[0].javaType\" : [ \"Long\" ],\r\n  \"columns[0].javaField\" : [ \"id\" ],\r\n  \"columns[0].isInsert\" : [ \"1\" ],\r\n  \"columns[0].queryType\" : [ \"EQ\" ],\r\n  \"columns[0].htmlType\" : [ \"input\" ],\r\n  \"columns[0].dictType\" : [ \"\" ],\r\n  \"columns[1].columnId\" : [ \"2\" ],\r\n  \"columns[1].sort\" : [ \"2\" ],\r\n  \"columns[1].columnComment\" : [ \"上级分类编号\" ],\r\n  \"columns[1].javaType\" : [ \"Long\" ],\r\n  \"columns[1].javaField\" : [ \"pid\" ],\r\n  \"columns[1].isInsert\" : [ \"1\" ],\r\n  \"columns[1].isEdit\" : [ \"1\" ],\r\n  \"columns[1].isList\" : [ \"1\" ],\r\n  \"columns[1].isQuery\" : [ \"1\" ],\r\n  \"columns[1].queryType\" : [ \"EQ\" ],\r\n  \"columns[1].htmlType\" : [ \"input\" ],\r\n  \"columns[1].dictType\" : [ \"\" ],\r\n  \"columns[2].columnId\" : [ \"3\" ],\r\n  \"columns[2].sort\" : [ \"3\" ],\r\n  \"columns[2].columnComment\" : [ \"品牌ID\" ],\r\n  \"columns[2].javaType\" : [ \"Long\" ],\r\n  \"columns[2].javaField\" : [ \"brandId\" ],\r\n  \"columns[2].queryType\" : [ \"EQ\" ],\r\n  \"columns[2].htmlType\" : [ \"input\" ],\r\n  \"columns[2].dictType\" : [ \"\" ],\r\n  \"columns[3].columnId\" : [ \"4\" ],\r\n  \"columns[3].sort\" : [ \"4\" ],\r\n  \"columns[3].columnComment\" : [ \"商品分类名称\" ],\r\n  \"columns[3].javaType\" : [ \"String\" ],\r\n  \"columns[3].javaField\" : [ \"cateTitle\" ],\r\n  \"columns[3].isInsert\" : [ \"1\" ],\r\n  \"columns[3].isEdit\" : [ \"1\" ],\r\n  \"columns[3].isList\" : [ \"1\" ],\r\n  \"columns[3].isQuery\" : [ \"1\" ],\r\n  \"columns[3].queryType\" : [ \"EQ\" ],\r\n  \"columns[3].htmlType\" : [ \"input\" ],\r\n  \"columns[3].dictType\" : [ \"\" ],\r\n  \"columns[4].columnId\" : [ \"5\" ],\r\n  \"columns[4].sort\" : [ \"5\" ],\r\n  \"columns[4].columnComment\" : [ \"商品描述\" ],\r\n  \"columns[4].javaType\" : [ \"String\" ],\r\n  \"columns[4].javaField\" : [ \"cateDesc\" ],\r\n  \"columns[4].isInsert\" : [ \"1\" ],\r\n  \"columns[4].isEdit\" : [ \"','success',0,NULL,'2019-08-22 11:03:23'),(12,'代码生成',2,'com.ruoyi.generator.controller.GenController.editSave()','get',1,'admin',NULL,'/tool/gen/edit','127.0.0.1','内网IP','{\r\n  \"tableId\" : [ \"1\" ],\r\n  \"tableName\" : [ \"store_goods_cate\" ],\r\n  \"tableComment\" : [ \"商城商品分类\" ],\r\n  \"className\" : [ \"StoreGoodsCate\" ],\r\n  \"functionAuthor\" : [ \"hupeng\" ],\r\n  \"remark\" : [ \"\" ],\r\n  \"columns[0].columnId\" : [ \"1\" ],\r\n  \"columns[0].sort\" : [ \"1\" ],\r\n  \"columns[0].columnComment\" : [ \"null\" ],\r\n  \"columns[0].javaType\" : [ \"Long\" ],\r\n  \"columns[0].javaField\" : [ \"id\" ],\r\n  \"columns[0].isInsert\" : [ \"1\" ],\r\n  \"columns[0].queryType\" : [ \"EQ\" ],\r\n  \"columns[0].htmlType\" : [ \"input\" ],\r\n  \"columns[0].dictType\" : [ \"\" ],\r\n  \"columns[1].columnId\" : [ \"2\" ],\r\n  \"columns[1].sort\" : [ \"2\" ],\r\n  \"columns[1].columnComment\" : [ \"上级分类编号\" ],\r\n  \"columns[1].javaType\" : [ \"Long\" ],\r\n  \"columns[1].javaField\" : [ \"pid\" ],\r\n  \"columns[1].isInsert\" : [ \"1\" ],\r\n  \"columns[1].isEdit\" : [ \"1\" ],\r\n  \"columns[1].isList\" : [ \"1\" ],\r\n  \"columns[1].isQuery\" : [ \"1\" ],\r\n  \"columns[1].queryType\" : [ \"EQ\" ],\r\n  \"columns[1].htmlType\" : [ \"input\" ],\r\n  \"columns[1].dictType\" : [ \"\" ],\r\n  \"columns[2].columnId\" : [ \"3\" ],\r\n  \"columns[2].sort\" : [ \"3\" ],\r\n  \"columns[2].columnComment\" : [ \"品牌ID\" ],\r\n  \"columns[2].javaType\" : [ \"Long\" ],\r\n  \"columns[2].javaField\" : [ \"brandId\" ],\r\n  \"columns[2].queryType\" : [ \"EQ\" ],\r\n  \"columns[2].htmlType\" : [ \"input\" ],\r\n  \"columns[2].dictType\" : [ \"\" ],\r\n  \"columns[3].columnId\" : [ \"4\" ],\r\n  \"columns[3].sort\" : [ \"4\" ],\r\n  \"columns[3].columnComment\" : [ \"商品分类名称\" ],\r\n  \"columns[3].javaType\" : [ \"String\" ],\r\n  \"columns[3].javaField\" : [ \"cateTitle\" ],\r\n  \"columns[3].isInsert\" : [ \"1\" ],\r\n  \"columns[3].isEdit\" : [ \"1\" ],\r\n  \"columns[3].isList\" : [ \"1\" ],\r\n  \"columns[3].isQuery\" : [ \"1\" ],\r\n  \"columns[3].queryType\" : [ \"EQ\" ],\r\n  \"columns[3].htmlType\" : [ \"input\" ],\r\n  \"columns[3].dictType\" : [ \"\" ],\r\n  \"columns[4].columnId\" : [ \"5\" ],\r\n  \"columns[4].sort\" : [ \"5\" ],\r\n  \"columns[4].columnComment\" : [ \"商品描述\" ],\r\n  \"columns[4].javaType\" : [ \"String\" ],\r\n  \"columns[4].javaField\" : [ \"cateDesc\" ],\r\n  \"columns[4].isInsert\" : [ \"1\" ],\r\n  \"columns[4].isEdit\" : [ \"','success',0,NULL,'2019-08-22 11:04:52'),(13,'代码生成',8,'com.ruoyi.generator.controller.GenController.genCode()','get',1,'admin',NULL,'/tool/gen/genCode/store_goods_cate','127.0.0.1','内网IP','{ }','success',0,NULL,'2019-08-22 11:05:41'),(14,'商城商品分类',1,'com.ruoyi.web.controller.shop.StoreGoodsCateController.addSave()','get',1,'admin','研发部门','/shop/cate/add','127.0.0.1','内网IP','{\r\n  \"pid\" : [ \"1\" ],\r\n  \"cateTitle\" : [ \"背心\" ],\r\n  \"cateDesc\" : [ \"44\" ],\r\n  \"imgUrl\" : [ \"http://127.0.0.1:8080/profile/upload/2019/08/23/2e593ef4098a5c1758c11e2539f5962b.png\" ],\r\n  \"sort\" : [ \"\" ]\r\n}','success',0,NULL,'2019-08-23 17:44:50'),(15,'代码生成',6,'com.ruoyi.generator.controller.GenController.importTableSave()','get',1,'admin','研发部门','/tool/gen/importTable','127.0.0.1','内网IP','{\r\n  \"tables\" : [ \"store_goods_brand\" ]\r\n}','success',0,NULL,'2019-08-23 18:21:25'),(16,'代码生成',2,'com.ruoyi.generator.controller.GenController.editSave()','get',1,'admin','研发部门','/tool/gen/edit','127.0.0.1','内网IP','{\r\n  \"tableId\" : [ \"2\" ],\r\n  \"tableName\" : [ \"store_goods_brand\" ],\r\n  \"tableComment\" : [ \"产品品牌\" ],\r\n  \"className\" : [ \"StoreGoodsBrand\" ],\r\n  \"functionAuthor\" : [ \"hupeng\" ],\r\n  \"remark\" : [ \"\" ],\r\n  \"columns[0].columnId\" : [ \"11\" ],\r\n  \"columns[0].sort\" : [ \"1\" ],\r\n  \"columns[0].columnComment\" : [ \"null\" ],\r\n  \"columns[0].javaType\" : [ \"Long\" ],\r\n  \"columns[0].javaField\" : [ \"id\" ],\r\n  \"columns[0].isInsert\" : [ \"1\" ],\r\n  \"columns[0].queryType\" : [ \"EQ\" ],\r\n  \"columns[0].htmlType\" : [ \"input\" ],\r\n  \"columns[0].dictType\" : [ \"\" ],\r\n  \"columns[1].columnId\" : [ \"12\" ],\r\n  \"columns[1].sort\" : [ \"2\" ],\r\n  \"columns[1].columnComment\" : [ \"品牌logo\" ],\r\n  \"columns[1].javaType\" : [ \"String\" ],\r\n  \"columns[1].javaField\" : [ \"brandLogo\" ],\r\n  \"columns[1].isInsert\" : [ \"1\" ],\r\n  \"columns[1].isEdit\" : [ \"1\" ],\r\n  \"columns[1].queryType\" : [ \"EQ\" ],\r\n  \"columns[1].htmlType\" : [ \"textarea\" ],\r\n  \"columns[1].dictType\" : [ \"\" ],\r\n  \"columns[2].columnId\" : [ \"13\" ],\r\n  \"columns[2].sort\" : [ \"3\" ],\r\n  \"columns[2].columnComment\" : [ \"品牌封面\" ],\r\n  \"columns[2].javaType\" : [ \"String\" ],\r\n  \"columns[2].javaField\" : [ \"brandCover\" ],\r\n  \"columns[2].queryType\" : [ \"EQ\" ],\r\n  \"columns[2].htmlType\" : [ \"textarea\" ],\r\n  \"columns[2].dictType\" : [ \"\" ],\r\n  \"columns[3].columnId\" : [ \"14\" ],\r\n  \"columns[3].sort\" : [ \"4\" ],\r\n  \"columns[3].columnComment\" : [ \"商品品牌名称\" ],\r\n  \"columns[3].javaType\" : [ \"String\" ],\r\n  \"columns[3].javaField\" : [ \"brandTitle\" ],\r\n  \"columns[3].isInsert\" : [ \"1\" ],\r\n  \"columns[3].isEdit\" : [ \"1\" ],\r\n  \"columns[3].isList\" : [ \"1\" ],\r\n  \"columns[3].isQuery\" : [ \"1\" ],\r\n  \"columns[3].queryType\" : [ \"EQ\" ],\r\n  \"columns[3].htmlType\" : [ \"input\" ],\r\n  \"columns[3].dictType\" : [ \"\" ],\r\n  \"columns[4].columnId\" : [ \"15\" ],\r\n  \"columns[4].sort\" : [ \"5\" ],\r\n  \"columns[4].columnComment\" : [ \"商品品牌描述\" ],\r\n  \"columns[4].javaType\" : [ \"String\" ],\r\n  \"columns[4].javaField\" : [ \"brandDesc\" ],\r\n  \"columns[4].isInsert\" : [ \"1\" ],\r\n  \"columns[4].isEdit\" : [ \"1\" ],\r\n  \"columns[4].queryType\" : [ \"EQ\" ','success',0,NULL,'2019-08-23 18:24:11'),(17,'代码生成',8,'com.ruoyi.generator.controller.GenController.genCode()','get',1,'admin','研发部门','/tool/gen/genCode/store_goods_brand','127.0.0.1','内网IP','{ }','success',0,NULL,'2019-08-23 18:24:56'),(18,'产品品牌',1,'com.ruoyi.web.controller.shop.StoreGoodsBrandController.addSave()','get',1,'admin','研发部门','/shop/brand/add','127.0.0.1','内网IP','{\r\n  \"brandLogo\" : [ \"http://127.0.0.1:8080/profile/upload/2019/08/23/079702428f13f5c9b5acb1c5cec16b9d.jpeg\" ],\r\n  \"brandTitle\" : [ \"logo\" ],\r\n  \"brandDesc\" : [ \"\" ]\r\n}','success',0,NULL,'2019-08-23 18:37:20'),(19,'代码生成',6,'com.ruoyi.generator.controller.GenController.importTableSave()','get',1,'admin','研发部门','/tool/gen/importTable','127.0.0.1','内网IP','{\r\n  \"tables\" : [ \"store_goods_type\" ]\r\n}','success',0,NULL,'2019-08-24 14:16:00'),(20,'代码生成',2,'com.ruoyi.generator.controller.GenController.editSave()','get',1,'admin','研发部门','/tool/gen/edit','127.0.0.1','内网IP','{\r\n  \"tableId\" : [ \"3\" ],\r\n  \"tableName\" : [ \"store_goods_type\" ],\r\n  \"tableComment\" : [ \"商品类型(商品模型)表\" ],\r\n  \"className\" : [ \"StoreGoodsType\" ],\r\n  \"functionAuthor\" : [ \"hupeng\" ],\r\n  \"remark\" : [ \"\" ],\r\n  \"columns[0].columnId\" : [ \"21\" ],\r\n  \"columns[0].sort\" : [ \"1\" ],\r\n  \"columns[0].columnComment\" : [ \"id自增\" ],\r\n  \"columns[0].javaType\" : [ \"Integer\" ],\r\n  \"columns[0].javaField\" : [ \"id\" ],\r\n  \"columns[0].isInsert\" : [ \"1\" ],\r\n  \"columns[0].queryType\" : [ \"EQ\" ],\r\n  \"columns[0].htmlType\" : [ \"input\" ],\r\n  \"columns[0].dictType\" : [ \"\" ],\r\n  \"columns[1].columnId\" : [ \"22\" ],\r\n  \"columns[1].sort\" : [ \"2\" ],\r\n  \"columns[1].columnComment\" : [ \"类型名称\" ],\r\n  \"columns[1].javaType\" : [ \"String\" ],\r\n  \"columns[1].javaField\" : [ \"name\" ],\r\n  \"columns[1].isInsert\" : [ \"1\" ],\r\n  \"columns[1].isEdit\" : [ \"1\" ],\r\n  \"columns[1].isList\" : [ \"1\" ],\r\n  \"columns[1].isQuery\" : [ \"1\" ],\r\n  \"columns[1].queryType\" : [ \"LIKE\" ],\r\n  \"columns[1].isRequired\" : [ \"1\" ],\r\n  \"columns[1].htmlType\" : [ \"input\" ],\r\n  \"columns[1].dictType\" : [ \"\" ],\r\n  \"tplCategory\" : [ \"crud\" ],\r\n  \"packageName\" : [ \"com.ruoyi.shop\" ],\r\n  \"moduleName\" : [ \"shop\" ],\r\n  \"businessName\" : [ \"type\" ],\r\n  \"functionName\" : [ \"商品类型(商品模型)\" ],\r\n  \"params[treeCode]\" : [ \"\" ],\r\n  \"params[treeParentCode]\" : [ \"\" ],\r\n  \"params[treeName]\" : [ \"\" ]\r\n}','success',0,NULL,'2019-08-24 14:16:23'),(21,'代码生成',8,'com.ruoyi.generator.controller.GenController.genCode()','get',1,'admin','研发部门','/tool/gen/genCode/store_goods_type','127.0.0.1','内网IP','{ }','success',0,NULL,'2019-08-24 14:16:29'),(22,'商品类型(商品模型)',1,'com.ruoyi.web.controller.shop.StoreGoodsTypeController.addSave()','get',1,'admin','研发部门','/shop/type/add','127.0.0.1','内网IP','{\r\n  \"name\" : [ \"手机\" ]\r\n}','success',0,NULL,'2019-08-24 14:39:12'),(23,'代码生成',6,'com.ruoyi.generator.controller.GenController.importTableSave()','get',1,'admin','研发部门','/tool/gen/importTable','127.0.0.1','内网IP','{\r\n  \"tables\" : [ \"store_goods_attribute\" ]\r\n}','success',0,NULL,'2019-08-24 14:44:41'),(24,'代码生成',2,'com.ruoyi.generator.controller.GenController.editSave()','get',1,'admin','研发部门','/tool/gen/edit','127.0.0.1','内网IP','{\r\n  \"tableId\" : [ \"4\" ],\r\n  \"tableName\" : [ \"store_goods_attribute\" ],\r\n  \"tableComment\" : [ \"商品的属性表(独立)\" ],\r\n  \"className\" : [ \"StoreGoodsAttribute\" ],\r\n  \"functionAuthor\" : [ \"hupeng\" ],\r\n  \"remark\" : [ \"\" ],\r\n  \"columns[0].columnId\" : [ \"23\" ],\r\n  \"columns[0].sort\" : [ \"1\" ],\r\n  \"columns[0].columnComment\" : [ \"属性id\" ],\r\n  \"columns[0].javaType\" : [ \"Long\" ],\r\n  \"columns[0].javaField\" : [ \"attrId\" ],\r\n  \"columns[0].isInsert\" : [ \"1\" ],\r\n  \"columns[0].queryType\" : [ \"EQ\" ],\r\n  \"columns[0].htmlType\" : [ \"input\" ],\r\n  \"columns[0].dictType\" : [ \"\" ],\r\n  \"columns[1].columnId\" : [ \"24\" ],\r\n  \"columns[1].sort\" : [ \"2\" ],\r\n  \"columns[1].columnComment\" : [ \"属性名称\" ],\r\n  \"columns[1].javaType\" : [ \"String\" ],\r\n  \"columns[1].javaField\" : [ \"attrName\" ],\r\n  \"columns[1].isInsert\" : [ \"1\" ],\r\n  \"columns[1].isEdit\" : [ \"1\" ],\r\n  \"columns[1].isList\" : [ \"1\" ],\r\n  \"columns[1].isQuery\" : [ \"1\" ],\r\n  \"columns[1].queryType\" : [ \"LIKE\" ],\r\n  \"columns[1].isRequired\" : [ \"1\" ],\r\n  \"columns[1].htmlType\" : [ \"input\" ],\r\n  \"columns[1].dictType\" : [ \"\" ],\r\n  \"columns[2].columnId\" : [ \"25\" ],\r\n  \"columns[2].sort\" : [ \"3\" ],\r\n  \"columns[2].columnComment\" : [ \"属性分类id(商品模型id)\" ],\r\n  \"columns[2].javaType\" : [ \"Integer\" ],\r\n  \"columns[2].javaField\" : [ \"typeId\" ],\r\n  \"columns[2].isInsert\" : [ \"1\" ],\r\n  \"columns[2].isEdit\" : [ \"1\" ],\r\n  \"columns[2].isList\" : [ \"1\" ],\r\n  \"columns[2].queryType\" : [ \"EQ\" ],\r\n  \"columns[2].isRequired\" : [ \"1\" ],\r\n  \"columns[2].htmlType\" : [ \"input\" ],\r\n  \"columns[2].dictType\" : [ \"\" ],\r\n  \"columns[3].columnId\" : [ \"26\" ],\r\n  \"columns[3].sort\" : [ \"4\" ],\r\n  \"columns[3].columnComment\" : [ \"0不需要检索 1关键字检索 2范围检索\" ],\r\n  \"columns[3].javaType\" : [ \"Integer\" ],\r\n  \"columns[3].javaField\" : [ \"attrIndex\" ],\r\n  \"columns[3].queryType\" : [ \"EQ\" ],\r\n  \"columns[3].isRequired\" : [ \"1\" ],\r\n  \"columns[3].htmlType\" : [ \"input\" ],\r\n  \"columns[3].dictType\" : [ \"\" ],\r\n  \"columns[4].columnId\" : [ \"27\" ],\r\n  \"columns[4].sort\" : [ \"5\" ],\r\n  \"columns[4].columnComment\" : [ \"0唯一属性 1单选属性 2复选属性\" ],\r\n','success',0,NULL,'2019-08-24 14:47:04'),(25,'代码生成',8,'com.ruoyi.generator.controller.GenController.genCode()','get',1,'admin','研发部门','/tool/gen/genCode/store_goods_attribute','127.0.0.1','内网IP','{ }','success',0,NULL,'2019-08-24 14:48:38'),(26,'商品的属性(独立)',1,'com.ruoyi.web.controller.shop.StoreGoodsAttributeController.addSave()','get',1,'admin','研发部门','/shop/attribute/add','127.0.0.1','内网IP','{\r\n  \"attrName\" : [ \"内存\" ],\r\n  \"typeId\" : [ \"40\" ]\r\n}','error',1,'\r\n### Error updating database.  Cause: java.sql.SQLException: Field \'attr_values\' doesn\'t have a default value\r\n### The error may involve com.ruoyi.shop.mapper.StoreGoodsAttributeMapper.insertStoreGoodsAttribute-Inline\r\n### The error occurred while setting parameters\r\n### SQL: insert into store_goods_attribute          ( attr_name,             type_id )           values ( ?,             ? )\r\n### Cause: java.sql.SQLException: Field \'attr_values\' doesn\'t have a default value\n; Field \'attr_values\' doesn\'t have a default value; nested exception is java.sql.SQLException: Field \'attr_values\' doesn\'t have a default value','2019-08-24 16:03:59'),(27,'商品的属性(独立)',1,'com.ruoyi.web.controller.shop.StoreGoodsAttributeController.addSave()','get',1,'admin','研发部门','/shop/attribute/add','127.0.0.1','内网IP','{\r\n  \"attrName\" : [ \"内存\" ],\r\n  \"typeId\" : [ \"40\" ]\r\n}','success',0,NULL,'2019-08-24 16:05:02'),(28,'代码生成',6,'com.ruoyi.generator.controller.GenController.importTableSave()','get',1,'admin','研发部门','/tool/gen/importTable','127.0.0.1','内网IP','{\r\n  \"tables\" : [ \"store_spec_item,store_spec_goods_price,store_spec\" ]\r\n}','success',0,NULL,'2019-08-25 09:40:12'),(29,'代码生成',2,'com.ruoyi.generator.controller.GenController.editSave()','get',1,'admin','研发部门','/tool/gen/edit','127.0.0.1','内网IP','{\r\n  \"tableId\" : [ \"5\" ],\r\n  \"tableName\" : [ \"store_spec\" ],\r\n  \"tableComment\" : [ \"商品规格表(独立)\" ],\r\n  \"className\" : [ \"StoreSpec\" ],\r\n  \"functionAuthor\" : [ \"hupeng\" ],\r\n  \"remark\" : [ \"\" ],\r\n  \"columns[0].columnId\" : [ \"31\" ],\r\n  \"columns[0].sort\" : [ \"1\" ],\r\n  \"columns[0].columnComment\" : [ \"规格表\" ],\r\n  \"columns[0].javaType\" : [ \"Long\" ],\r\n  \"columns[0].javaField\" : [ \"id\" ],\r\n  \"columns[0].isInsert\" : [ \"1\" ],\r\n  \"columns[0].queryType\" : [ \"EQ\" ],\r\n  \"columns[0].htmlType\" : [ \"input\" ],\r\n  \"columns[0].dictType\" : [ \"\" ],\r\n  \"columns[1].columnId\" : [ \"32\" ],\r\n  \"columns[1].sort\" : [ \"2\" ],\r\n  \"columns[1].columnComment\" : [ \"规格类型\" ],\r\n  \"columns[1].javaType\" : [ \"Long\" ],\r\n  \"columns[1].javaField\" : [ \"typeId\" ],\r\n  \"columns[1].isInsert\" : [ \"1\" ],\r\n  \"columns[1].isEdit\" : [ \"1\" ],\r\n  \"columns[1].isList\" : [ \"1\" ],\r\n  \"columns[1].queryType\" : [ \"EQ\" ],\r\n  \"columns[1].htmlType\" : [ \"select\" ],\r\n  \"columns[1].dictType\" : [ \"\" ],\r\n  \"columns[2].columnId\" : [ \"33\" ],\r\n  \"columns[2].sort\" : [ \"3\" ],\r\n  \"columns[2].columnComment\" : [ \"规格名称\" ],\r\n  \"columns[2].javaType\" : [ \"String\" ],\r\n  \"columns[2].javaField\" : [ \"name\" ],\r\n  \"columns[2].isInsert\" : [ \"1\" ],\r\n  \"columns[2].isEdit\" : [ \"1\" ],\r\n  \"columns[2].isList\" : [ \"1\" ],\r\n  \"columns[2].isQuery\" : [ \"1\" ],\r\n  \"columns[2].queryType\" : [ \"LIKE\" ],\r\n  \"columns[2].htmlType\" : [ \"input\" ],\r\n  \"columns[2].dictType\" : [ \"\" ],\r\n  \"columns[3].columnId\" : [ \"34\" ],\r\n  \"columns[3].sort\" : [ \"4\" ],\r\n  \"columns[3].columnComment\" : [ \"排序\" ],\r\n  \"columns[3].javaType\" : [ \"Long\" ],\r\n  \"columns[3].javaField\" : [ \"sort\" ],\r\n  \"columns[3].queryType\" : [ \"EQ\" ],\r\n  \"columns[3].htmlType\" : [ \"input\" ],\r\n  \"columns[3].dictType\" : [ \"\" ],\r\n  \"columns[4].columnId\" : [ \"35\" ],\r\n  \"columns[4].sort\" : [ \"5\" ],\r\n  \"columns[4].columnComment\" : [ \"是否需要检索：1是，0否\" ],\r\n  \"columns[4].javaType\" : [ \"Integer\" ],\r\n  \"columns[4].javaField\" : [ \"searchIndex\" ],\r\n  \"columns[4].queryType\" : [ \"EQ\" ],\r\n  \"columns[4].htmlType\" : [ \"input\" ],\r\n  \"columns[4].dictTy','success',0,NULL,'2019-08-25 09:45:36'),(30,'代码生成',8,'com.ruoyi.generator.controller.GenController.genCode()','get',1,'admin','研发部门','/tool/gen/genCode/store_spec','127.0.0.1','内网IP','{ }','success',0,NULL,'2019-08-25 09:45:42'),(31,'代码生成',8,'com.ruoyi.generator.controller.GenController.genCode()','get',1,'admin','研发部门','/tool/gen/genCode/store_spec_item','127.0.0.1','内网IP','{ }','success',0,NULL,'2019-08-25 10:07:15'),(32,'商品规格(独立)',1,'com.ruoyi.web.controller.shop.StoreSpecController.addSave()','get',1,'admin','研发部门','/shop/spec/add','127.0.0.1','内网IP','{\r\n  \"typeId\" : [ \"40\" ],\r\n  \"name\" : [ \"内存\" ],\r\n  \"specItem\" : [ \"1G\\r\\n4G\\r\\n8G\" ]\r\n}','success',0,NULL,'2019-08-25 11:01:53'),(33,'商品规格(独立)',2,'com.ruoyi.web.controller.shop.StoreSpecController.editSave()','get',1,'admin','研发部门','/shop/spec/edit','127.0.0.1','内网IP','{\r\n  \"id\" : [ \"5\" ],\r\n  \"typeId\" : [ \"40\" ],\r\n  \"name\" : [ \"内存\" ],\r\n  \"specItem\" : [ \"1G\\r\\n4G\\r\\n8G\\r\\n12G\" ]\r\n}','success',0,NULL,'2019-08-25 12:09:26'),(34,'代码生成',6,'com.ruoyi.generator.controller.GenController.importTableSave()','get',1,'admin','研发部门','/tool/gen/importTable','127.0.0.1','内网IP','{\r\n  \"tables\" : [ \"store_goods\" ]\r\n}','success',0,NULL,'2019-08-25 14:00:15'),(35,'代码生成',2,'com.ruoyi.generator.controller.GenController.editSave()','get',1,'admin','研发部门','/tool/gen/edit','127.0.0.1','内网IP','{\r\n  \"tableId\" : [ \"8\" ],\r\n  \"tableName\" : [ \"store_goods\" ],\r\n  \"tableComment\" : [ \"商品主表\" ],\r\n  \"className\" : [ \"StoreGoods\" ],\r\n  \"functionAuthor\" : [ \"hupeng\" ],\r\n  \"remark\" : [ \"\" ],\r\n  \"columns[0].columnId\" : [ \"51\" ],\r\n  \"columns[0].sort\" : [ \"1\" ],\r\n  \"columns[0].columnComment\" : [ \"商品id\" ],\r\n  \"columns[0].javaType\" : [ \"Integer\" ],\r\n  \"columns[0].javaField\" : [ \"goodsId\" ],\r\n  \"columns[0].isInsert\" : [ \"1\" ],\r\n  \"columns[0].queryType\" : [ \"EQ\" ],\r\n  \"columns[0].htmlType\" : [ \"input\" ],\r\n  \"columns[0].dictType\" : [ \"\" ],\r\n  \"columns[1].columnId\" : [ \"52\" ],\r\n  \"columns[1].sort\" : [ \"2\" ],\r\n  \"columns[1].columnComment\" : [ \"分类id\" ],\r\n  \"columns[1].javaType\" : [ \"Long\" ],\r\n  \"columns[1].javaField\" : [ \"cateId\" ],\r\n  \"columns[1].isInsert\" : [ \"1\" ],\r\n  \"columns[1].isEdit\" : [ \"1\" ],\r\n  \"columns[1].isList\" : [ \"1\" ],\r\n  \"columns[1].queryType\" : [ \"EQ\" ],\r\n  \"columns[1].isRequired\" : [ \"1\" ],\r\n  \"columns[1].htmlType\" : [ \"select\" ],\r\n  \"columns[1].dictType\" : [ \"\" ],\r\n  \"columns[2].columnId\" : [ \"53\" ],\r\n  \"columns[2].sort\" : [ \"3\" ],\r\n  \"columns[2].columnComment\" : [ \"扩展分类id\" ],\r\n  \"columns[2].javaType\" : [ \"Long\" ],\r\n  \"columns[2].javaField\" : [ \"extendCatId\" ],\r\n  \"columns[2].queryType\" : [ \"EQ\" ],\r\n  \"columns[2].htmlType\" : [ \"input\" ],\r\n  \"columns[2].dictType\" : [ \"\" ],\r\n  \"columns[3].columnId\" : [ \"54\" ],\r\n  \"columns[3].sort\" : [ \"4\" ],\r\n  \"columns[3].columnComment\" : [ \"商品编号\" ],\r\n  \"columns[3].javaType\" : [ \"String\" ],\r\n  \"columns[3].javaField\" : [ \"goodsSn\" ],\r\n  \"columns[3].isInsert\" : [ \"1\" ],\r\n  \"columns[3].isEdit\" : [ \"1\" ],\r\n  \"columns[3].isList\" : [ \"1\" ],\r\n  \"columns[3].isQuery\" : [ \"1\" ],\r\n  \"columns[3].queryType\" : [ \"EQ\" ],\r\n  \"columns[3].isRequired\" : [ \"1\" ],\r\n  \"columns[3].htmlType\" : [ \"input\" ],\r\n  \"columns[3].dictType\" : [ \"\" ],\r\n  \"columns[4].columnId\" : [ \"55\" ],\r\n  \"columns[4].sort\" : [ \"5\" ],\r\n  \"columns[4].columnComment\" : [ \"商品名称\" ],\r\n  \"columns[4].javaType\" : [ \"String\" ],\r\n  \"columns[4].javaField\" : [ \"goodsName\" ],\r\n  \"columns[4].i','success',0,NULL,'2019-08-25 14:14:00'),(36,'代码生成',8,'com.ruoyi.generator.controller.GenController.genCode()','get',1,'admin','研发部门','/tool/gen/genCode/store_goods','127.0.0.1','内网IP','{ }','success',0,NULL,'2019-08-25 14:14:06'),(37,'代码生成',8,'com.ruoyi.generator.controller.GenController.batchGenCode()','get',1,'admin','研发部门','/tool/gen/batchGenCode','127.0.0.1','内网IP','{\r\n  \"tables\" : [ \"store_spec_goods_price,store_spec_item\" ]\r\n}','success',0,NULL,'2019-08-26 13:32:47'),(38,'代码生成',6,'com.ruoyi.generator.controller.GenController.importTableSave()','get',1,'admin','研发部门','/tool/gen/importTable','127.0.0.1','内网IP','{\r\n  \"tables\" : [ \"store_goods_attr\" ]\r\n}','success',0,NULL,'2019-08-26 13:38:55'),(39,'代码生成',8,'com.ruoyi.generator.controller.GenController.genCode()','get',1,'admin','研发部门','/tool/gen/genCode/store_goods_attr','127.0.0.1','内网IP','{ }','success',0,NULL,'2019-08-26 13:39:30'),(40,'商品主',1,'com.ruoyi.web.controller.shop.StoreGoodsController.addSave()','get',1,'admin','研发部门','/shop/goods/add','127.0.0.1','内网IP','{\r\n  \"cateId\" : [ \"11\" ],\r\n  \"brandId\" : [ \"1\" ],\r\n  \"goodsSn\" : [ \"#1008611\" ],\r\n  \"goodsName\" : [ \"测试商品规格\" ],\r\n  \"goodsLogo\" : [ \"\" ],\r\n  \"marketPrice\" : [ \"100\" ],\r\n  \"shopPrice\" : [ \"20\" ],\r\n  \"keywords\" : [ \"复印\" ],\r\n  \"goodsRemark\" : [ \"描述\" ],\r\n  \"goodsContent\" : [ \"\" ],\r\n  \"sort\" : [ \"1\" ]\r\n}','success',0,NULL,'2019-08-28 17:11:19'),(41,'角色管理',2,'com.ruoyi.web.controller.system.SysRoleController.authDataScopeSave()','get',1,'admin','研发部门','/system/role/authDataScope','127.0.0.1','内网IP','{\r\n  \"roleId\" : [ \"2\" ],\r\n  \"roleName\" : [ \"普通角色\" ],\r\n  \"roleKey\" : [ \"common\" ],\r\n  \"dataScope\" : [ \"2\" ],\r\n  \"deptIds\" : [ \"100,101,105\" ]\r\n}','success',0,NULL,'2019-08-28 18:28:27'),(42,'角色管理',2,'com.ruoyi.web.controller.system.SysRoleController.authDataScopeSave()','get',1,'admin','研发部门','/system/role/authDataScope','127.0.0.1','内网IP','{\r\n  \"roleId\" : [ \"2\" ],\r\n  \"roleName\" : [ \"普通角色\" ],\r\n  \"roleKey\" : [ \"common\" ],\r\n  \"dataScope\" : [ \"2\" ],\r\n  \"deptIds\" : [ \"100,101,103,104,105,102,108,109\" ]\r\n}','success',0,NULL,'2019-08-28 18:29:39'),(43,'代码生成',6,'com.ruoyi.generator.controller.GenController.importTableSave()','get',1,'admin','研发部门','/tool/gen/importTable','127.0.0.1','内网IP','{\r\n  \"tables\" : [ \"store_coupon_list,store_coupon\" ]\r\n}','success',0,NULL,'2019-08-29 19:16:19'),(44,'代码生成',2,'com.ruoyi.generator.controller.GenController.editSave()','get',1,'admin','研发部门','/tool/gen/edit','127.0.0.1','内网IP','{\r\n  \"tableId\" : [ \"10\" ],\r\n  \"tableName\" : [ \"store_coupon\" ],\r\n  \"tableComment\" : [ \"优惠券主表\" ],\r\n  \"className\" : [ \"StoreCoupon\" ],\r\n  \"functionAuthor\" : [ \"hupeng\" ],\r\n  \"remark\" : [ \"\" ],\r\n  \"columns[0].columnId\" : [ \"101\" ],\r\n  \"columns[0].sort\" : [ \"1\" ],\r\n  \"columns[0].columnComment\" : [ \"表id\" ],\r\n  \"columns[0].javaType\" : [ \"Integer\" ],\r\n  \"columns[0].javaField\" : [ \"id\" ],\r\n  \"columns[0].isInsert\" : [ \"1\" ],\r\n  \"columns[0].queryType\" : [ \"EQ\" ],\r\n  \"columns[0].htmlType\" : [ \"input\" ],\r\n  \"columns[0].dictType\" : [ \"\" ],\r\n  \"columns[1].columnId\" : [ \"102\" ],\r\n  \"columns[1].sort\" : [ \"2\" ],\r\n  \"columns[1].columnComment\" : [ \"优惠券名字\" ],\r\n  \"columns[1].javaType\" : [ \"String\" ],\r\n  \"columns[1].javaField\" : [ \"name\" ],\r\n  \"columns[1].isInsert\" : [ \"1\" ],\r\n  \"columns[1].isEdit\" : [ \"1\" ],\r\n  \"columns[1].isList\" : [ \"1\" ],\r\n  \"columns[1].isQuery\" : [ \"1\" ],\r\n  \"columns[1].queryType\" : [ \"LIKE\" ],\r\n  \"columns[1].isRequired\" : [ \"1\" ],\r\n  \"columns[1].htmlType\" : [ \"input\" ],\r\n  \"columns[1].dictType\" : [ \"\" ],\r\n  \"columns[2].columnId\" : [ \"103\" ],\r\n  \"columns[2].sort\" : [ \"3\" ],\r\n  \"columns[2].columnComment\" : [ \"发放类型 0下单赠送1 指定发放 2 免费领取 3线下发放\" ],\r\n  \"columns[2].javaType\" : [ \"Integer\" ],\r\n  \"columns[2].javaField\" : [ \"type\" ],\r\n  \"columns[2].queryType\" : [ \"EQ\" ],\r\n  \"columns[2].isRequired\" : [ \"1\" ],\r\n  \"columns[2].htmlType\" : [ \"select\" ],\r\n  \"columns[2].dictType\" : [ \"\" ],\r\n  \"columns[3].columnId\" : [ \"104\" ],\r\n  \"columns[3].sort\" : [ \"4\" ],\r\n  \"columns[3].columnComment\" : [ \"优惠券金额\" ],\r\n  \"columns[3].javaType\" : [ \"Double\" ],\r\n  \"columns[3].javaField\" : [ \"money\" ],\r\n  \"columns[3].isInsert\" : [ \"1\" ],\r\n  \"columns[3].isEdit\" : [ \"1\" ],\r\n  \"columns[3].isList\" : [ \"1\" ],\r\n  \"columns[3].queryType\" : [ \"EQ\" ],\r\n  \"columns[3].isRequired\" : [ \"1\" ],\r\n  \"columns[3].htmlType\" : [ \"input\" ],\r\n  \"columns[3].dictType\" : [ \"\" ],\r\n  \"columns[4].columnId\" : [ \"105\" ],\r\n  \"columns[4].sort\" : [ \"5\" ],\r\n  \"columns[4].columnComment\" : [ \"使用条件，满多少金额\" ],\r\n  \"columns[4].javaType\" : [ \"Doub','success',0,NULL,'2019-08-29 19:22:06'),(45,'代码生成',8,'com.ruoyi.generator.controller.GenController.batchGenCode()','get',1,'admin','研发部门','/tool/gen/batchGenCode','127.0.0.1','内网IP','{\r\n  \"tables\" : [ \"store_coupon,store_coupon_list\" ]\r\n}','success',0,NULL,'2019-08-29 19:22:15'),(46,'代码生成',6,'com.ruoyi.generator.controller.GenController.importTableSave()','get',1,'admin','研发部门','/tool/gen/importTable','127.0.0.1','内网IP','{\r\n  \"tables\" : [ \"store_order_goods_remark,store_order_goods,store_order\" ]\r\n}','success',0,NULL,'2019-08-29 19:45:10'),(47,'代码生成',2,'com.ruoyi.generator.controller.GenController.editSave()','get',1,'admin','研发部门','/tool/gen/edit','127.0.0.1','内网IP','{\r\n  \"tableId\" : [ \"12\" ],\r\n  \"tableName\" : [ \"store_order\" ],\r\n  \"tableComment\" : [ \"订单主表\" ],\r\n  \"className\" : [ \"StoreOrder\" ],\r\n  \"functionAuthor\" : [ \"hupeng\" ],\r\n  \"remark\" : [ \"\" ],\r\n  \"columns[0].columnId\" : [ \"126\" ],\r\n  \"columns[0].sort\" : [ \"1\" ],\r\n  \"columns[0].columnComment\" : [ \"订单id\" ],\r\n  \"columns[0].javaType\" : [ \"Integer\" ],\r\n  \"columns[0].javaField\" : [ \"orderId\" ],\r\n  \"columns[0].isInsert\" : [ \"1\" ],\r\n  \"columns[0].queryType\" : [ \"EQ\" ],\r\n  \"columns[0].htmlType\" : [ \"input\" ],\r\n  \"columns[0].dictType\" : [ \"\" ],\r\n  \"columns[1].columnId\" : [ \"127\" ],\r\n  \"columns[1].sort\" : [ \"2\" ],\r\n  \"columns[1].columnComment\" : [ \"订单编号\" ],\r\n  \"columns[1].javaType\" : [ \"String\" ],\r\n  \"columns[1].javaField\" : [ \"orderSn\" ],\r\n  \"columns[1].isList\" : [ \"1\" ],\r\n  \"columns[1].isQuery\" : [ \"1\" ],\r\n  \"columns[1].queryType\" : [ \"EQ\" ],\r\n  \"columns[1].isRequired\" : [ \"1\" ],\r\n  \"columns[1].htmlType\" : [ \"input\" ],\r\n  \"columns[1].dictType\" : [ \"\" ],\r\n  \"columns[2].columnId\" : [ \"128\" ],\r\n  \"columns[2].sort\" : [ \"3\" ],\r\n  \"columns[2].columnComment\" : [ \"用户id\" ],\r\n  \"columns[2].javaType\" : [ \"Integer\" ],\r\n  \"columns[2].javaField\" : [ \"userId\" ],\r\n  \"columns[2].isInsert\" : [ \"1\" ],\r\n  \"columns[2].isEdit\" : [ \"1\" ],\r\n  \"columns[2].isList\" : [ \"1\" ],\r\n  \"columns[2].queryType\" : [ \"EQ\" ],\r\n  \"columns[2].isRequired\" : [ \"1\" ],\r\n  \"columns[2].htmlType\" : [ \"input\" ],\r\n  \"columns[2].dictType\" : [ \"\" ],\r\n  \"columns[3].columnId\" : [ \"129\" ],\r\n  \"columns[3].sort\" : [ \"4\" ],\r\n  \"columns[3].columnComment\" : [ \"订单状态 0-未确认 1-已确认(已收货） 2-已评价\" ],\r\n  \"columns[3].javaType\" : [ \"Integer\" ],\r\n  \"columns[3].javaField\" : [ \"orderStatus\" ],\r\n  \"columns[3].isInsert\" : [ \"1\" ],\r\n  \"columns[3].isEdit\" : [ \"1\" ],\r\n  \"columns[3].isList\" : [ \"1\" ],\r\n  \"columns[3].isQuery\" : [ \"1\" ],\r\n  \"columns[3].queryType\" : [ \"EQ\" ],\r\n  \"columns[3].isRequired\" : [ \"1\" ],\r\n  \"columns[3].htmlType\" : [ \"radio\" ],\r\n  \"columns[3].dictType\" : [ \"\" ],\r\n  \"columns[4].columnId\" : [ \"130\" ],\r\n  \"columns[4].sort\" : [ \"5\" ],\r\n  \"col','success',0,NULL,'2019-08-29 19:53:53'),(48,'代码生成',8,'com.ruoyi.generator.controller.GenController.batchGenCode()','get',1,'admin','研发部门','/tool/gen/batchGenCode','127.0.0.1','内网IP','{\r\n  \"tables\" : [ \"store_order_goods,store_order_goods_remark,store_order\" ]\r\n}','success',0,NULL,'2019-08-29 19:54:10'),(49,'优惠券主',1,'com.ruoyi.web.controller.shop.StoreCouponController.addSave()','get',1,'admin','研发部门','/shop/coupon/add','127.0.0.1','内网IP','{\r\n  \"name\" : [ \"五一促销1\" ],\r\n  \"money\" : [ \"10.00\" ],\r\n  \"condition\" : [ \"100.00\" ],\r\n  \"createnum\" : [ \"1000\" ],\r\n  \"useStartTime\" : [ \"2019-08-21\" ],\r\n  \"useEndTime\" : [ \"2019-09-04\" ]\r\n}','success',0,NULL,'2019-08-30 10:36:43'),(50,'代码生成',6,'com.ruoyi.generator.controller.GenController.importTableSave()','get',1,'admin','研发部门','/tool/gen/importTable','127.0.0.1','内网IP','{\r\n  \"tables\" : [ \"store_member\" ]\r\n}','success',0,NULL,'2019-08-30 13:40:31'),(51,'代码生成',2,'com.ruoyi.generator.controller.GenController.editSave()','get',1,'admin','研发部门','/tool/gen/edit','127.0.0.1','内网IP','{\r\n  \"tableId\" : [ \"15\" ],\r\n  \"tableName\" : [ \"store_member\" ],\r\n  \"tableComment\" : [ \"商城会员信息\" ],\r\n  \"className\" : [ \"StoreMember\" ],\r\n  \"functionAuthor\" : [ \"hupeng\" ],\r\n  \"remark\" : [ \"\" ],\r\n  \"columns[0].columnId\" : [ \"202\" ],\r\n  \"columns[0].sort\" : [ \"1\" ],\r\n  \"columns[0].columnComment\" : [ \"null\" ],\r\n  \"columns[0].javaType\" : [ \"Long\" ],\r\n  \"columns[0].javaField\" : [ \"id\" ],\r\n  \"columns[0].isInsert\" : [ \"1\" ],\r\n  \"columns[0].queryType\" : [ \"EQ\" ],\r\n  \"columns[0].htmlType\" : [ \"input\" ],\r\n  \"columns[0].dictType\" : [ \"\" ],\r\n  \"columns[1].columnId\" : [ \"203\" ],\r\n  \"columns[1].sort\" : [ \"2\" ],\r\n  \"columns[1].columnComment\" : [ \"vip编号\" ],\r\n  \"columns[1].javaType\" : [ \"String\" ],\r\n  \"columns[1].javaField\" : [ \"vipNo\" ],\r\n  \"columns[1].queryType\" : [ \"EQ\" ],\r\n  \"columns[1].htmlType\" : [ \"input\" ],\r\n  \"columns[1].dictType\" : [ \"\" ],\r\n  \"columns[2].columnId\" : [ \"204\" ],\r\n  \"columns[2].sort\" : [ \"3\" ],\r\n  \"columns[2].columnComment\" : [ \"会员微信OPENID\" ],\r\n  \"columns[2].javaType\" : [ \"String\" ],\r\n  \"columns[2].javaField\" : [ \"openid\" ],\r\n  \"columns[2].isQuery\" : [ \"1\" ],\r\n  \"columns[2].queryType\" : [ \"EQ\" ],\r\n  \"columns[2].htmlType\" : [ \"input\" ],\r\n  \"columns[2].dictType\" : [ \"\" ],\r\n  \"columns[3].columnId\" : [ \"205\" ],\r\n  \"columns[3].sort\" : [ \"4\" ],\r\n  \"columns[3].columnComment\" : [ \"会员手机号\" ],\r\n  \"columns[3].javaType\" : [ \"String\" ],\r\n  \"columns[3].javaField\" : [ \"phone\" ],\r\n  \"columns[3].isInsert\" : [ \"1\" ],\r\n  \"columns[3].isEdit\" : [ \"1\" ],\r\n  \"columns[3].isList\" : [ \"1\" ],\r\n  \"columns[3].isQuery\" : [ \"1\" ],\r\n  \"columns[3].queryType\" : [ \"EQ\" ],\r\n  \"columns[3].htmlType\" : [ \"input\" ],\r\n  \"columns[3].dictType\" : [ \"\" ],\r\n  \"columns[4].columnId\" : [ \"206\" ],\r\n  \"columns[4].sort\" : [ \"5\" ],\r\n  \"columns[4].columnComment\" : [ \"登录密码\" ],\r\n  \"columns[4].javaType\" : [ \"String\" ],\r\n  \"columns[4].javaField\" : [ \"password\" ],\r\n  \"columns[4].queryType\" : [ \"EQ\" ],\r\n  \"columns[4].htmlType\" : [ \"input\" ],\r\n  \"columns[4].dictType\" : [ \"\" ],\r\n  \"columns[5].columnId\" : [ \"207\" ],\r\n  \"colu','success',0,NULL,'2019-08-30 13:44:56'),(52,'代码生成',8,'com.ruoyi.generator.controller.GenController.genCode()','get',1,'admin','研发部门','/tool/gen/genCode/store_member','127.0.0.1','内网IP','{ }','success',0,NULL,'2019-08-30 13:45:19'),(53,'订单主',3,'com.ruoyi.web.controller.shop.StoreOrderController.remove()','get',1,'admin','研发部门','/shop/order/remove','127.0.0.1','内网IP','{\r\n  \"ids\" : [ \"1639\" ]\r\n}','success',0,NULL,'2019-08-30 14:54:48'),(54,'订单主',2,'com.ruoyi.web.controller.shop.StoreOrderController.editSave()','get',1,'admin','研发部门','/shop/order/edit','127.0.0.1','内网IP','{\r\n  \"orderId\" : [ \"1639\" ],\r\n  \"shippingCode\" : [ \"778845475\" ],\r\n  \"shippingName\" : [ \"顺丰1\" ]\r\n}','success',0,NULL,'2019-08-30 15:47:51'),(55,'商城商品分类',3,'com.ruoyi.web.controller.shop.StoreGoodsCateController.remove()','get',1,'admin','研发部门','/shop/cate/remove/1','127.0.0.1','内网IP','{ }','success',0,NULL,'2019-09-23 15:45:39'),(56,'商城商品分类',3,'com.ruoyi.web.controller.shop.StoreGoodsCateController.remove()','get',1,'admin','研发部门','/shop/cate/remove/2','127.0.0.1','内网IP','{ }','success',0,NULL,'2019-09-23 15:46:09'),(57,'商城商品分类',3,'com.ruoyi.web.controller.shop.StoreGoodsCateController.remove()','get',1,'admin','研发部门','/shop/cate/remove/3','127.0.0.1','内网IP','{ }','success',0,'请先删除子分类','2019-09-23 15:56:43'),(58,'商城商品分类',3,'com.ruoyi.web.controller.shop.StoreGoodsCateController.remove()','get',1,'admin','研发部门','/shop/cate/remove/3','127.0.0.1','内网IP','{ }','success',0,'请先删除子分类','2019-09-23 15:56:49'),(59,'参数管理',5,'com.ruoyi.web.controller.system.SysConfigController.export()','POST',1,'admin','研发部门','/system/config/export','127.0.0.1','内网IP','{\r\n  \"configName\" : [ \"\" ],\r\n  \"configKey\" : [ \"\" ],\r\n  \"configType\" : [ \"\" ],\r\n  \"params[beginTime]\" : [ \"\" ],\r\n  \"params[endTime]\" : [ \"\" ]\r\n}','null',1,'导出Excel失败，请联系网站管理员！','2019-10-20 02:34:17'),(60,'通知公告',2,'com.ruoyi.web.controller.system.SysNoticeController.editSave()','POST',1,'admin','研发部门','/system/notice/edit','127.0.0.1','内网IP','{\r\n  \"noticeId\" : [ \"1\" ],\r\n  \"noticeTitle\" : [ \"温馨提醒：2018-07-01 若依新版本发布啦\" ],\r\n  \"noticeType\" : [ \"2\" ],\r\n  \"noticeContent\" : [ \"新版本内容\" ],\r\n  \"status\" : [ \"0\" ]\r\n}','{\r\n  \"msg\" : \"操作成功\",\r\n  \"code\" : 0\r\n}',0,NULL,'2019-10-20 02:35:42'),(61,'商品主',1,'com.ruoyi.web.controller.shop.StoreGoodsController.addSave()','POST',1,'admin','研发部门','/shop/goods/add','127.0.0.1','内网IP','{\r\n  \"cateId\" : [ \"9\" ],\r\n  \"brandId\" : [ \"1\" ],\r\n  \"goodsSn\" : [ \"09\" ],\r\n  \"goodsName\" : [ \"广告语\" ],\r\n  \"goodsLogo\" : [ \"\" ],\r\n  \"marketPrice\" : [ \"90\" ],\r\n  \"shopPrice\" : [ \"80\" ],\r\n  \"keywords\" : [ \"ok\" ],\r\n  \"goodsRemark\" : [ \"kiiu\" ],\r\n  \"goodsContent\" : [ \"\" ],\r\n  \"sort\" : [ \"2\" ]\r\n}','{\r\n  \"msg\" : \"操作成功\",\r\n  \"code\" : 0\r\n}',0,NULL,'2019-10-20 02:57:15'),(62,'商城会员信息',3,'com.ruoyi.web.controller.shop.StoreMemberController.remove()','POST',1,'admin','研发部门','/shop/member/remove','127.0.0.1','内网IP','{\r\n  \"ids\" : [ \"8\" ]\r\n}','{\r\n  \"msg\" : \"操作成功\",\r\n  \"code\" : 0\r\n}',0,NULL,'2019-10-20 02:59:15'),(63,'定时任务',2,'com.ruoyi.quartz.controller.SysJobController.changeStatus()','POST',1,'admin','研发部门','/monitor/job/changeStatus','127.0.0.1','内网IP','{\r\n  \"jobId\" : [ \"3\" ],\r\n  \"jobGroup\" : [ \"DEFAULT\" ],\r\n  \"status\" : [ \"0\" ]\r\n}','{\r\n  \"msg\" : \"操作成功\",\r\n  \"code\" : 0\r\n}',0,NULL,'2019-10-20 03:01:59'),(64,'定时任务',2,'com.ruoyi.quartz.controller.SysJobController.run()','POST',1,'admin','研发部门','/monitor/job/run','127.0.0.1','内网IP','{\r\n  \"jobId\" : [ \"3\" ],\r\n  \"jobGroup\" : [ \"DEFAULT\" ]\r\n}','{\r\n  \"msg\" : \"操作成功\",\r\n  \"code\" : 0\r\n}',0,NULL,'2019-10-20 03:02:03'),(65,'通知公告',3,'com.ruoyi.web.controller.system.SysNoticeController.remove()','POST',1,'admin','研发部门','/system/notice/remove','127.0.0.1','内网IP','{\r\n  \"ids\" : [ \"2\" ]\r\n}','{\r\n  \"msg\" : \"操作成功\",\r\n  \"code\" : 0\r\n}',0,NULL,'2019-10-20 03:02:56'),(66,'岗位管理',2,'com.ruoyi.web.controller.system.SysPostController.editSave()','POST',1,'admin','研发部门','/system/post/edit','127.0.0.1','内网IP','{\r\n  \"postId\" : [ \"4\" ],\r\n  \"postName\" : [ \"普通员工\" ],\r\n  \"postCode\" : [ \"user\" ],\r\n  \"postSort\" : [ \"4\" ],\r\n  \"status\" : [ \"1\" ],\r\n  \"remark\" : [ \"\" ]\r\n}','{\r\n  \"msg\" : \"操作成功\",\r\n  \"code\" : 0\r\n}',0,NULL,'2019-10-20 03:03:18'),(67,'菜单管理',2,'com.ruoyi.web.controller.system.SysMenuController.editSave()','POST',1,'admin','研发部门','/system/menu/edit','127.0.0.1','内网IP','{\r\n  \"menuId\" : [ \"1061\" ],\r\n  \"parentId\" : [ \"0\" ],\r\n  \"menuType\" : [ \"M\" ],\r\n  \"menuName\" : [ \"商城管理\" ],\r\n  \"url\" : [ \"#\" ],\r\n  \"target\" : [ \"menuItem\" ],\r\n  \"perms\" : [ \"\" ],\r\n  \"orderNum\" : [ \"4\" ],\r\n  \"icon\" : [ \"fa fa-shopping-cart\" ],\r\n  \"visible\" : [ \"1\" ]\r\n}','{\r\n  \"msg\" : \"操作成功\",\r\n  \"code\" : 0\r\n}',0,NULL,'2019-10-20 03:03:55'),(68,'菜单管理',2,'com.ruoyi.web.controller.system.SysMenuController.editSave()','POST',1,'admin','研发部门','/system/menu/edit','127.0.0.1','内网IP','{\r\n  \"menuId\" : [ \"1061\" ],\r\n  \"parentId\" : [ \"0\" ],\r\n  \"menuType\" : [ \"M\" ],\r\n  \"menuName\" : [ \"商城管理\" ],\r\n  \"url\" : [ \"#\" ],\r\n  \"target\" : [ \"menuItem\" ],\r\n  \"perms\" : [ \"\" ],\r\n  \"orderNum\" : [ \"4\" ],\r\n  \"icon\" : [ \"fa fa-shopping-cart\" ],\r\n  \"visible\" : [ \"0\" ]\r\n}','{\r\n  \"msg\" : \"操作成功\",\r\n  \"code\" : 0\r\n}',0,NULL,'2019-10-20 03:04:22'),(69,'角色管理',2,'com.ruoyi.web.controller.system.SysRoleController.changeStatus()','POST',1,'admin','研发部门','/system/role/changeStatus','127.0.0.1','内网IP','{\r\n  \"roleId\" : [ \"2\" ],\r\n  \"status\" : [ \"1\" ]\r\n}','{\r\n  \"msg\" : \"操作成功\",\r\n  \"code\" : 0\r\n}',0,NULL,'2019-10-20 03:04:42'),(70,'角色管理',2,'com.ruoyi.web.controller.system.SysRoleController.changeStatus()','POST',1,'admin','研发部门','/system/role/changeStatus','127.0.0.1','内网IP','{\r\n  \"roleId\" : [ \"2\" ],\r\n  \"status\" : [ \"0\" ]\r\n}','{\r\n  \"msg\" : \"操作成功\",\r\n  \"code\" : 0\r\n}',0,NULL,'2019-10-20 03:04:45'),(71,'代码生成',6,'com.ruoyi.generator.controller.GenController.importTableSave()','POST',1,'admin','研发部门','/tool/gen/importTable','127.0.0.1','内网IP','{\r\n  \"tables\" : [ \"wechat_news_media,wechat_news_image,wechat_news_article,wechat_news\" ]\r\n}','{\r\n  \"msg\" : \"操作成功\",\r\n  \"code\" : 0\r\n}',0,NULL,'2019-10-20 03:11:58'),(72,'代码生成',8,'com.ruoyi.generator.controller.GenController.genCode()','GET',1,'admin','研发部门','/tool/gen/genCode/wechat_news_media','127.0.0.1','内网IP','{ }','null',0,NULL,'2019-10-20 03:12:17'),(73,'定时任务',2,'com.ruoyi.quartz.controller.SysJobController.changeStatus()','POST',1,'admin','研发部门','/monitor/job/changeStatus','127.0.0.1','内网IP','{\r\n  \"jobId\" : [ \"3\" ],\r\n  \"jobGroup\" : [ \"DEFAULT\" ],\r\n  \"status\" : [ \"1\" ]\r\n}','{\r\n  \"msg\" : \"操作成功\",\r\n  \"code\" : 0\r\n}',0,NULL,'2019-10-20 03:18:24'),(74,'操作日志',5,'com.ruoyi.web.controller.monitor.SysOperlogController.export()','POST',1,'admin','研发部门','/monitor/operlog/export','127.0.0.1','内网IP','{\r\n  \"title\" : [ \"\" ],\r\n  \"operName\" : [ \"\" ],\r\n  \"status\" : [ \"\" ],\r\n  \"params[beginTime]\" : [ \"\" ],\r\n  \"params[endTime]\" : [ \"\" ]\r\n}','{\r\n  \"msg\" : \"d6227e35-56f1-4bc8-8318-53218abe974e_操作日志.xlsx\",\r\n  \"code\" : 0\r\n}',0,NULL,'2019-10-20 03:19:37'),(75,'个人信息',2,'com.ruoyi.web.controller.system.SysProfileController.update()','POST',1,'admin','研发部门','/system/user/profile/update','127.0.0.1','内网IP','{\r\n  \"id\" : [ \"\" ],\r\n  \"userName\" : [ \"供货商城\" ],\r\n  \"phonenumber\" : [ \"15888888888\" ],\r\n  \"email\" : [ \"ry@163.com\" ],\r\n  \"sex\" : [ \"0\" ]\r\n}','{\r\n  \"msg\" : \"操作成功\",\r\n  \"code\" : 0\r\n}',0,NULL,'2019-10-20 04:29:05');
/*!40000 ALTER TABLE `sys_oper_log` ENABLE KEYS */;
UNLOCK TABLES;

--
-- Table structure for table `sys_oss`
--

DROP TABLE IF EXISTS `sys_oss`;
/*!40101 SET @saved_cs_client     = @@character_set_client */;
/*!40101 SET character_set_client = utf8 */;
CREATE TABLE `sys_oss` (
  `id` bigint(20) NOT NULL AUTO_INCREMENT,
  `file_name` varchar(64) NOT NULL DEFAULT '' COMMENT '文件名',
  `file_suffix` varchar(10) NOT NULL DEFAULT '' COMMENT '文件后缀名',
  `url` varchar(200) NOT NULL COMMENT 'URL地址',
  `create_time` datetime DEFAULT NULL COMMENT '创建时间',
  `create_by` varchar(64) NOT NULL DEFAULT '' COMMENT '上传人',
  `service` tinyint(2) NOT NULL DEFAULT '1' COMMENT '服务商',
  PRIMARY KEY (`id`)
) ENGINE=InnoDB AUTO_INCREMENT=8 DEFAULT CHARSET=utf8 COMMENT='文件上传';
/*!40101 SET character_set_client = @saved_cs_client */;

--
-- Dumping data for table `sys_oss`
--

LOCK TABLES `sys_oss` WRITE;
/*!40000 ALTER TABLE `sys_oss` DISABLE KEYS */;
/*!40000 ALTER TABLE `sys_oss` ENABLE KEYS */;
UNLOCK TABLES;

--
-- Table structure for table `sys_post`
--

DROP TABLE IF EXISTS `sys_post`;
/*!40101 SET @saved_cs_client     = @@character_set_client */;
/*!40101 SET character_set_client = utf8 */;
CREATE TABLE `sys_post` (
  `post_id` bigint(20) NOT NULL AUTO_INCREMENT COMMENT '岗位ID',
  `post_code` varchar(64) NOT NULL COMMENT '岗位编码',
  `post_name` varchar(50) NOT NULL COMMENT '岗位名称',
  `post_sort` int(4) NOT NULL COMMENT '显示顺序',
  `status` char(1) NOT NULL COMMENT '状态（0正常 1停用）',
  `create_by` varchar(64) DEFAULT '' COMMENT '创建者',
  `create_time` datetime DEFAULT NULL COMMENT '创建时间',
  `update_by` varchar(64) DEFAULT '' COMMENT '更新者',
  `update_time` datetime DEFAULT NULL COMMENT '更新时间',
  `remark` varchar(500) DEFAULT NULL COMMENT '备注',
  PRIMARY KEY (`post_id`) USING BTREE
) ENGINE=InnoDB AUTO_INCREMENT=5 DEFAULT CHARSET=utf8mb4 ROW_FORMAT=DYNAMIC COMMENT='岗位信息表';
/*!40101 SET character_set_client = @saved_cs_client */;

--
-- Dumping data for table `sys_post`
--

LOCK TABLES `sys_post` WRITE;
/*!40000 ALTER TABLE `sys_post` DISABLE KEYS */;
INSERT INTO `sys_post` VALUES (1,'ceo','董事长',1,'0','admin','2018-03-16 11:33:00','ry','2018-03-16 11:33:00',''),(2,'se','项目经理',2,'0','admin','2018-03-16 11:33:00','ry','2018-03-16 11:33:00',''),(3,'hr','人力资源',3,'0','admin','2018-03-16 11:33:00','ry','2018-03-16 11:33:00',''),(4,'user','普通员工',4,'1','admin','2018-03-16 11:33:00','admin','2019-10-20 03:03:18','');
/*!40000 ALTER TABLE `sys_post` ENABLE KEYS */;
UNLOCK TABLES;

--
-- Table structure for table `sys_role`
--

DROP TABLE IF EXISTS `sys_role`;
/*!40101 SET @saved_cs_client     = @@character_set_client */;
/*!40101 SET character_set_client = utf8 */;
CREATE TABLE `sys_role` (
  `role_id` bigint(20) NOT NULL AUTO_INCREMENT COMMENT '角色ID',
  `role_name` varchar(30) NOT NULL COMMENT '角色名称',
  `role_key` varchar(100) NOT NULL COMMENT '角色权限字符串',
  `role_sort` int(4) NOT NULL COMMENT '显示顺序',
  `data_scope` char(1) DEFAULT '1' COMMENT '数据范围（1：全部数据权限 2：自定数据权限 3：本部门数据权限 4：本部门及以下数据权限）',
  `status` char(1) NOT NULL COMMENT '角色状态（0正常 1停用）',
  `del_flag` char(1) DEFAULT '0' COMMENT '删除标志（0代表存在 2代表删除）',
  `create_by` varchar(64) DEFAULT '' COMMENT '创建者',
  `create_time` datetime DEFAULT NULL COMMENT '创建时间',
  `update_by` varchar(64) DEFAULT '' COMMENT '更新者',
  `update_time` datetime DEFAULT NULL COMMENT '更新时间',
  `remark` varchar(500) DEFAULT NULL COMMENT '备注',
  PRIMARY KEY (`role_id`) USING BTREE
) ENGINE=InnoDB AUTO_INCREMENT=3 DEFAULT CHARSET=utf8mb4 ROW_FORMAT=DYNAMIC COMMENT='角色信息表';
/*!40101 SET character_set_client = @saved_cs_client */;

--
-- Dumping data for table `sys_role`
--

LOCK TABLES `sys_role` WRITE;
/*!40000 ALTER TABLE `sys_role` DISABLE KEYS */;
INSERT INTO `sys_role` VALUES (1,'管理员','admin',1,'1','0','0','admin','2018-03-16 11:33:00','ry','2018-03-16 11:33:00','管理员'),(2,'普通角色','common',2,'2','0','0','admin','2018-03-16 11:33:00','admin','2019-10-20 03:04:45','普通角色');
/*!40000 ALTER TABLE `sys_role` ENABLE KEYS */;
UNLOCK TABLES;

--
-- Table structure for table `sys_role_dept`
--

DROP TABLE IF EXISTS `sys_role_dept`;
/*!40101 SET @saved_cs_client     = @@character_set_client */;
/*!40101 SET character_set_client = utf8 */;
CREATE TABLE `sys_role_dept` (
  `role_id` bigint(20) NOT NULL COMMENT '角色ID',
  `dept_id` bigint(20) NOT NULL COMMENT '部门ID',
  PRIMARY KEY (`role_id`,`dept_id`) USING BTREE
) ENGINE=InnoDB DEFAULT CHARSET=utf8mb4 ROW_FORMAT=DYNAMIC COMMENT='角色和部门关联表';
/*!40101 SET character_set_client = @saved_cs_client */;

--
-- Dumping data for table `sys_role_dept`
--

LOCK TABLES `sys_role_dept` WRITE;
/*!40000 ALTER TABLE `sys_role_dept` DISABLE KEYS */;
INSERT INTO `sys_role_dept` VALUES (2,100),(2,101),(2,102),(2,103),(2,104),(2,105),(2,108),(2,109);
/*!40000 ALTER TABLE `sys_role_dept` ENABLE KEYS */;
UNLOCK TABLES;

--
-- Table structure for table `sys_role_menu`
--

DROP TABLE IF EXISTS `sys_role_menu`;
/*!40101 SET @saved_cs_client     = @@character_set_client */;
/*!40101 SET character_set_client = utf8 */;
CREATE TABLE `sys_role_menu` (
  `role_id` bigint(20) NOT NULL COMMENT '角色ID',
  `menu_id` bigint(20) NOT NULL COMMENT '菜单ID',
  PRIMARY KEY (`role_id`,`menu_id`) USING BTREE
) ENGINE=InnoDB DEFAULT CHARSET=utf8mb4 ROW_FORMAT=DYNAMIC COMMENT='角色和菜单关联表';
/*!40101 SET character_set_client = @saved_cs_client */;

--
-- Dumping data for table `sys_role_menu`
--

LOCK TABLES `sys_role_menu` WRITE;
/*!40000 ALTER TABLE `sys_role_menu` DISABLE KEYS */;
INSERT INTO `sys_role_menu` VALUES (2,1),(2,2),(2,3),(2,100),(2,101),(2,102),(2,103),(2,104),(2,105),(2,106),(2,107),(2,108),(2,109),(2,110),(2,111),(2,112),(2,113),(2,114),(2,115),(2,500),(2,501),(2,1000),(2,1001),(2,1002),(2,1003),(2,1004),(2,1005),(2,1006),(2,1007),(2,1008),(2,1009),(2,1010),(2,1011),(2,1012),(2,1013),(2,1014),(2,1015),(2,1016),(2,1017),(2,1018),(2,1019),(2,1020),(2,1021),(2,1022),(2,1023),(2,1024),(2,1025),(2,1026),(2,1027),(2,1028),(2,1029),(2,1030),(2,1031),(2,1032),(2,1033),(2,1034),(2,1035),(2,1036),(2,1037),(2,1038),(2,1039),(2,1040),(2,1041),(2,1042),(2,1043),(2,1044),(2,1045),(2,1046),(2,1047),(2,1048),(2,1049),(2,1050),(2,1051),(2,1052),(2,1053),(2,1054),(2,1055),(2,1056),(2,1057),(2,1058),(2,1059),(2,1060);
/*!40000 ALTER TABLE `sys_role_menu` ENABLE KEYS */;
UNLOCK TABLES;

--
-- Table structure for table `sys_user`
--

DROP TABLE IF EXISTS `sys_user`;
/*!40101 SET @saved_cs_client     = @@character_set_client */;
/*!40101 SET character_set_client = utf8 */;
CREATE TABLE `sys_user` (
  `user_id` bigint(20) NOT NULL AUTO_INCREMENT COMMENT '用户ID',
  `dept_id` bigint(20) DEFAULT NULL COMMENT '部门ID',
  `login_name` varchar(30) NOT NULL COMMENT '登录账号',
  `user_name` varchar(30) NOT NULL COMMENT '用户昵称',
  `user_type` varchar(2) DEFAULT '00' COMMENT '用户类型（00系统用户）',
  `email` varchar(50) DEFAULT '' COMMENT '用户邮箱',
  `phonenumber` varchar(11) DEFAULT '' COMMENT '手机号码',
  `sex` char(1) DEFAULT '0' COMMENT '用户性别（0男 1女 2未知）',
  `avatar` varchar(100) DEFAULT '' COMMENT '头像路径',
  `password` varchar(50) DEFAULT '' COMMENT '密码',
  `salt` varchar(20) DEFAULT '' COMMENT '盐加密',
  `status` char(1) DEFAULT '0' COMMENT '帐号状态（0正常 1停用）',
  `del_flag` char(1) DEFAULT '0' COMMENT '删除标志（0代表存在 2代表删除）',
  `login_ip` varchar(50) DEFAULT '' COMMENT '最后登陆IP',
  `login_date` datetime DEFAULT NULL COMMENT '最后登陆时间',
  `create_by` varchar(64) DEFAULT '' COMMENT '创建者',
  `create_time` datetime DEFAULT NULL COMMENT '创建时间',
  `update_by` varchar(64) DEFAULT '' COMMENT '更新者',
  `update_time` datetime DEFAULT NULL COMMENT '更新时间',
  `remark` varchar(500) DEFAULT NULL COMMENT '备注',
  PRIMARY KEY (`user_id`) USING BTREE
) ENGINE=InnoDB AUTO_INCREMENT=3 DEFAULT CHARSET=utf8mb4 ROW_FORMAT=DYNAMIC COMMENT='用户信息表';
/*!40101 SET character_set_client = @saved_cs_client */;

--
-- Dumping data for table `sys_user`
--

LOCK TABLES `sys_user` WRITE;
/*!40000 ALTER TABLE `sys_user` DISABLE KEYS */;
INSERT INTO `sys_user` VALUES (1,103,'admin','供货商城','00','ry@163.com','15888888888','0','','29c67a30398638269fe600f73a054934','111111','0','0','127.0.0.1','2019-10-20 23:32:34','admin','2018-03-16 11:33:00','ry','2019-10-20 23:32:29','管理员'),(2,105,'ry','若依','00','ry@qq.com','15666666666','1','','8e6d98b90472783cc73c17047ddccf36','222222','0','0','127.0.0.1','2018-03-16 11:33:00','admin','2018-03-16 11:33:00','ry','2018-03-16 11:33:00','测试员');
/*!40000 ALTER TABLE `sys_user` ENABLE KEYS */;
UNLOCK TABLES;

--
-- Table structure for table `sys_user_online`
--

DROP TABLE IF EXISTS `sys_user_online`;
/*!40101 SET @saved_cs_client     = @@character_set_client */;
/*!40101 SET character_set_client = utf8 */;
CREATE TABLE `sys_user_online` (
  `sessionId` varchar(50) NOT NULL DEFAULT '' COMMENT '用户会话id',
  `login_name` varchar(50) DEFAULT '' COMMENT '登录账号',
  `dept_name` varchar(50) DEFAULT '' COMMENT '部门名称',
  `ipaddr` varchar(50) DEFAULT '' COMMENT '登录IP地址',
  `login_location` varchar(255) DEFAULT '' COMMENT '登录地点',
  `browser` varchar(50) DEFAULT '' COMMENT '浏览器类型',
  `os` varchar(50) DEFAULT '' COMMENT '操作系统',
  `status` varchar(10) DEFAULT '' COMMENT '在线状态on_line在线off_line离线',
  `start_timestamp` datetime DEFAULT NULL COMMENT 'session创建时间',
  `last_access_time` datetime DEFAULT NULL COMMENT 'session最后访问时间',
  `expire_time` int(5) DEFAULT '0' COMMENT '超时时间，单位为分钟',
  PRIMARY KEY (`sessionId`) USING BTREE
) ENGINE=InnoDB DEFAULT CHARSET=utf8mb4 ROW_FORMAT=DYNAMIC COMMENT='在线用户记录';
/*!40101 SET character_set_client = @saved_cs_client */;

--
-- Dumping data for table `sys_user_online`
--

LOCK TABLES `sys_user_online` WRITE;
/*!40000 ALTER TABLE `sys_user_online` DISABLE KEYS */;
/*!40000 ALTER TABLE `sys_user_online` ENABLE KEYS */;
UNLOCK TABLES;

--
-- Table structure for table `sys_user_post`
--

DROP TABLE IF EXISTS `sys_user_post`;
/*!40101 SET @saved_cs_client     = @@character_set_client */;
/*!40101 SET character_set_client = utf8 */;
CREATE TABLE `sys_user_post` (
  `user_id` bigint(20) NOT NULL COMMENT '用户ID',
  `post_id` bigint(20) NOT NULL COMMENT '岗位ID',
  PRIMARY KEY (`user_id`,`post_id`) USING BTREE
) ENGINE=InnoDB DEFAULT CHARSET=utf8mb4 ROW_FORMAT=DYNAMIC COMMENT='用户与岗位关联表';
/*!40101 SET character_set_client = @saved_cs_client */;

--
-- Dumping data for table `sys_user_post`
--

LOCK TABLES `sys_user_post` WRITE;
/*!40000 ALTER TABLE `sys_user_post` DISABLE KEYS */;
INSERT INTO `sys_user_post` VALUES (1,1),(2,2);
/*!40000 ALTER TABLE `sys_user_post` ENABLE KEYS */;
UNLOCK TABLES;

--
-- Table structure for table `sys_user_role`
--

DROP TABLE IF EXISTS `sys_user_role`;
/*!40101 SET @saved_cs_client     = @@character_set_client */;
/*!40101 SET character_set_client = utf8 */;
CREATE TABLE `sys_user_role` (
  `user_id` bigint(20) NOT NULL COMMENT '用户ID',
  `role_id` bigint(20) NOT NULL COMMENT '角色ID',
  PRIMARY KEY (`user_id`,`role_id`) USING BTREE
) ENGINE=InnoDB DEFAULT CHARSET=utf8mb4 ROW_FORMAT=DYNAMIC COMMENT='用户和角色关联表';
/*!40101 SET character_set_client = @saved_cs_client */;

--
-- Dumping data for table `sys_user_role`
--

LOCK TABLES `sys_user_role` WRITE;
/*!40000 ALTER TABLE `sys_user_role` DISABLE KEYS */;
INSERT INTO `sys_user_role` VALUES (1,1),(2,2);
/*!40000 ALTER TABLE `sys_user_role` ENABLE KEYS */;
UNLOCK TABLES;

--
-- Table structure for table `wechat_fans`
--

DROP TABLE IF EXISTS `wechat_fans`;
/*!40101 SET @saved_cs_client     = @@character_set_client */;
/*!40101 SET character_set_client = utf8 */;
CREATE TABLE `wechat_fans` (
  `id` bigint(20) unsigned NOT NULL AUTO_INCREMENT,
  `appid` char(50) DEFAULT '' COMMENT '公众号Appid',
  `unionid` char(100) DEFAULT '' COMMENT 'unionid',
  `openid` char(100) DEFAULT '' COMMENT '用户的标识,对当前公众号唯一',
  `spread_openid` char(100) DEFAULT '' COMMENT '推荐人OPENID',
  `spread_at` datetime DEFAULT NULL COMMENT '推荐时间',
  `tagid_list` varchar(100) DEFAULT '' COMMENT '标签id',
  `is_black` tinyint(1) unsigned DEFAULT '0' COMMENT '是否为黑名单用户',
  `subscribe` tinyint(1) unsigned DEFAULT '0' COMMENT '用户是否关注该公众号(0:未关注, 1:已关注)',
  `nickname` varchar(200) DEFAULT '' COMMENT '用户的昵称',
  `sex` tinyint(1) unsigned DEFAULT NULL COMMENT '用户的性别,值为1时是男性,值为2时是女性,值为0时是未知',
  `country` varchar(50) DEFAULT '' COMMENT '用户所在国家',
  `province` varchar(50) DEFAULT '' COMMENT '用户所在省份',
  `city` varchar(50) DEFAULT '' COMMENT '用户所在城市',
  `language` varchar(50) DEFAULT '' COMMENT '用户的语言,简体中文为zh_CN',
  `headimgurl` varchar(500) DEFAULT '' COMMENT '用户头像',
  `subscribe_time` bigint(20) unsigned DEFAULT '0' COMMENT '用户关注时间',
  `subscribe_at` datetime DEFAULT NULL COMMENT '关注时间',
  `remark` varchar(50) DEFAULT '' COMMENT '备注',
  `expires_in` bigint(20) unsigned DEFAULT '0' COMMENT '有效时间',
  `refresh_token` varchar(200) DEFAULT '' COMMENT '刷新token',
  `access_token` varchar(200) DEFAULT '' COMMENT '访问token',
  `subscribe_scene` varchar(200) DEFAULT '' COMMENT '扫码关注场景',
  `qr_scene` varchar(100) DEFAULT '' COMMENT '二维码场景值',
  `qr_scene_str` varchar(200) DEFAULT '' COMMENT '二维码场景内容',
  `create_at` timestamp NULL DEFAULT CURRENT_TIMESTAMP COMMENT '创建时间',
  PRIMARY KEY (`id`) USING BTREE,
  KEY `index_wechat_fans_spread_openid` (`spread_openid`) USING BTREE,
  KEY `index_wechat_fans_openid` (`openid`) USING BTREE,
  KEY `index_wechat_fans_unionid` (`unionid`) USING BTREE,
  KEY `index_wechat_fans_is_back` (`is_black`) USING BTREE,
  KEY `index_wechat_fans_subscribe` (`subscribe`) USING BTREE
) ENGINE=InnoDB DEFAULT CHARSET=utf8 ROW_FORMAT=DYNAMIC COMMENT='微信粉丝';
/*!40101 SET character_set_client = @saved_cs_client */;

--
-- Dumping data for table `wechat_fans`
--

LOCK TABLES `wechat_fans` WRITE;
/*!40000 ALTER TABLE `wechat_fans` DISABLE KEYS */;
/*!40000 ALTER TABLE `wechat_fans` ENABLE KEYS */;
UNLOCK TABLES;

--
-- Table structure for table `wechat_fans_tags`
--

DROP TABLE IF EXISTS `wechat_fans_tags`;
/*!40101 SET @saved_cs_client     = @@character_set_client */;
/*!40101 SET character_set_client = utf8 */;
CREATE TABLE `wechat_fans_tags` (
  `id` bigint(20) unsigned NOT NULL AUTO_INCREMENT COMMENT '标签ID',
  `appid` char(50) DEFAULT NULL COMMENT '公众号APPID',
  `name` varchar(35) DEFAULT NULL COMMENT '标签名称',
  `count` int(11) unsigned DEFAULT NULL COMMENT '总数',
  `create_at` timestamp NULL DEFAULT CURRENT_TIMESTAMP COMMENT '创建日期',
  KEY `index_wechat_fans_tags_id` (`id`) USING BTREE,
  KEY `index_wechat_fans_tags_appid` (`appid`) USING BTREE
) ENGINE=InnoDB DEFAULT CHARSET=utf8 ROW_FORMAT=DYNAMIC COMMENT='微信会员标签';
/*!40101 SET character_set_client = @saved_cs_client */;

--
-- Dumping data for table `wechat_fans_tags`
--

LOCK TABLES `wechat_fans_tags` WRITE;
/*!40000 ALTER TABLE `wechat_fans_tags` DISABLE KEYS */;
/*!40000 ALTER TABLE `wechat_fans_tags` ENABLE KEYS */;
UNLOCK TABLES;

--
-- Table structure for table `wechat_keys`
--

DROP TABLE IF EXISTS `wechat_keys`;
/*!40101 SET @saved_cs_client     = @@character_set_client */;
/*!40101 SET character_set_client = utf8 */;
CREATE TABLE `wechat_keys` (
  `id` bigint(20) NOT NULL AUTO_INCREMENT,
  `appid` char(100) DEFAULT '' COMMENT '公众号APPID',
  `type` varchar(20) DEFAULT '' COMMENT '类型，text 文件消息，image 图片消息，news 图文消息',
  `keys` varchar(100) DEFAULT NULL COMMENT '关键字',
  `content` text COMMENT '文本内容',
  `image_url` varchar(255) DEFAULT '' COMMENT '图片链接',
  `voice_url` varchar(255) DEFAULT '' COMMENT '语音链接',
  `music_title` varchar(100) DEFAULT '' COMMENT '音乐标题',
  `music_url` varchar(255) DEFAULT '' COMMENT '音乐链接',
  `music_image` varchar(255) DEFAULT '' COMMENT '音乐缩略图链接',
  `music_desc` varchar(255) DEFAULT '' COMMENT '音乐描述',
  `video_title` varchar(100) DEFAULT '' COMMENT '视频标题',
  `video_url` varchar(255) DEFAULT '' COMMENT '视频URL',
  `video_desc` varchar(255) DEFAULT '' COMMENT '视频描述',
  `news_id` bigint(20) unsigned DEFAULT NULL COMMENT '图文ID',
  `sort` bigint(20) unsigned DEFAULT '0' COMMENT '排序字段',
  `status` tinyint(1) unsigned DEFAULT '1' COMMENT '0 禁用，1 启用',
  `create_by` bigint(20) unsigned DEFAULT NULL COMMENT '创建人',
  `create_at` timestamp NULL DEFAULT CURRENT_TIMESTAMP ON UPDATE CURRENT_TIMESTAMP COMMENT '创建时间',
  PRIMARY KEY (`id`) USING BTREE,
  KEY `index_wechat_keys_appid` (`appid`) USING BTREE
) ENGINE=InnoDB DEFAULT CHARSET=utf8 ROW_FORMAT=DYNAMIC COMMENT='微信关键字';
/*!40101 SET character_set_client = @saved_cs_client */;

--
-- Dumping data for table `wechat_keys`
--

LOCK TABLES `wechat_keys` WRITE;
/*!40000 ALTER TABLE `wechat_keys` DISABLE KEYS */;
/*!40000 ALTER TABLE `wechat_keys` ENABLE KEYS */;
UNLOCK TABLES;

--
-- Table structure for table `wechat_menu`
--

DROP TABLE IF EXISTS `wechat_menu`;
/*!40101 SET @saved_cs_client     = @@character_set_client */;
/*!40101 SET character_set_client = utf8 */;
CREATE TABLE `wechat_menu` (
  `id` bigint(20) unsigned NOT NULL AUTO_INCREMENT,
  `index` bigint(20) DEFAULT NULL,
  `pindex` bigint(20) unsigned NOT NULL DEFAULT '0' COMMENT '父id',
  `type` varchar(24) NOT NULL DEFAULT '' COMMENT '菜单类型 null主菜单 link链接 keys关键字',
  `name` varchar(256) NOT NULL DEFAULT '' COMMENT '菜单名称',
  `content` text NOT NULL COMMENT '文字内容',
  `sort` bigint(20) unsigned DEFAULT '0' COMMENT '排序',
  `status` tinyint(1) unsigned DEFAULT '1' COMMENT '状态(0禁用1启用)',
  `create_by` bigint(20) unsigned NOT NULL DEFAULT '0' COMMENT '创建人',
  `create_at` timestamp NULL DEFAULT CURRENT_TIMESTAMP COMMENT '创建时间',
  PRIMARY KEY (`id`) USING BTREE,
  KEY `index_wechat_menu_pindex` (`pindex`) USING BTREE
) ENGINE=InnoDB DEFAULT CHARSET=utf8 ROW_FORMAT=DYNAMIC COMMENT='微信菜单配置';
/*!40101 SET character_set_client = @saved_cs_client */;

--
-- Dumping data for table `wechat_menu`
--

LOCK TABLES `wechat_menu` WRITE;
/*!40000 ALTER TABLE `wechat_menu` DISABLE KEYS */;
/*!40000 ALTER TABLE `wechat_menu` ENABLE KEYS */;
UNLOCK TABLES;

--
-- Table structure for table `wechat_news`
--

DROP TABLE IF EXISTS `wechat_news`;
/*!40101 SET @saved_cs_client     = @@character_set_client */;
/*!40101 SET character_set_client = utf8 */;
CREATE TABLE `wechat_news` (
  `id` bigint(20) unsigned NOT NULL AUTO_INCREMENT,
  `media_id` varchar(100) DEFAULT '' COMMENT '永久素材MediaID',
  `local_url` varchar(300) DEFAULT '' COMMENT '永久素材显示URL',
  `article_id` varchar(60) DEFAULT '' COMMENT '关联图文ID，用，号做分割',
  `is_deleted` tinyint(1) unsigned DEFAULT '0' COMMENT '是否删除',
  `create_at` timestamp NULL DEFAULT CURRENT_TIMESTAMP COMMENT '创建时间',
  `create_by` bigint(20) DEFAULT NULL COMMENT '创建人',
  PRIMARY KEY (`id`) USING BTREE,
  KEY `index_wechat_news_artcle_id` (`article_id`) USING BTREE
) ENGINE=InnoDB AUTO_INCREMENT=4 DEFAULT CHARSET=utf8 ROW_FORMAT=DYNAMIC COMMENT='微信图文表';
/*!40101 SET character_set_client = @saved_cs_client */;

--
-- Dumping data for table `wechat_news`
--

LOCK TABLES `wechat_news` WRITE;
/*!40000 ALTER TABLE `wechat_news` DISABLE KEYS */;
INSERT INTO `wechat_news` VALUES (1,'','','1',0,'2018-07-15 13:36:33',10000),(2,'','','2',0,'2018-09-19 02:04:02',10000),(3,'','','4',1,'2018-09-20 08:29:47',10000);
/*!40000 ALTER TABLE `wechat_news` ENABLE KEYS */;
UNLOCK TABLES;

--
-- Table structure for table `wechat_news_article`
--

DROP TABLE IF EXISTS `wechat_news_article`;
/*!40101 SET @saved_cs_client     = @@character_set_client */;
/*!40101 SET character_set_client = utf8 */;
CREATE TABLE `wechat_news_article` (
  `id` bigint(20) unsigned NOT NULL AUTO_INCREMENT,
  `title` varchar(50) DEFAULT '' COMMENT '素材标题',
  `local_url` varchar(300) DEFAULT '' COMMENT '永久素材显示URL',
  `show_cover_pic` tinyint(4) unsigned DEFAULT '0' COMMENT '是否显示封面 0不显示，1 显示',
  `author` varchar(20) DEFAULT '' COMMENT '作者',
  `digest` varchar(300) DEFAULT '' COMMENT '摘要内容',
  `content` longtext COMMENT '图文内容',
  `content_source_url` varchar(200) DEFAULT '' COMMENT '图文消息原文地址',
  `create_at` timestamp NULL DEFAULT CURRENT_TIMESTAMP COMMENT '创建时间',
  `create_by` bigint(20) DEFAULT NULL COMMENT '创建人',
  PRIMARY KEY (`id`) USING BTREE
) ENGINE=InnoDB AUTO_INCREMENT=3 DEFAULT CHARSET=utf8 ROW_FORMAT=DYNAMIC COMMENT='微信素材表';
/*!40101 SET character_set_client = @saved_cs_client */;

--
-- Dumping data for table `wechat_news_article`
--

LOCK TABLES `wechat_news_article` WRITE;
/*!40000 ALTER TABLE `wechat_news_article` DISABLE KEYS */;
INSERT INTO `wechat_news_article` VALUES (1,'夏至将来凉席哦','https://admin.mijia321.com/static/upload/bcfec6027befdc6f/56297a17c45b6fef.png',0,'hupeng','规格摘要规格摘要规格摘要规格摘要规格摘要规格摘要规格摘要规格摘要','<p><img border=\"0\" src=\"https://admin.mijia321.com/static/upload/81cc8fd6910a96cd/732053d3fd6861a9.jpg\" title=\"image\" /><img border=\"0\" src=\"https://admin.mijia321.com/static/upload/70d0d9e9a1283aa7/14df0de195ef7888.jpg\" title=\"image\" /><img border=\"0\" src=\"https://admin.mijia321.com/static/upload/4dff377f971f3d71/0137663c4d74beba.jpg\" title=\"image\" /></p>','','2018-09-28 06:28:23',10000),(2,'这里是标题','https://admin.mijia321.com/static/upload/593fab60868bfd61/3e6219d4ad6fe91a.jpg',1,'作者','我是摘要','<p><img border=\"0\" src=\"https://admin.mijia321.com/static/upload/70d0d9e9a1283aa7/14df0de195ef7888.jpg\" title=\"image\" /><img border=\"0\" src=\"https://admin.mijia321.com/static/upload/4dff377f971f3d71/0137663c4d74beba.jpg\" title=\"image\" /></p>','','2018-09-28 08:40:49',10000);
/*!40000 ALTER TABLE `wechat_news_article` ENABLE KEYS */;
UNLOCK TABLES;

--
-- Table structure for table `wechat_news_image`
--

DROP TABLE IF EXISTS `wechat_news_image`;
/*!40101 SET @saved_cs_client     = @@character_set_client */;
/*!40101 SET character_set_client = utf8 */;
CREATE TABLE `wechat_news_image` (
  `id` bigint(20) unsigned NOT NULL AUTO_INCREMENT,
  `md5` varchar(32) DEFAULT '' COMMENT '文件md5',
  `local_url` varchar(300) DEFAULT '' COMMENT '本地文件链接',
  `media_url` varchar(300) DEFAULT '' COMMENT '远程图片链接',
  `create_at` timestamp NULL DEFAULT CURRENT_TIMESTAMP COMMENT '创建时间',
  PRIMARY KEY (`id`) USING BTREE,
  KEY `index_wechat_news_image_md5` (`md5`) USING BTREE
) ENGINE=InnoDB DEFAULT CHARSET=utf8 ROW_FORMAT=DYNAMIC COMMENT='微信服务器图片';
/*!40101 SET character_set_client = @saved_cs_client */;

--
-- Dumping data for table `wechat_news_image`
--

LOCK TABLES `wechat_news_image` WRITE;
/*!40000 ALTER TABLE `wechat_news_image` DISABLE KEYS */;
/*!40000 ALTER TABLE `wechat_news_image` ENABLE KEYS */;
UNLOCK TABLES;

--
-- Table structure for table `wechat_news_media`
--

DROP TABLE IF EXISTS `wechat_news_media`;
/*!40101 SET @saved_cs_client     = @@character_set_client */;
/*!40101 SET character_set_client = utf8 */;
CREATE TABLE `wechat_news_media` (
  `id` bigint(20) unsigned NOT NULL AUTO_INCREMENT,
  `appid` varchar(100) DEFAULT '' COMMENT '公众号ID',
  `md5` varchar(32) DEFAULT '' COMMENT '文件md5',
  `type` varchar(20) DEFAULT '' COMMENT '媒体类型',
  `media_id` varchar(100) DEFAULT '' COMMENT '永久素材MediaID',
  `local_url` varchar(300) DEFAULT '' COMMENT '本地文件链接',
  `media_url` varchar(300) DEFAULT '' COMMENT '远程图片链接',
  `create_at` timestamp NULL DEFAULT CURRENT_TIMESTAMP COMMENT '创建时间',
  PRIMARY KEY (`id`) USING BTREE
) ENGINE=InnoDB DEFAULT CHARSET=utf8 ROW_FORMAT=DYNAMIC COMMENT='微信素材表';
/*!40101 SET character_set_client = @saved_cs_client */;

--
-- Dumping data for table `wechat_news_media`
--

LOCK TABLES `wechat_news_media` WRITE;
/*!40000 ALTER TABLE `wechat_news_media` DISABLE KEYS */;
/*!40000 ALTER TABLE `wechat_news_media` ENABLE KEYS */;
UNLOCK TABLES;
/*!40103 SET TIME_ZONE=@OLD_TIME_ZONE */;

/*!40101 SET SQL_MODE=@OLD_SQL_MODE */;
/*!40014 SET FOREIGN_KEY_CHECKS=@OLD_FOREIGN_KEY_CHECKS */;
/*!40014 SET UNIQUE_CHECKS=@OLD_UNIQUE_CHECKS */;
/*!40101 SET CHARACTER_SET_CLIENT=@OLD_CHARACTER_SET_CLIENT */;
/*!40101 SET CHARACTER_SET_RESULTS=@OLD_CHARACTER_SET_RESULTS */;
/*!40101 SET COLLATION_CONNECTION=@OLD_COLLATION_CONNECTION */;
/*!40111 SET SQL_NOTES=@OLD_SQL_NOTES */;

-- Dump completed on 2019-10-21  0:06:27
